record_id,entity_id
17179869487,17179869487
17179869788,17179869788
17179870193,17179870193
17179870343,17179870343
17179870614,17179870614
17179870829,17179870829
17179871026,17179871026
17179871724,17179871724
17179871947,17179871947
17179872052,17179872052
17179872108,17179869649
17179872248,17179872248
17179872284,17179872284
17179872309,17179872309
17179873021,17179869723
17179873493,17179873493
17179873618,17179873618
17179873705,17179871755
17179874016,17179871252
17179874480,17179870942
17179874545,17179874545
17179874562,17179870910
17179874611,17179874611
17179874660,17179869540
17179874818,17179874818
17179875013,17179875013
17179875047,17179869231
17179875198,17179875198
17179875298,17179875298
17179875347,17179869873
17179875397,17179875397
17179876157,17179870015
17179876164,17179875982
17179876368,17179869445
17179876408,17179870015
17179876513,17179876513
17179876917,17179869726
17179877106,17179871932
17179877356,17179876377
17179877726,17179875115
17179878269,17179875782
17179878442,17179878442
17179879035,17179875137
17179879385,17179876778
17179879441,17179870715
17179879456,17179879456
17179879537,17179869383
17179880187,17179871494
17179880237,17179877028
17179880636,17179872182
17179881323,17179870105
17179881521,17179881521
17179881562,17179875720
17179881744,17179877690
17179881843,17179881843
17179881858,17179870153
17179882082,17179880356
17179882199,17179872863
17179882350,17179882350
17179882638,17179881336
17179883317,17179872252
17179883657,17179877662
17179883883,17179883883
17179884027,17179874162
17179884086,17179869224
17179884370,17179870017
17179885215,17179869675
17179885518,17179875684
17179885711,17179872869
17179885722,17179872966
17179885755,17179875163
17179886061,17179869491
17179886173,17179869204
17179886176,17179886176
17179886365,17179873062
17179886767,17179870693
17179886809,17179872366
17179887086,17179887086
17179887134,17179872181
17179887139,17179872227
17179887218,17179870114
17179887357,17179887357
17179888183,17179871591
17179888207,17179884032
17179888246,17179874172
17179888376,17179873274
17179889147,17179874609
17179889221,17179871484
17179889248,17179874565
17179889250,17179874356
17179889305,17179871986
17179889896,17179877286
17179890419,17179870652
17179890477,17179890477
17179890730,17179883348
17179890737,17179879416
17179890989,17179882556
17179891582,17179870861
17179892288,17179883146
17179892838,17179879674
17179892876,17179875261
17179892941,17179873784
17179893204,17179877639
17179893294,17179883056
17179893335,17179882473
17179893386,17179875245
17179893911,17179870967
17179894386,17179871565
17179894533,17179870578
17179894588,17179894588
17179894780,17179870574
17179894781,17179894781
17179895063,17179872359
17179896075,17179876042
17179896568,17179871172
17179896711,17179878474
17179896715,17179891078
17179897043,17179879181
17179897272,17179871917
17179897273,17179897273
17179897378,17179874585
17179897434,17179870218
17179897495,17179869710
17179897655,17179872064
17179898038,17179890158
17179898135,17179875066
17179898168,17179871895
17179898195,17179898195
17179898358,17179872325
17179898430,17179878425
17179898457,17179869629
17179899134,17179872574
17179899474,17179885818
17179899477,17179899477
17179900530,17179873970
17179901150,17179878152
17179901265,17179871237
17179901558,17179874368
17179902122,17179869593
17179902491,17179873582
17179869191,17179869191
17179869384,17179869384
17179869576,17179869576
17179869691,17179869545
17179869783,17179869783
17179869879,17179869879
17179870080,17179870080
17179870178,17179870178
17179870190,17179870190
17179870349,17179869423
17179870503,17179870503
17179870655,17179870655
17179870902,17179870902
17179871181,17179871181
17179871246,17179870255
17179871433,17179871433
17179871486,17179869317
17179871890,17179871890
17179872237,17179872237
17179872357,17179869369
17179872587,17179872587
17179872865,17179870853
17179872999,17179872999
17179873085,17179870180
17179873205,17179873205
17179873366,17179873366
17179873457,17179871491
17179873764,17179869292
17179873770,17179873770
17179874313,17179874313
17179874561,17179870925
17179875001,17179870770
17179875029,17179875029
17179875318,17179875318
17179875324,17179875324
17179875592,17179875592
17179875894,17179875894
17179875992,17179875992
17179875994,17179870531
17179876117,17179873902
17179876232,17179876232
17179876297,17179876297
17179876367,17179875289
17179876468,17179874078
17179876511,17179869832
17179876609,17179876609
17179876785,17179871605
17179876848,17179876848
17179877114,17179876662
17179877751,17179877751
17179877774,17179877774
17179877797,17179869715
17179877815,17179877815
17179878059,17179869926
17179878150,17179878150
17179878207,17179869542
17179878411,17179870092
17179878457,17179871754
17179878863,17179870289
17179878912,17179870381
17179879056,17179870034
17179879110,17179875136
17179879187,17179869584
17179879407,17179878722
17179879483,17179875799
17179879569,17179869402
17179879898,17179879898
17179879941,17179869562
17179880113,17179880113
17179880183,17179870147
17179880313,17179871977
17179880799,17179870488
17179881041,17179872807
17179881093,17179875095
17179881181,17179871724
17179881998,17179869285
17179882003,17179882003
17179882081,17179882081
17179882196,17179871710
17179882301,17179882301
17179882439,17179869434
17179882452,17179869803
17179882485,17179875852
17179882516,17179882516
17179882578,17179876685
17179882837,17179882349
17179883054,17179875973
17179883183,17179883183
17179883211,17179879625
17179883329,17179870655
17179883550,17179880088
17179883592,17179875413
17179884050,17179874239
17179884190,17179875933
17179884394,17179881287
17179885129,17179870020
17179885364,17179879099
17179885861,17179871128
17179886020,17179875443
17179886031,17179871388
17179886153,17179880930
17179886205,17179873042
17179886584,17179876672
17179886937,17179874929
17179887118,17179887118
17179887542,17179872449
17179887830,17179879450
17179888079,17179873436
17179888347,17179869649
17179888417,17179870405
17179888633,17179878342
17179888715,17179869519
17179888925,17179871846
17179888986,17179870102
17179889127,17179869386
17179889359,17179887890
17179889434,17179880227
17179889459,17179873307
17179889700,17179870694
17179889718,17179885537
17179890185,17179876029
17179890333,17179890333
17179890462,17179869850
17179890896,17179875246
17179891269,17179879290
17179891483,17179870737
17179891748,17179869935
17179891972,17179869862
17179891999,17179870839
17179892615,17179869649
17179892665,17179873498
17179893008,17179876010
17179893022,17179872550
17179893269,17179869674
17179893328,17179876625
17179893541,17179873218
17179893657,17179875592
17179893778,17179870286
17179894181,17179873421
17179894319,17179880911
17179895283,17179895283
17179895383,17179895383
17179895571,17179875768
17179895584,17179869940
17179895718,17179872040
17179895741,17179873817
17179895991,17179869569
17179896220,17179874901
17179896304,17179879980
17179896738,17179875581
17179897310,17179876577
17179897325,17179875746
17179897697,17179877631
17179897835,17179869493
17179897968,17179877533
17179898226,17179869968
17179898442,17179871051
17179898579,17179877013
17179898590,17179879764
17179898676,17179870595
17179898716,17179871559
17179898876,17179871912
17179898888,17179869803
17179899083,17179879649
17179899240,17179877660
17179899387,17179873336
17179899426,17179878995
17179899450,17179870175
17179899834,17179872886
17179899921,17179871400
17179900124,17179869998
17179900205,17179900205
17179900220,17179873588
17179900501,17179874881
17179900983,17179870068
17179901018,17179870434
17179901443,17179872062
17179901447,17179871901
17179901765,17179872043
17179902450,17179870946
17179869241,17179869241
17179869405,17179869405
17179869430,17179869430
17179869435,17179869435
17179869499,17179869499
17179869545,17179869545
17179869670,17179869670
17179869871,17179869871
17179869925,17179869925
17179870069,17179870069
17179870176,17179870176
17179870588,17179870588
17179870897,17179870897
17179870926,17179870057
17179871102,17179869486
17179871253,17179871253
17179871364,17179871364
17179871414,17179871414
17179871675,17179871675
17179871776,17179871776
17179872093,17179872093
17179872129,17179872129
17179872227,17179872227
17179872416,17179872416
17179872813,17179872813
17179872914,17179870157
17179872993,17179871483
17179873007,17179873007
17179873220,17179869300
17179873290,17179869621
17179873610,17179872726
17179873647,17179873647
17179873775,17179873775
17179873783,17179873783
17179873871,17179873392
17179873972,17179873972
17179874073,17179874073
17179874265,17179874265
17179874770,17179872515
17179874955,17179874955
17179875060,17179874340
17179875187,17179875187
17179875429,17179869476
17179875443,17179875443
17179875679,17179875679
17179876074,17179876074
17179876206,17179876206
17179876414,17179875702
17179876538,17179876538
17179877296,17179875987
17179877320,17179869675
17179877335,17179877335
17179877579,17179877579
17179877846,17179877846
17179879025,17179870091
17179879340,17179871966
17179879490,17179878619
17179879676,17179872112
17179879715,17179869206
17179879775,17179869883
17179879867,17179872200
17179880182,17179874643
17179880261,17179874975
17179880497,17179871130
17179880807,17179872988
17179880863,17179873780
17179880892,17179869423
17179880954,17179871546
17179881147,17179869618
17179881169,17179874244
17179881244,17179874198
17179881351,17179874185
17179881441,17179872838
17179881709,17179881709
17179881864,17179881864
17179881872,17179881872
17179882066,17179870601
17179882237,17179881750
17179882440,17179882440
17179882457,17179878726
17179882459,17179882459
17179882506,17179872008
17179882718,17179870154
17179882998,17179869307
17179883147,17179879494
17179883243,17179881609
17179883396,17179883396
17179883472,17179871328
17179883671,17179871502
17179883693,17179877589
17179883695,17179883695
17179883753,17179875542
17179883820,17179870342
17179884268,17179877884
17179884335,17179877142
17179884355,17179869197
17179884505,17179870130
17179884623,17179871417
17179884768,17179884768
17179884803,17179871159
17179884876,17179884876
17179884915,17179876766
17179884997,17179873443
17179885079,17179869565
17179885353,17179871124
17179885375,17179874006
17179885556,17179870993
17179886060,17179886060
17179886215,17179886215
17179886311,17179869974
17179886602,17179886602
17179886823,17179886823
17179887032,17179878200
17179887092,17179870000
17179887487,17179870914
17179887511,17179869771
17179887711,17179869335
17179887715,17179871499
17179887784,17179870982
17179887788,17179869410
17179887832,17179878176
17179887873,17179887873
17179887914,17179878552
17179888058,17179888058
17179888167,17179877583
17179888176,17179873837
17179888468,17179878897
17179889073,17179871203
17179889113,17179878796
17179889356,17179880011
17179889593,17179870173
17179889616,17179874657
17179889668,17179889668
17179889686,17179871383
17179890245,17179871408
17179890650,17179872314
17179890856,17179878726
17179891563,17179871395
17179891635,17179869184
17179891676,17179871622
17179892145,17179871788
17179892257,17179871233
17179892299,17179875324
17179892445,17179886176
17179892460,17179870666
17179892668,17179872930
17179892806,17179876648
17179892817,17179882013
17179893030,17179869334
17179893324,17179870654
17179893325,17179869950
17179893626,17179876405
17179893816,17179884781
17179893965,17179872440
17179894246,17179869397
17179894248,17179874133
17179894326,17179870168
17179894328,17179870461
17179894451,17179873717
17179894684,17179871274
17179894742,17179880993
17179894764,17179887440
17179894783,17179876249
17179894894,17179869423
17179895004,17179880851
17179895254,17179883000
17179895319,17179877850
17179895458,17179872049
17179895477,17179871863
17179895696,17179872841
17179895740,17179873271
17179895744,17179877331
17179895824,17179869423
17179896049,17179881446
17179896135,17179880487
17179896423,17179869329
17179896550,17179870480
17179896579,17179869409
17179896968,17179869524
17179897077,17179896887
17179897452,17179871871
17179897502,17179872107
17179897625,17179878897
17179897755,17179871465
17179897774,17179897774
17179897952,17179872943
17179897985,17179877941
17179897992,17179875643
17179898408,17179898408
17179898880,17179876822
17179899323,17179877509
17179899535,17179869673
17179899601,17179899601
17179899733,17179885313
17179900185,17179875536
17179900299,17179900299
17179900316,17179878440
17179900357,17179876417
17179900469,17179883150
17179900485,17179869649
17179900586,17179875502
17179900602,17179871280
17179900934,17179877290
17179901052,17179869639
17179901094,17179876099
17179901292,17179886466
17179901528,17179870144
17179901548,17179876298
17179901702,17179893041
17179901825,17179869623
17179902092,17179874685
17179902294,17179873816
17179902299,17179870898
17179902380,17179877970
17179902468,17179869223
17179902584,17179887912
17179869441,17179869441
17179869547,17179869547
17179869585,17179869585
17179869652,17179869652
17179869819,17179869819
17179869831,17179869831
17179869878,17179869878
17179869913,17179869284
17179870629,17179870629
17179870896,17179870896
17179871146,17179871146
17179871406,17179871406
17179872056,17179872056
17179872406,17179872406
17179872581,17179869509
17179872638,17179872638
17179872819,17179872819
17179872838,17179872838
17179873105,17179873105
17179873661,17179871252
17179873679,17179873679
17179873898,17179873898
17179874229,17179874229
17179874473,17179873896
17179874487,17179872038
17179874503,17179872534
17179875191,17179875191
17179875263,17179869489
17179875620,17179875620
17179875623,17179869898
17179875779,17179875779
17179875830,17179869423
17179875953,17179870027
17179875954,17179872808
17179875998,17179875280
17179876109,17179872038
17179876189,17179876189
17179876199,17179873190
17179876238,17179873087
17179876402,17179873174
17179876546,17179874931
17179877121,17179869591
17179877212,17179872888
17179877518,17179870337
17179877547,17179877202
17179878137,17179878137
17179878266,17179876553
17179878321,17179874514
17179878550,17179878550
17179878557,17179878557
17179878657,17179875072
17179879433,17179876072
17179880043,17179871222
17179880128,17179880128
17179880464,17179880464
17179880738,17179871172
17179881259,17179870995
17179881271,17179870301
17179881459,17179871752
17179881835,17179873589
17179882048,17179874227
17179882203,17179874273
17179882349,17179882349
17179882465,17179872748
17179882873,17179870357
17179882973,17179882973
17179883100,17179870935
17179883314,17179871471
17179883744,17179883744
17179883862,17179869201
17179883924,17179883924
17179884208,17179876133
17179884403,17179870783
17179884464,17179869919
17179884661,17179869828
17179884709,17179869226
17179884995,17179884995
17179885448,17179873050
17179885533,17179885533
17179885751,17179883579
17179885817,17179870361
17179885977,17179870556
17179886038,17179872419
17179886244,17179873016
17179886391,17179870556
17179886487,17179873652
17179886505,17179869831
17179886725,17179869449
17179886765,17179886765
17179886902,17179879060
17179887117,17179887117
17179887168,17179872919
17179887465,17179869933
17179887863,17179870791
17179888124,17179870130
17179888609,17179872840
17179889012,17179876074
17179889207,17179873414
17179889881,17179870951
17179890341,17179890341
17179890505,17179870534
17179890667,17179890667
17179891039,17179870917
17179891274,17179877641
17179891383,17179872477
17179891636,17179869376
17179891803,17179876286
17179891932,17179874762
17179891984,17179880998
17179892003,17179892003
17179892076,17179886649
17179892130,17179872153
17179892218,17179872181
17179892388,17179892388
17179892915,17179870284
17179893151,17179871598
17179893187,17179872055
17179893662,17179870366
17179893740,17179874863
17179894149,17179879093
17179895059,17179869556
17179895069,17179869601
17179895080,17179876680
17179895296,17179876662
17179895595,17179884539
17179895611,17179877142
17179895742,17179874191
17179895898,17179871471
17179896090,17179869407
17179896299,17179878087
17179896305,17179880529
17179896468,17179875777
17179896689,17179876730
17179896694,17179874548
17179896843,17179876943
17179896866,17179885511
17179897431,17179887245
17179897486,17179894767
17179897647,17179871382
17179897728,17179877241
17179897826,17179874286
17179898221,17179870255
17179898248,17179876526
17179898531,17179873987
17179898578,17179881972
17179898617,17179869787
17179898664,17179876099
17179898862,17179871198
17179898883,17179873642
17179899126,17179871491
17179899248,17179877455
17179899478,17179869374
17179899700,17179869944
17179899842,17179878600
17179900071,17179873022
17179900087,17179870535
17179900138,17179874353
17179900582,17179873677
17179900607,17179871354
17179900650,17179900650
17179900716,17179872303
17179900724,17179869777
17179900890,17179870451
17179900896,17179870258
17179900969,17179875903
17179901398,17179873682
17179901453,17179893277
17179901643,17179873892
17179901677,17179871091
17179901886,17179874802
17179902171,17179872531
17179902244,17179870134
17179902511,17179878447
17179869313,17179869313
17179870016,17179870016
17179870687,17179870687
17179870720,17179870720
17179871186,17179871186
17179871400,17179871400
17179871528,17179871528
17179871927,17179871927
17179871946,17179871946
17179872031,17179872031
17179872186,17179872186
17179872218,17179870249
17179872655,17179872655
17179873900,17179873900
17179874422,17179874422
17179874776,17179874776
17179874875,17179874875
17179874931,17179874931
17179875019,17179875019
17179875258,17179869666
17179875427,17179870724
17179875615,17179871955
17179875742,17179870549
17179875759,17179875759
17179875867,17179875265
17179875923,17179869676
17179876087,17179874548
17179876310,17179875148
17179876655,17179875231
17179876876,17179876876
17179876885,17179869706
17179877014,17179870897
17179877051,17179875201
17179877073,17179869455
17179877215,17179872534
17179877295,17179870707
17179877496,17179875971
17179877538,17179877538
17179877606,17179869887
17179877640,17179870216
17179877722,17179869545
17179877890,17179870057
17179878132,17179878132
17179878377,17179876101
17179878734,17179878734
17179878938,17179869690
17179880176,17179869525
17179880247,17179874062
17179880561,17179869630
17179880596,17179880596
17179880755,17179869844
17179880996,17179869680
17179881293,17179870009
17179881374,17179873471
17179881549,17179881549
17179882050,17179874395
17179882270,17179873520
17179882537,17179870406
17179882567,17179870503
17179882598,17179871495
17179882670,17179874977
17179882747,17179869940
17179882749,17179876865
17179882929,17179882929
17179882999,17179870595
17179883059,17179874945
17179883072,17179877010
17179883165,17179880988
17179883218,17179883218
17179883289,17179870933
17179883341,17179872506
17179883613,17179871245
17179884080,17179884080
17179884294,17179870658
17179884741,17179871871
17179885078,17179870803
17179885408,17179869738
17179885954,17179873735
17179886142,17179886142
17179886372,17179886372
17179886491,17179879962
17179886563,17179870437
17179886784,17179880334
17179887505,17179887505
17179888022,17179871490
17179888348,17179869660
17179888375,17179869619
17179888436,17179885065
17179888990,17179875809
17179889153,17179871243
17179889258,17179871843
17179890097,17179876654
17179890129,17179871622
17179890319,17179882311
17179890528,17179873027
17179890621,17179869509
17179890817,17179890817
17179890984,17179872763
17179890990,17179882156
17179891194,17179880945
17179891301,17179883631
17179891343,17179873008
17179891416,17179885265
17179891586,17179870520
17179892307,17179869903
17179892356,17179869715
17179892459,17179892459
17179892462,17179873122
17179892640,17179872156
17179892747,17179872020
17179893266,17179893266
17179893506,17179869434
17179893603,17179870855
17179893836,17179893836
17179893968,17179880175
17179894132,17179879911
17179894144,17179882858
17179894256,17179882329
17179894325,17179869381
17179894363,17179883888
17179894743,17179894743
17179894848,17179869623
17179895272,17179877558
17179895318,17179893041
17179895830,17179871878
17179896079,17179878770
17179896200,17179874493
17179896212,17179874205
17179896309,17179873804
17179896368,17179883223
17179896427,17179870826
17179896591,17179874522
17179896617,17179873109
17179896637,17179884328
17179896737,17179878726
17179896924,17179876865
17179897047,17179875967
17179897215,17179881207
17179897266,17179870191
17179897318,17179882058
17179897356,17179873025
17179897590,17179872110
17179897839,17179879762
17179897917,17179873703
17179898174,17179869922
17179898555,17179874586
17179899057,17179869381
17179899536,17179871613
17179899610,17179870524
17179899884,17179869720
17179899978,17179873641
17179900243,17179872648
17179900415,17179879764
17179900456,17179873467
17179900537,17179870603
17179900579,17179872056
17179900703,17179869719
17179900727,17179886183
17179900891,17179870721
17179901404,17179871491
17179901487,17179877085
17179901819,17179875536
17179901959,17179879233
17179902435,17179870065
17179869201,17179869201
17179869308,17179869308
17179869759,17179869759
17179869844,17179869844
17179869937,17179869937
17179869963,17179869963
17179870214,17179870214
17179870322,17179870322
17179870362,17179869607
17179870645,17179870645
17179870700,17179870040
17179870900,17179870900
17179871022,17179870797
17179871262,17179870249
17179871906,17179870467
17179872334,17179869371
17179872375,17179871367
17179872657,17179869625
17179872721,17179871630
17179872749,17179871482
17179873403,17179869886
17179873544,17179870934
17179873668,17179873668
17179873959,17179873959
17179874043,17179873062
17179875387,17179871902
17179875481,17179873991
17179876185,17179876185
17179876204,17179869431
17179876351,17179873001
17179876492,17179876492
17179876628,17179875235
17179877540,17179870260
17179877641,17179877641
17179877978,17179871072
17179878163,17179870251
17179878298,17179871914
17179878364,17179869423
17179879068,17179870184
17179879419,17179879419
17179879605,17179869184
17179879609,17179870405
17179879979,17179879979
17179880147,17179880147
17179880324,17179870384
17179880350,17179874551
17179880430,17179872630
17179880631,17179869397
17179880632,17179869544
17179880675,17179870780
17179881246,17179873557
17179881315,17179870638
17179881513,17179876960
17179881693,17179881693
17179881814,17179870899
17179881947,17179872361
17179881970,17179871948
17179882097,17179870291
17179882396,17179882396
17179882738,17179874090
17179883063,17179869886
17179883173,17179869781
17179883175,17179878898
17179883191,17179872775
17179883287,17179873726
17179883353,17179883353
17179883875,17179869884
17179884036,17179884036
17179884124,17179870353
17179884256,17179869207
17179884314,17179884314
17179885087,17179879347
17179885239,17179878770
17179885259,17179875091
17179885378,17179869278
17179885710,17179870357
17179885871,17179877928
17179886204,17179878324
17179886638,17179877913
17179887195,17179887195
17179887387,17179871112
17179887488,17179875607
17179887555,17179887555
17179887596,17179885950
17179888072,17179870483
17179888263,17179885582
17179888296,17179870504
17179888725,17179871776
17179888870,17179881592
17179888961,17179869348
17179889740,17179869264
17179889811,17179872098
17179890554,17179870405
17179890858,17179890858
17179890883,17179875665
17179890993,17179890993
17179891375,17179872826
17179891482,17179869295
17179891523,17179881081
17179891798,17179871356
17179891860,17179877559
17179892154,17179877237
17179892327,17179892327
17179892344,17179873147
17179892786,17179871738
17179892840,17179876923
17179893115,17179872642
17179893285,17179870650
17179893447,17179874958
17179893617,17179873714
17179893724,17179873719
17179893750,17179869623
17179893755,17179869256
17179893791,17179869730
17179893838,17179869808
17179893887,17179871660
17179893908,17179875973
17179893981,17179893981
17179894025,17179869649
17179894158,17179871112
17179894278,17179872979
17179894381,17179873147
17179894388,17179875421
17179894403,17179869540
17179894481,17179874271
17179894556,17179871792
17179895241,17179884995
17179895918,17179872383
17179896106,17179873134
17179896174,17179874769
17179896301,17179869455
17179896308,17179872943
17179896488,17179874896
17179896560,17179879909
17179896654,17179870324
17179896798,17179869715
17179897183,17179872635
17179897581,17179881926
17179897764,17179888985
17179897922,17179875269
17179898006,17179872900
17179898139,17179875620
17179898255,17179883492
17179898806,17179876370
17179898912,17179874821
17179899542,17179870570
17179899584,17179869719
17179899800,17179871679
17179899863,17179870974
17179899987,17179871717
17179900391,17179869381
17179900630,17179869186
17179900847,17179871728
17179900955,17179872680
17179901061,17179874975
17179901097,17179870773
17179901339,17179875017
17179901498,17179872808
17179901605,17179872944
17179901736,17179877631
17179902132,17179885120
17179902157,17179872855
17179902287,17179902287
17179902401,17179872927
17179902576,17179877138
17179869603,17179869603
17179869694,17179869694
17179869832,17179869832
17179869857,17179869857
17179869988,17179869988
17179870237,17179869840
17179870585,17179870585
17179870763,17179870763
17179870906,17179870906
17179871481,17179870272
17179871551,17179870580
17179871820,17179871820
17179872223,17179872223
17179872257,17179872257
17179872829,17179872829
17179872835,17179869535
17179872992,17179869508
17179873024,17179873024
17179873034,17179869855
17179873077,17179873077
17179873191,17179871599
17179873680,17179869497
17179873735,17179873735
17179874329,17179874329
17179874606,17179870129
17179874632,17179871419
17179874677,17179872567
17179874761,17179870703
17179875317,17179875317
17179875337,17179875337
17179875438,17179870370
17179875604,17179874890
17179875749,17179874128
17179875909,17179870737
17179876166,17179869943
17179876360,17179876360
17179876570,17179875311
17179876705,17179869269
17179876729,17179870596
17179877299,17179870791
17179877449,17179871946
17179877962,17179869433
17179877987,17179877987
17179878185,17179875132
17179878257,17179874336
17179878292,17179874745
17179878470,17179871024
17179878475,17179869480
17179879111,17179871136
17179879530,17179872799
17179879546,17179878492
17179879833,17179879833
17179879970,17179879970
17179880098,17179872359
17179880827,17179871659
17179880917,17179871889
17179881134,17179881134
17179881819,17179869544
17179882478,17179875794
17179882512,17179875007
17179882706,17179875046
17179882755,17179882755
17179882760,17179876176
17179882772,17179870934
17179882933,17179878697
17179883368,17179870092
17179883705,17179872632
17179883738,17179881258
17179883990,17179869566
17179884245,17179876206
17179884345,17179870170
17179884567,17179877342
17179884872,17179869309
17179885236,17179878246
17179885417,17179869474
17179885598,17179873837
17179885815,17179869743
17179886341,17179871269
17179886390,17179886213
17179886647,17179885780
17179887007,17179870621
17179887074,17179870769
17179887304,17179887304
17179887940,17179870315
17179888451,17179873790
17179888485,17179870162
17179888537,17179870789
17179888667,17179871258
17179888705,17179870254
17179888789,17179871519
17179889265,17179873062
17179889555,17179870210
17179889670,17179889670
17179889782,17179871573
17179889794,17179887647
17179890160,17179874269
17179890810,17179869769
17179890823,17179887167
17179891584,17179871029
17179891779,17179874386
17179892152,17179870388
17179892524,17179869949
17179892532,17179871405
17179892802,17179882683
17179892879,17179870650
17179892903,17179871707
17179893766,17179893766
17179893892,17179869231
17179893978,17179882244
17179894129,17179874369
17179894983,17179894983
17179895006,17179878052
17179895070,17179873636
17179895262,17179869996
17179895404,17179873498
17179895478,17179871064
17179895533,17179889608
17179895775,17179871392
17179896292,17179874055
17179896536,17179896536
17179897084,17179885700
17179897508,17179870478
17179897794,17179870649
17179897830,17179872248
17179898033,17179871008
17179898061,17179872731
17179898478,17179886687
17179898703,17179869967
17179898873,17179871090
17179899356,17179869544
17179899870,17179878763
17179899880,17179899880
17179900122,17179869440
17179900333,17179876447
17179900543,17179880474
17179900714,17179885312
17179901056,17179881143
17179901362,17179869388
17179901450,17179881618
17179901692,17179871733
17179902126,17179875459
17179902285,17179873408
17179902379,17179877109
17179902534,17179902534
17179902545,17179870718
17179869337,17179869337
17179869356,17179869356
17179869948,17179869948
17179870053,17179870053
17179870267,17179870267
17179870306,17179870306
17179870412,17179870412
17179870802,17179870802
17179870940,17179870940
17179871098,17179871098
17179871289,17179869875
17179871351,17179871351
17179871587,17179871587
17179871793,17179871793
17179871800,17179870707
17179871806,17179871806
17179872050,17179872050
17179872176,17179869418
17179872382,17179872382
17179872613,17179870797
17179872700,17179869928
17179873164,17179873148
17179873288,17179873147
17179873993,17179873993
17179873998,17179873998
17179874330,17179874330
17179874377,17179874377
17179874684,17179874684
17179874732,17179872706
17179874820,17179874238
17179874941,17179872931
17179875273,17179875273
17179875465,17179869793
17179875582,17179871201
17179875825,17179870181
17179875839,17179870559
17179875868,17179869239
17179876094,17179876094
17179876855,17179872056
17179876948,17179876948
17179876964,17179876317
17179877172,17179873963
17179877374,17179871400
17179877798,17179870953
17179877836,17179870257
17179878174,17179878174
17179878383,17179873310
17179878402,17179878402
17179878492,17179878492
17179878580,17179874822
17179878743,17179872101
17179879095,17179872706
17179879169,17179874117
17179879430,17179873784
17179879527,17179872966
17179879913,17179874039
17179880214,17179876905
17179880411,17179872628
17179880571,17179871080
17179880595,17179870655
17179880691,17179876327
17179880774,17179880774
17179880902,17179875302
17179881016,17179870848
17179881159,17179881159
17179881531,17179873648
17179881798,17179870951
17179882108,17179880334
17179882325,17179878250
17179882651,17179874401
17179882713,17179877662
17179883060,17179872898
17179883334,17179883334
17179883399,17179875971
17179883664,17179871237
17179884207,17179871495
17179884537,17179881380
17179885001,17179869340
17179885083,17179879992
17179885207,17179879196
17179885218,17179869732
17179885411,17179873988
17179885804,17179872959
17179885974,17179873794
17179886174,17179871258
17179886286,17179869445
17179886440,17179881991
17179886532,17179886532
17179887177,17179878485
17179888102,17179869484
17179888147,17179876336
17179888214,17179873153
17179888511,17179870683
17179889017,17179876991
17179889290,17179871861
17179889422,17179871779
17179889545,17179874402
17179889760,17179870743
17179890042,17179881609
17179891077,17179874611
17179891202,17179878249
17179891468,17179869715
17179891840,17179869954
17179892619,17179886006
17179892715,17179870604
17179892784,17179879832
17179893117,17179874330
17179893257,17179878655
17179893376,17179885939
17179893573,17179884240
17179893645,17179869998
17179893780,17179877487
17179893787,17179893787
17179893830,17179874109
17179894017,17179876490
17179894100,17179877370
17179894771,17179872415
17179894967,17179871267
17179895066,17179883579
17179895073,17179895073
17179895086,17179871502
17179895213,17179869227
17179895300,17179871433
17179896256,17179872761
17179896410,17179870273
17179896545,17179874417
17179896597,17179869515
17179896930,17179873175
17179897089,17179873210
17179897152,17179897152
17179897242,17179871120
17179897424,17179884781
17179897602,17179877952
17179897636,17179873719
17179897641,17179869213
17179897862,17179869623
17179897986,17179870318
17179898112,17179871888
17179898126,17179870197
17179898134,17179878600
17179898150,17179878250
17179898268,17179874644
17179898392,17179876380
17179898492,17179869672
17179898641,17179869970
17179898835,17179869386
17179898905,17179870669
17179899006,17179899006
17179899044,17179872930
17179899330,17179869284
17179899379,17179874355
17179899872,17179870603
17179899910,17179876746
17179899934,17179875148
17179900046,17179875298
17179900183,17179869378
17179900476,17179900476
17179900677,17179879043
17179900693,17179872503
17179900860,17179900860
17179901090,17179869231
17179901196,17179901196
17179901342,17179870610
17179901425,17179878152
17179901569,17179869232
17179901595,17179874302
17179901637,17179901637
17179901641,17179877009
17179901712,17179901712
17179901890,17179869770
17179902260,17179877357
17179902502,17179871076
17179902587,17179870372
17179869228,17179869228
17179869556,17179869556
17179869838,17179869544
17179869876,17179869619
17179869941,17179869941
17179870029,17179870029
17179870340,17179870340
17179870428,17179870428
17179871278,17179871278
17179871474,17179869546
17179871531,17179871531
17179871717,17179871717
17179872139,17179871340
17179872250,17179870130
17179872355,17179869471
17179872626,17179871941
17179873348,17179872862
17179873377,17179870001
17179873395,17179869524
17179873626,17179869454
17179873892,17179873892
17179874276,17179874276
17179874589,17179874589
17179874701,17179874701
17179874791,17179872670
17179874968,17179874968
17179875089,17179872257
17179875389,17179875389
17179875602,17179870796
17179876200,17179870234
17179876213,17179871931
17179876450,17179874329
17179876590,17179869649
17179877115,17179877115
17179877140,17179872558
17179877312,17179877312
17179877637,17179872165
17179877838,17179877838
17179878423,17179869475
17179878775,17179874150
17179878793,17179876220
17179879444,17179871783
17179880048,17179879181
17179880057,17179870081
17179880204,17179880204
17179880205,17179869719
17179880260,17179880260
17179880677,17179869579
17179880769,17179880769
17179881044,17179875561
17179881130,17179869225
17179881301,17179881301
17179881663,17179881663
17179881692,17179871195
17179881724,17179881724
17179881753,17179876706
17179881756,17179872542
17179881832,17179871871
17179882138,17179869383
17179882140,17179882140
17179882427,17179877936
17179882587,17179876520
17179883012,17179879935
17179883343,17179883343
17179883504,17179883504
17179884255,17179884255
17179884452,17179869674
17179884515,17179884515
17179885304,17179871730
17179885776,17179871408
17179885921,17179871476
17179886137,17179886137
17179886182,17179871214
17179886476,17179873467
17179886536,17179877760
17179886898,17179871430
17179886973,17179870703
17179887003,17179874740
17179887044,17179871739
17179887068,17179872761
17179887150,17179873903
17179887325,17179869623
17179887369,17179887369
17179887494,17179869439
17179887536,17179874459
17179887965,17179870578
17179888171,17179878148
17179888768,17179880505
17179888914,17179878945
17179889058,17179869455
17179889111,17179871033
17179889569,17179889569
17179889822,17179869773
17179889973,17179869423
17179890557,17179870650
17179890632,17179872573
17179890708,17179890708
17179890751,17179875971
17179891578,17179872263
17179891682,17179873667
17179891715,17179882871
17179891772,17179871498
17179892204,17179879674
17179892380,17179873864
17179892408,17179869700
17179892588,17179869209
17179893031,17179876473
17179893152,17179872499
17179893267,17179875785
17179893440,17179870353
17179893505,17179869616
17179893515,17179885032
17179893520,17179877558
17179893549,17179871004
17179893555,17179870686
17179893608,17179877980
17179893646,17179871257
17179893986,17179893986
17179894293,17179876683
17179894405,17179869569
17179894901,17179874873
17179894927,17179875230
17179895023,17179875846
17179895498,17179876649
17179895643,17179874644
17179895694,17179869318
17179895764,17179872183
17179895772,17179874315
17179895948,17179873310
17179896038,17179877921
17179896287,17179877636
17179896325,17179869967
17179896459,17179871679
17179896805,17179869514
17179896983,17179873938
17179897179,17179875214
17179897204,17179897204
17179898085,17179885700
17179898232,17179876841
17179898315,17179874662
17179898897,17179872397
17179898948,17179894727
17179899047,17179872296
17179899748,17179886521
17179899804,17179871424
17179899835,17179899835
17179900167,17179878122
17179900637,17179890135
17179900737,17179870703
17179901135,17179876299
17179901218,17179872285
17179901229,17179869227
17179901293,17179869719
17179901481,17179872564
17179901666,17179871260
17179901699,17179875016
17179901996,17179870782
17179902344,17179886766
17179902481,17179902481
17179902599,17179878103
17179902625,17179902625
17179869438,17179869438
17179869849,17179869849
17179869960,17179869960
17179870001,17179870001
17179870465,17179870465
17179870667,17179870283
17179870962,17179870962
17179870985,17179870985
17179871085,17179871085
17179871580,17179869760
17179871715,17179871715
17179871751,17179870003
17179871936,17179871160
17179872146,17179872146
17179872271,17179872271
17179872489,17179870370
17179872540,17179872540
17179872941,17179869791
17179873273,17179871408
17179873298,17179869324
17179873987,17179873987
17179874096,17179871112
17179874177,17179874177
17179874419,17179874419
17179874979,17179869948
17179875048,17179873431
17179875137,17179875137
17179875343,17179873042
17179875637,17179873535
17179875641,17179875641
17179875919,17179870441
17179876033,17179873027
17179876389,17179869623
17179876479,17179869565
17179876630,17179871050
17179876804,17179876804
17179877318,17179873277
17179877588,17179869434
17179877786,17179876824
17179878178,17179872043
17179878319,17179871788
17179878454,17179871039
17179878486,17179869687
17179878611,17179878611
17179878666,17179877589
17179878756,17179878756
17179879082,17179871373
17179879112,17179875665
17179879446,17179874891
17179879723,17179879723
17179880446,17179871758
17179880536,17179870464
17179880537,17179878781
17179880544,17179869715
17179880845,17179871233
17179881545,17179876545
17179881669,17179875302
17179881776,17179881776
17179881838,17179872403
17179881952,17179872803
17179881992,17179877533
17179882022,17179869940
17179882047,17179872301
17179882058,17179882058
17179882723,17179879799
17179882866,17179879494
17179883253,17179883253
17179883259,17179871576
17179883274,17179871855
17179883807,17179871209
17179884220,17179869314
17179884407,17179884407
17179884579,17179884579
17179884706,17179870405
17179884902,17179880033
17179884906,17179884906
17179885140,17179869616
17179885642,17179873474
17179885865,17179878174
17179887082,17179869345
17179887328,17179869932
17179887533,17179881512
17179887964,17179879436
17179888270,17179873755
17179888628,17179872401
17179888824,17179871284
17179888876,17179872712
17179889666,17179870799
17179890039,17179881583
17179890202,17179872919
17179890296,17179883867
17179890466,17179887180
17179890510,17179885149
17179890555,17179874564
17179891037,17179877494
17179891245,17179891245
17179891251,17179891251
17179891531,17179870074
17179891763,17179876527
17179891864,17179869607
17179892268,17179869470
17179892501,17179872877
17179892739,17179878367
17179892740,17179873707
17179892831,17179878252
17179892929,17179892929
17179893178,17179879129
17179893310,17179870087
17179894095,17179869940
17179894354,17179874299
17179894358,17179869741
17179894570,17179875066
17179894660,17179883806
17179894879,17179894879
17179894965,17179875727
17179895229,17179879438
17179895412,17179877519
17179895617,17179874433
17179895757,17179874100
17179896326,17179872378
17179896400,17179875325
17179896506,17179870566
17179896605,17179885864
17179897213,17179877671
17179897267,17179883056
17179897274,17179886766
17179897305,17179873423
17179897365,17179885395
17179897503,17179871192
17179897597,17179877648
17179897804,17179871116
17179898119,17179871402
17179898319,17179877917
17179898690,17179873574
17179898950,17179869442
17179898988,17179874439
17179899107,17179877468
17179899538,17179873310
17179900221,17179875167
17179900334,17179873910
17179900359,17179876970
17179900422,17179879550
17179900489,17179870129
17179900559,17179869461
17179900691,17179882205
17179900697,17179900697
17179900773,17179871125
17179900814,17179880891
17179901027,17179873588
17179901103,17179869649
17179901214,17179884110
17179901282,17179869950
17179901299,17179869424
17179901306,17179872529
17179901347,17179871136
17179901360,17179875037
17179901832,17179872282
17179901885,17179877960
17179901967,17179901967
17179902555,17179875666
17179869539,17179869539
17179869843,17179869843
17179870012,17179870012
17179870063,17179870063
17179870450,17179870450
17179870625,17179870625
17179870718,17179870718
17179870773,17179870773
17179870932,17179870932
17179871079,17179870786
17179871109,17179871109
17179871252,17179871252
17179871288,17179869623
17179871488,17179871452
17179871544,17179871544
17179871745,17179871745
17179871833,17179871833
17179871997,17179871997
17179872011,17179872011
17179872851,17179872851
17179872960,17179870515
17179873087,17179873087
17179873090,17179873090
17179873130,17179873130
17179873483,17179873483
17179873941,17179871274
17179875283,17179872284
17179875523,17179873507
17179875704,17179875704
17179876156,17179870804
17179876272,17179876272
17179876774,17179876774
17179876920,17179869744
17179876921,17179876921
17179877252,17179871068
17179877495,17179870953
17179877582,17179869190
17179877653,17179872644
17179877857,17179870211
17179877981,17179877261
17179878571,17179878571
17179878612,17179870931
17179879119,17179869629
17179879213,17179879213
17179879469,17179869432
17179879671,17179876508
17179879908,17179879908
17179879922,17179879922
17179880393,17179879120
17179880531,17179872610
17179880660,17179876370
17179880773,17179873837
17179880782,17179870689
17179880888,17179871269
17179881046,17179881046
17179881317,17179870062
17179881342,17179874062
17179881422,17179874245
17179881974,17179873088
17179882039,17179870259
17179882131,17179882131
17179882163,17179878109
17179882834,17179871846
17179883032,17179883032
17179883109,17179879103
17179883786,17179872710
17179883839,17179876067
17179883855,17179873606
17179883902,17179875666
17179883907,17179879065
17179884444,17179884444
17179884465,17179869280
17179884577,17179870042
17179884595,17179870969
17179885311,17179870130
17179885663,17179877389
17179885838,17179885838
17179885885,17179885885
17179885926,17179869505
17179885952,17179870883
17179885966,17179877168
17179886394,17179870143
17179886565,17179874068
17179887036,17179870924
17179887181,17179876582
17179887553,17179875092
17179888006,17179869544
17179888475,17179874670
17179888684,17179881358
17179888804,17179869533
17179889242,17179869496
17179889294,17179869806
17179889496,17179884081
17179889566,17179873993
17179889584,17179875647
17179889802,17179873900
17179889984,17179870041
17179890481,17179880353
17179890596,17179873483
17179890735,17179870711
17179890742,17179873999
17179890792,17179876884
17179890875,17179874106
17179890927,17179876740
17179890969,17179870763
17179891003,17179874353
17179891393,17179891393
17179891699,17179875474
17179891816,17179870504
17179891870,17179873330
17179892029,17179871101
17179892064,17179892064
17179892179,17179885402
17179893203,17179882405
17179893226,17179885491
17179893479,17179874130
17179893607,17179869678
17179893622,17179874284
17179894745,17179873860
17179894823,17179877848
17179894922,17179873613
17179895369,17179875790
17179895481,17179869295
17179895697,17179871699
17179896383,17179871400
17179896626,17179872314
17179896921,17179873147
17179897190,17179869302
17179897482,17179877635
17179897490,17179869901
17179897583,17179878522
17179898271,17179873255
17179898982,17179877955
17179899226,17179875133
17179899235,17179870958
17179899329,17179872860
17179899600,17179871012
17179899908,17179874288
17179900037,17179869923
17179900166,17179886303
17179900468,17179872368
17179900665,17179871897
17179900966,17179882445
17179901070,17179901070
17179901114,17179874990
17179901166,17179870001
17179901288,17179872183
17179901343,17179871642
17179901369,17179872755
17179901384,17179869397
17179901921,17179878252
17179901925,17179871558
17179902269,17179875738
17179902428,17179872616
17179869686,17179869686
17179869706,17179869706
17179869851,17179869851
17179869936,17179869936
17179870410,17179870410
17179870572,17179870572
17179870622,17179869513
17179870972,17179870972
17179871431,17179871431
17179871650,17179871650
17179871819,17179870020
17179872235,17179872235
17179872472,17179870325
17179872715,17179872715
17179872756,17179872756
17179872847,17179872847
17179872959,17179872959
17179872976,17179872976
17179873171,17179869289
17179873180,17179873180
17179873313,17179873313
17179873575,17179871592
17179874219,17179869199
17179874457,17179874457
17179875017,17179875017
17179875068,17179875068
17179875113,17179870020
17179875421,17179875421
17179875588,17179875133
17179876063,17179876063
17179876427,17179871154
17179876441,17179871477
17179876867,17179872101
17179876978,17179870289
17179877070,17179870696
17179877451,17179871827
17179877599,17179874319
17179877604,17179877604
17179878604,17179871428
17179878825,17179876498
17179878929,17179871476
17179879297,17179877636
17179879544,17179872971
17179879566,17179872475
17179879597,17179879597
17179879874,17179873058
17179880221,17179875231
17179880255,17179874114
17179880554,17179869875
17179880556,17179869582
17179880654,17179880220
17179880932,17179877488
17179880997,17179872223
17179881167,17179881167
17179881228,17179881228
17179881907,17179870340
17179881982,17179880166
17179882089,17179872763
17179882312,17179872285
17179882448,17179870465
17179882463,17179880391
17179882816,17179882816
17179882938,17179869231
17179883228,17179872246
17179883337,17179871112
17179883567,17179870771
17179883831,17179874185
17179884104,17179869803
17179884105,17179869799
17179884386,17179869799
17179884400,17179884400
17179884735,17179870426
17179884960,17179871631
17179885370,17179883631
17179885439,17179870477
17179885560,17179872394
17179885620,17179885537
17179885697,17179885697
17179885731,17179869615
17179885929,17179882982
17179886043,17179873956
17179886273,17179870823
17179886537,17179870451
17179886752,17179869886
17179886847,17179870870
17179886899,17179881201
17179886928,17179869291
17179887142,17179869323
17179887237,17179878571
17179887437,17179871090
17179887670,17179880017
17179887699,17179871571
17179888132,17179877029
17179888495,17179869642
17179888663,17179875578
17179889169,17179878379
17179889285,17179873784
17179889472,17179873639
17179889568,17179870823
17179889897,17179869903
17179889934,17179872855
17179890362,17179890362
17179890425,17179873313
17179891002,17179878674
17179891357,17179883006
17179891992,17179880696
17179892156,17179888909
17179892370,17179869347
17179893417,17179873147
17179893809,17179878926
17179894030,17179882166
17179894109,17179871541
17179894173,17179871151
17179894279,17179870014
17179894283,17179869460
17179894341,17179871387
17179894998,17179870256
17179895012,17179875738
17179895042,17179870758
17179895607,17179869412
17179895656,17179874110
17179895980,17179872863
17179895982,17179870323
17179896065,17179869826
17179896226,17179875654
17179896236,17179872594
17179896318,17179896318
17179896530,17179875514
17179896608,17179876991
17179896748,17179876569
17179897106,17179874939
17179897259,17179869741
17179897649,17179885696
17179897703,17179869735
17179897805,17179885395
17179897824,17179882185
17179898123,17179879650
17179898183,17179873883
17179898317,17179898317
17179898518,17179869933
17179898675,17179898675
17179898816,17179874610
17179899292,17179872732
17179899755,17179872189
17179899761,17179870020
17179899783,17179878619
17179900026,17179874534
17179900065,17179869311
17179900257,17179869771
17179900289,17179900289
17179900380,17179877261
17179900446,17179883579
17179900845,17179891102
17179900936,17179877985
17179900957,17179869375
17179901240,17179879131
17179901279,17179879978
17179901628,17179880227
17179901660,17179878797
17179902202,17179874077
17179902402,17179881250
17179902444,17179876321
17179902516,17179881119
17179902593,17179872743
17179869399,17179869399
17179869482,17179869482
17179869521,17179869462
17179869536,17179869536
17179869616,17179869616
17179869659,17179869659
17179869944,17179869944
17179870095,17179870095
17179870124,17179870124
17179870205,17179870205
17179870268,17179870268
17179870455,17179870455
17179870884,17179870884
17179870918,17179870918
17179871003,17179870752
17179871340,17179871340
17179871391,17179869237
17179871592,17179871592
17179871817,17179870982
17179872119,17179872119
17179872340,17179872340
17179872464,17179872464
17179872502,17179872502
17179872596,17179872596
17179872682,17179869190
17179872693,17179870289
17179872732,17179872732
17179872966,17179872966
17179873245,17179873245
17179873531,17179871733
17179873535,17179873535
17179873801,17179870225
17179874369,17179874369
17179874495,17179873716
17179874537,17179869795
17179874587,17179869781
17179875101,17179871179
17179875155,17179872521
17179875941,17179869186
17179876023,17179876023
17179876215,17179869649
17179876398,17179870255
17179876516,17179873488
17179876721,17179871542
17179876940,17179871329
17179876945,17179871144
17179877208,17179877208
17179877241,17179877241
17179877338,17179877338
17179877559,17179877559
17179877631,17179877631
17179878357,17179877422
17179878497,17179870918
17179878566,17179869982
17179878817,17179878817
17179879003,17179878102
17179879132,17179873289
17179879365,17179879365
17179879408,17179872636
17179879485,17179879485
17179879489,17179872025
17179879827,17179869934
17179879876,17179879876
17179880031,17179870745
17179880046,17179877815
17179880159,17179874268
17179880198,17179875973
17179880503,17179871599
17179880508,17179877652
17179880599,17179876220
17179880964,17179869260
17179881064,17179870963
17179881190,17179881190
17179881235,17179881235
17179881575,17179873151
17179881581,17179870711
17179881603,17179871197
17179881691,17179878693
17179881755,17179869202
17179881770,17179869284
17179882095,17179874028
17179882510,17179882510
17179882667,17179882667
17179883062,17179883062
17179883121,17179879129
17179883479,17179875783
17179883500,17179869813
17179883527,17179875312
17179883688,17179874776
17179884088,17179874039
17179884204,17179873808
17179884247,17179870466
17179884466,17179875118
17179884517,17179870788
17179884541,17179873414
17179884566,17179884566
17179884608,17179870026
17179884846,17179870741
17179884880,17179873309
17179885114,17179873310
17179885328,17179873781
17179885559,17179885559
17179885604,17179870505
17179885881,17179869629
17179886178,17179886178
17179886253,17179878051
17179886263,17179872574
17179886317,17179881797
17179886917,17179884139
17179887067,17179876476
17179887116,17179871152
17179887330,17179874185
17179887790,17179872116
17179887821,17179872285
17179887828,17179879667
17179887881,17179870296
17179887935,17179869621
17179888238,17179870427
17179888399,17179880505
17179888562,17179886177
17179888616,17179871043
17179888711,17179875134
17179889279,17179869392
17179889367,17179869492
17179889531,17179870649
17179889880,17179869822
17179890334,17179871717
17179890474,17179875126
17179890811,17179869616
17179891296,17179891296
17179891436,17179873682
17179891677,17179871532
17179891757,17179869576
17179891915,17179874836
17179891963,17179880549
17179892340,17179875809
17179892419,17179892419
17179892572,17179882063
17179892877,17179871078
17179893021,17179879245
17179893295,17179882552
17179893718,17179877330
17179893950,17179869497
17179894175,17179869732
17179894237,17179869826
17179894490,17179892248
17179894536,17179884566
17179894857,17179875988
17179894961,17179870464
17179894962,17179887731
17179895324,17179869591
17179895414,17179869203
17179895486,17179873035
17179895490,17179883770
17179895574,17179876490
17179895915,17179873663
17179895950,17179869560
17179895968,17179869509
17179895978,17179869940
17179896335,17179871467
17179896618,17179869188
17179897065,17179869518
17179897233,17179869649
17179897418,17179871442
17179897576,17179873130
17179897623,17179872023
17179897726,17179891393
17179897842,17179872271
17179897950,17179872559
17179898269,17179881207
17179898538,17179878016
17179898750,17179872574
17179898755,17179873216
17179899019,17179869679
17179899314,17179898439
17179899441,17179873423
17179899491,17179877032
17179899710,17179869970
17179899845,17179881848
17179900044,17179873987
17179900069,17179877010
17179900466,17179880911
17179900687,17179869455
17179900864,17179876038
17179900935,17179872717
17179900976,17179870889
17179901032,17179873378
17179901226,17179869355
17179901719,17179872314
17179902114,17179869880
17179902124,17179874311
17179869255,17179869255
17179869322,17179869322
17179869537,17179869537
17179869638,17179869638
17179869777,17179869777
17179869939,17179869939
17179870799,17179870799
17179871014,17179871014
17179871068,17179871068
17179871712,17179871654
17179871818,17179869867
17179872041,17179872041
17179872295,17179870956
17179872616,17179872616
17179872741,17179871547
17179872899,17179872899
17179873088,17179873088
17179873175,17179873175
17179873187,17179869381
17179873224,17179870015
17179873295,17179871614
17179873332,17179873332
17179873448,17179873448
17179873490,17179873490
17179873529,17179870102
17179873546,17179871763
17179873612,17179872399
17179873696,17179873696
17179873740,17179872745
17179874090,17179874090
17179874453,17179869715
17179874578,17179870762
17179874702,17179872908
17179874771,17179870074
17179874890,17179874890
17179874901,17179874901
17179875065,17179875065
17179875106,17179870091
17179875322,17179869856
17179875524,17179870225
17179875626,17179871112
17179875701,17179874367
17179875768,17179875768
17179875940,17179873231
17179876143,17179871836
17179876618,17179875156
17179876907,17179871315
17179876922,17179873190
17179877190,17179869649
17179877379,17179877379
17179877382,17179872801
17179877649,17179869455
17179877935,17179874829
17179878068,17179869303
17179878082,17179876902
17179878138,17179875337
17179878196,17179869335
17179878237,17179871421
17179878427,17179878427
17179878446,17179869875
17179879612,17179870038
17179880026,17179880026
17179880371,17179875428
17179880475,17179880475
17179880726,17179873708
17179880911,17179880911
17179880962,17179871388
17179881023,17179869253
17179881164,17179870913
17179881215,17179881215
17179881375,17179872889
17179881385,17179870935
17179881476,17179876222
17179881495,17179869618
17179881625,17179872138
17179881627,17179877389
17179881730,17179874078
17179881749,17179877208
17179882176,17179871130
17179882265,17179871433
17179882342,17179873206
17179882581,17179882581
17179882737,17179874570
17179882925,17179882925
17179883037,17179883037
17179883723,17179883723
17179883988,17179883988
17179883994,17179871582
17179884243,17179870480
17179884249,17179872338
17179884250,17179869225
17179884293,17179870703
17179884425,17179875903
17179884572,17179870302
17179884648,17179875702
17179884881,17179873837
17179884916,17179876529
17179885051,17179869262
17179885059,17179885059
17179885433,17179870015
17179885447,17179870931
17179885489,17179879513
17179885841,17179880081
17179886251,17179876387
17179886544,17179876513
17179886605,17179871503
17179887167,17179887167
17179887545,17179873856
17179887776,17179887776
17179888325,17179872855
17179888514,17179869353
17179888690,17179884840
17179889533,17179874871
17179889699,17179889699
17179890187,17179870630
17179890252,17179890252
17179890570,17179872471
17179890683,17179871606
17179890723,17179870768
17179890736,17179872249
17179891076,17179870449
17179891233,17179879649
17179891394,17179875194
17179891549,17179869627
17179891648,17179891648
17179891959,17179873557
17179892101,17179869784
17179892227,17179869893
17179892792,17179869607
17179893494,17179869411
17179893769,17179879346
17179894141,17179891672
17179894223,17179874969
17179894385,17179877906
17179894393,17179881782
17179894488,17179876307
17179895043,17179872487
17179895447,17179869924
17179895943,17179872142
17179896165,17179871763
17179896583,17179869417
17179896636,17179875849
17179897092,17179897092
17179897288,17179877251
17179897825,17179871805
17179898281,17179870052
17179898634,17179874217
17179898646,17179869190
17179898907,17179869826
17179898951,17179879541
17179898959,17179874883
17179899039,17179870373
17179899086,17179878508
17179899218,17179881424
17179899321,17179871127
17179899889,17179873898
17179900162,17179871599
17179900211,17179871080
17179900312,17179884492
17179901194,17179879667
17179901210,17179875091
17179901313,17179874431
17179901678,17179874958
17179902118,17179870656
17179902185,17179883836
17179902235,17179886213
17179902323,17179872582
17179902375,17179875132
17179902405,17179870707
17179869372,17179869372
17179869629,17179869629
17179869684,17179869684
17179869798,17179869798
17179870123,17179870123
17179870160,17179870160
17179870187,17179870095
17179870368,17179870368
17179870948,17179870948
17179871034,17179871034
17179871190,17179871190
17179871545,17179871545
17179871880,17179871880
17179871931,17179871931
17179872013,17179872013
17179872213,17179872213
17179872292,17179872292
17179872315,17179872315
17179872342,17179872342
17179872842,17179872842
17179873092,17179873092
17179873113,17179871699
17179873135,17179873062
17179873652,17179873652
17179874316,17179869766
17179874586,17179874586
17179874767,17179874767
17179874913,17179874913
17179875141,17179870306
17179875405,17179875405
17179875951,17179875653
17179876017,17179872342
17179876623,17179875194
17179877205,17179874286
17179877294,17179869229
17179877345,17179871564
17179877473,17179877233
17179877508,17179877508
17179877843,17179871072
17179877939,17179869247
17179878370,17179878370
17179878394,17179873781
17179878479,17179878479
17179878574,17179871966
17179879374,17179879374
17179879468,17179870315
17179879774,17179879774
17179879823,17179879823
17179879884,17179870721
17179879968,17179872725
17179880568,17179869423
17179880606,17179870170
17179880624,17179880624
17179880955,17179878317
17179881407,17179881407
17179881671,17179872508
17179881785,17179874649
17179881927,17179870522
17179881930,17179874825
17179882125,17179872540
17179882258,17179873652
17179882323,17179882323
17179882469,17179878395
17179882609,17179880083
17179882910,17179873940
17179882983,17179877508
17179883007,17179873657
17179883108,17179870897
17179883482,17179869816
17179883646,17179872963
17179883647,17179869736
17179883996,17179883996
17179884134,17179884134
17179884488,17179884488
17179884865,17179871063
17179885258,17179885258
17179885423,17179870504
17179885612,17179871582
17179885790,17179878192
17179885834,17179874684
17179886093,17179869458
17179886335,17179869260
17179886378,17179869983
17179886473,17179872737
17179887414,17179872221
17179887472,17179870444
17179888119,17179873310
17179888258,17179871820
17179888272,17179888272
17179888554,17179877980
17179888732,17179886650
17179888903,17179872644
17179889124,17179889124
17179889203,17179874276
17179889338,17179870081
17179889447,17179884845
17179889693,17179871475
17179889733,17179870951
17179889903,17179889903
17179890168,17179870993
17179890713,17179879325
17179890966,17179874035
17179891087,17179874168
17179891133,17179874193
17179891270,17179879233
17179891369,17179873559
17179891714,17179891714
17179891911,17179869185
17179892028,17179869458
17179892103,17179878290
17179892178,17179892178
17179892236,17179874052
17179892494,17179869377
17179892533,17179892533
17179892589,17179873520
17179892608,17179874027
17179892656,17179869209
17179892994,17179873480
17179893422,17179876050
17179893480,17179872748
17179893869,17179878607
17179893967,17179874965
17179894113,17179871491
17179894254,17179869240
17179894514,17179869202
17179894517,17179871793
17179894885,17179870334
17179895032,17179870303
17179895162,17179876626
17179895422,17179874713
17179895675,17179871335
17179895703,17179869721
17179895813,17179869681
17179895834,17179869336
17179895889,17179870977
17179895996,17179873076
17179896310,17179871395
17179896389,17179877671
17179896470,17179884917
17179896477,17179870091
17179896486,17179873467
17179896498,17179870469
17179896592,17179879325
17179896600,17179870306
17179896789,17179896789
17179897088,17179877317
17179897270,17179870286
17179898066,17179873362
17179899408,17179870825
17179899427,17179874335
17179899797,17179871686
17179899917,17179887597
17179900010,17179871134
17179900052,17179874778
17179900374,17179900374
17179900529,17179873487
17179900980,17179869500
17179901405,17179876771
17179901618,17179870881
17179901876,17179869434
17179901966,17179873603
17179901988,17179869708
17179902100,17179886177
17179902189,17179883044
17179902193,17179878558
17179902592,17179869289
17179869256,17179869256
17179869269,17179869269
17179869358,17179869358
17179869390,17179869390
17179869394,17179869394
17179869566,17179869566
17179870004,17179870004
17179870285,17179869424
17179870548,17179869955
17179870745,17179870745
17179870810,17179869475
17179871058,17179870907
17179871125,17179871125
17179871172,17179871172
17179871173,17179869629
17179871191,17179870782
17179871216,17179869760
17179871281,17179869518
17179871290,17179871290
17179871297,17179870856
17179871300,17179871300
17179871535,17179869422
17179871552,17179871552
17179872006,17179872006
17179872136,17179872136
17179872347,17179872347
17179872377,17179869522
17179872570,17179872570
17179872600,17179871955
17179872802,17179871826
17179873643,17179873643
17179873648,17179873648
17179873902,17179873902
17179873988,17179873988
17179874234,17179871351
17179874249,17179874249
17179874959,17179869950
17179875253,17179869438
17179875416,17179875416
17179875695,17179875695
17179875788,17179870578
17179875978,17179871449
17179876062,17179871498
17179876446,17179875468
17179876522,17179869680
17179876656,17179871346
17179877326,17179871408
17179877525,17179869729
17179877681,17179877681
17179877720,17179877414
17179877754,17179869630
17179878265,17179873494
17179878419,17179870042
17179878515,17179870900
17179879518,17179874976
17179879737,17179874493
17179879951,17179874707
17179880897,17179880897
17179881454,17179881454
17179881773,17179869863
17179881823,17179870695
17179882037,17179870636
17179882055,17179881032
17179882425,17179882425
17179882477,17179869672
17179882717,17179872038
17179883065,17179872522
17179883586,17179883586
17179883706,17179869336
17179883995,17179871946
17179884408,17179872156
17179884524,17179884524
17179884539,17179884539
17179884804,17179871024
17179884983,17179872542
17179885299,17179870723
17179885317,17179877312
17179885318,17179869995
17179885331,17179875360
17179885359,17179876887
17179885675,17179869871
17179885733,17179877928
17179885805,17179871453
17179885847,17179877330
17179885992,17179871732
17179886518,17179872586
17179886769,17179870154
17179886866,17179873245
17179887021,17179881937
17179887102,17179882035
17179887113,17179869790
17179887122,17179885582
17179887581,17179870896
17179887660,17179870283
17179887741,17179877316
17179887834,17179870372
17179888206,17179888206
17179888452,17179871364
17179888890,17179878807
17179889045,17179871044
17179889355,17179872880
17179889498,17179872029
17179889795,17179871719
17179889982,17179889982
17179890091,17179882597
17179890317,17179877301
17179890437,17179872342
17179890501,17179870207
17179890592,17179877557
17179890765,17179878780
17179890794,17179869708
17179891234,17179888714
17179891261,17179872943
17179891307,17179887157
17179891328,17179877283
17179891439,17179891439
17179891591,17179869819
17179891868,17179871339
17179892211,17179873008
17179892458,17179880102
17179892835,17179881135
17179892931,17179874622
17179893240,17179881848
17179893435,17179871804
17179893478,17179882042
17179894161,17179870289
17179894166,17179872191
17179894222,17179871564
17179894224,17179869602
17179894225,17179869197
17179894630,17179881302
17179894889,17179869678
17179894900,17179873879
17179894939,17179869932
17179895345,17179895345
17179895659,17179872383
17179895664,17179871699
17179895746,17179869756
17179895751,17179871097
17179895849,17179870391
17179895993,17179893041
17179896136,17179869960
17179896398,17179879621
17179896825,17179870073
17179897219,17179872798
17179897456,17179871437
17179897886,17179870336
17179898051,17179898051
17179898129,17179876299
17179898685,17179870147
17179898785,17179876312
17179898833,17179875474
17179899160,17179872240
17179899345,17179869591
17179899369,17179882473
17179899468,17179873585
17179899688,17179872292
17179899916,17179878284
17179899954,17179899954
17179900141,17179872293
17179900189,17179875307
17179900217,17179869817
17179900308,17179872510
17179900442,17179872574
17179900551,17179900551
17179900965,17179872596
17179901455,17179877533
17179901645,17179876177
17179901862,17179869381
17179902371,17179878697
17179869462,17179869462
17179869472,17179869472
17179869895,17179869895
17179870348,17179870348
17179870565,17179870256
17179870709,17179870709
17179870866,17179870866
17179870941,17179870941
17179871256,17179871256
17179871566,17179871566
17179871700,17179871700
17179871872,17179871872
17179872431,17179872431
17179872571,17179869353
17179872723,17179870867
17179872729,17179872729
17179872901,17179869414
17179872997,17179870289
17179873416,17179871243
17179873617,17179873617
17179873723,17179869615
17179873938,17179873938
17179874107,17179871276
17179874238,17179874238
17179874447,17179872536
17179874717,17179874717
17179875222,17179873274
17179875699,17179870717
17179876129,17179869277
17179876316,17179871734
17179876317,17179876317
17179876318,17179869576
17179876740,17179876740
17179877061,17179877061
17179877107,17179877107
17179877580,17179877580
17179877688,17179870816
17179878047,17179869487
17179878067,17179869412
17179878074,17179869625
17179878104,17179876183
17179878438,17179871123
17179878857,17179870170
17179878957,17179871417
17179879026,17179870446
17179879342,17179879342
17179879400,17179874191
17179879401,17179869526
17179879431,17179870411
17179879693,17179879693
17179880121,17179871172
17179880243,17179876176
17179880347,17179876878
17179880679,17179870122
17179881107,17179878818
17179881467,17179871238
17179881856,17179872263
17179882214,17179869754
17179882315,17179871230
17179882889,17179876476
17179883201,17179870459
17179883223,17179883223
17179883339,17179870890
17179883433,17179869412
17179883721,17179883498
17179883901,17179871214
17179884001,17179880586
17179884136,17179872647
17179884380,17179880919
17179884792,17179876925
17179885077,17179875307
17179885279,17179873539
17179885738,17179869939
17179885918,17179885918
17179886059,17179872520
17179886213,17179886213
17179886445,17179871741
17179886450,17179870713
17179886462,17179869377
17179886697,17179870944
17179886860,17179873995
17179886987,17179871100
17179887236,17179878792
17179887384,17179882709
17179887483,17179870846
17179887489,17179871142
17179887628,17179876206
17179887684,17179884882
17179887791,17179869559
17179887843,17179872312
17179887957,17179874522
17179888235,17179888235
17179888292,17179888292
17179888414,17179888414
17179888502,17179883579
17179888734,17179881810
17179888799,17179880132
17179888800,17179877955
17179888849,17179877811
17179889282,17179870546
17179889299,17179876335
17179889639,17179882709
17179889855,17179875187
17179889904,17179876594
17179890471,17179872314
17179890506,17179870140
17179890573,17179869704
17179890748,17179869240
17179890905,17179874381
17179891312,17179876133
17179891367,17179869804
17179891421,17179891421
17179891459,17179870524
17179891478,17179875901
17179891628,17179885583
17179891651,17179872674
17179892637,17179869807
17179892819,17179870433
17179893087,17179869631
17179893284,17179873226
17179893331,17179872543
17179893380,17179871599
17179893667,17179877629
17179893736,17179872612
17179893806,17179883996
17179894013,17179870054
17179894265,17179881926
17179894343,17179870677
17179894520,17179871136
17179894645,17179869434
17179894926,17179874377
17179895386,17179874724
17179895466,17179871146
17179895724,17179873210
17179895923,17179869336
17179896207,17179869585
17179896247,17179872818
17179896319,17179876248
17179896324,17179869766
17179896352,17179870119
17179896372,17179869452
17179896951,17179878499
17179897392,17179870943
17179897474,17179886540
17179897610,17179875726
17179897777,17179897777
17179897859,17179870029
17179898484,17179898484
17179898668,17179871424
17179898887,17179886881
17179898913,17179869713
17179899069,17179873090
17179899213,17179878393
17179899225,17179899225
17179899856,17179878620
17179899859,17179873990
17179900355,17179869518
17179900690,17179870641
17179900738,17179877343
17179901561,17179870015
17179902581,17179870714
17179902590,17179871658
17179869349,17179869349
17179869364,17179869299
17179869378,17179869378
17179869403,17179869403
17179870234,17179870234
17179870540,17179870357
17179870697,17179870697
17179870723,17179870723
17179870890,17179870890
17179871249,17179870611
17179871280,17179871280
17179871401,17179871401
17179871503,17179871503
17179871555,17179871555
17179871605,17179871605
17179872065,17179872065
17179872312,17179872312
17179872454,17179872454
17179872593,17179872593
17179872708,17179870453
17179872866,17179871570
17179872904,17179872904
17179872932,17179872932
17179873322,17179873322
17179873538,17179873538
17179873577,17179871592
17179873833,17179873833
17179874094,17179874094
17179874405,17179874405
17179874615,17179874615
17179874618,17179873873
17179874766,17179874766
17179875043,17179875043
17179875587,17179871178
17179875628,17179872725
17179875931,17179872781
17179875987,17179875987
17179875991,17179875991
17179876678,17179876678
17179876830,17179876830
17179876853,17179872393
17179877309,17179870375
17179877660,17179877660
17179877811,17179877811
17179878057,17179878057
17179878076,17179878076
17179878109,17179878109
17179878614,17179878614
17179878669,17179878669
17179879137,17179877968
17179879384,17179873207
17179879600,17179879600
17179879733,17179869466
17179879837,17179879837
17179879991,17179869649
17179880300,17179869584
17179880302,17179873205
17179880420,17179878674
17179880512,17179870092
17179880527,17179869253
17179880591,17179870332
17179880742,17179871966
17179880939,17179880669
17179881079,17179874313
17179881267,17179878756
17179881357,17179872787
17179881684,17179878281
17179881734,17179876884
17179882008,17179869630
17179882024,17179876549
17179882044,17179870591
17179882051,17179879077
17179882433,17179870100
17179882559,17179882559
17179882612,17179869597
17179882635,17179873340
17179882754,17179874164
17179883485,17179872316
17179883892,17179877814
17179884039,17179876994
17179884096,17179871388
17179884223,17179878354
17179884607,17179869465
17179884962,17179869254
17179885263,17179872978
17179885622,17179877009
17179885639,17179874216
17179885825,17179870093
17179885899,17179869583
17179886196,17179877641
17179886407,17179880344
17179886482,17179875809
17179886497,17179871138
17179886869,17179878052
17179887402,17179872669
17179887518,17179874936
17179887630,17179878367
17179887762,17179872970
17179887910,17179876008
17179888117,17179869646
17179888576,17179869634
17179888842,17179888842
17179888848,17179871093
17179889079,17179875528
17179889191,17179889191
17179889328,17179889328
17179889728,17179889728
17179889990,17179869562
17179890126,17179871583
17179890213,17179875058
17179890601,17179871997
17179890768,17179871897
17179891170,17179870699
17179891657,17179876730
17179891726,17179880192
17179891780,17179870043
17179891920,17179872406
17179892032,17179873963
17179892167,17179873140
17179892369,17179884905
17179892545,17179892545
17179892601,17179892601
17179893239,17179881269
17179894211,17179869361
17179894244,17179869428
17179894579,17179873571
17179894655,17179869386
17179895051,17179886991
17179895079,17179878434
17179895094,17179871914
17179895186,17179869630
17179895251,17179869584
17179895257,17179870176
17179895282,17179877046
17179895374,17179871041
17179895400,17179875846
17179895552,17179870710
17179895702,17179877063
17179895903,17179877107
17179895951,17179874058
17179896110,17179896110
17179896772,17179896772
17179896841,17179884095
17179897036,17179879213
17179897344,17179876594
17179897745,17179870757
17179897792,17179897792
17179897812,17179877507
17179898044,17179872610
17179898152,17179871873
17179898468,17179873433
17179898846,17179873385
17179898995,17179898995
17179898997,17179873307
17179899003,17179881384
17179899389,17179871400
17179899526,17179872378
17179899554,17179870595
17179900187,17179870429
17179900792,17179896818
17179900844,17179874022
17179900905,17179873310
17179901333,17179884240
17179869529,17179869529
17179869559,17179869559
17179869584,17179869584
17179869640,17179869508
17179870136,17179869243
17179870148,17179870148
17179870677,17179870677
17179870743,17179870743
17179870920,17179870920
17179871579,17179869473
17179871723,17179871723
17179871846,17179871846
17179871935,17179871935
17179872197,17179870779
17179872543,17179872543
17179872676,17179872676
17179872717,17179872717
17179872779,17179872779
17179872949,17179869880
17179873289,17179873289
17179873300,17179873300
17179873526,17179873526
17179873919,17179869184
17179873923,17179869667
17179874213,17179874210
17179874415,17179874415
17179874481,17179872143
17179875126,17179875126
17179875292,17179871659
17179875532,17179870478
17179875770,17179874944
17179875821,17179869649
17179875957,17179873668
17179876354,17179872291
17179876444,17179869423
17179876500,17179870597
17179876521,17179873414
17179877314,17179874429
17179877570,17179872026
17179877812,17179877812
17179877973,17179877973
17179878071,17179873048
17179878456,17179872737
17179878727,17179873385
17179878839,17179878839
17179879021,17179870000
17179879307,17179879307
17179879375,17179870357
17179879474,17179869623
17179879896,17179872680
17179879971,17179869715
17179880466,17179871157
17179880650,17179880650
17179881158,17179869625
17179881174,17179881174
17179881602,17179877917
17179882157,17179872337
17179882179,17179882179
17179882276,17179872981
17179882356,17179870252
17179882607,17179882139
17179882803,17179882803
17179882878,17179877389
17179882879,17179869979
17179882936,17179882936
17179882952,17179871023
17179883042,17179871569
17179883116,17179880132
17179883254,17179881968
17179883375,17179881853
17179884042,17179884042
17179884066,17179871227
17179884346,17179869843
17179884850,17179869253
17179884903,17179870409
17179884972,17179872813
17179885139,17179875289
17179885305,17179872166
17179885351,17179873652
17179885414,17179877782
17179885640,17179877208
17179885700,17179885700
17179885910,17179872777
17179886169,17179874209
17179886467,17179886467
17179886543,17179869542
17179886637,17179886637
17179886737,17179873245
17179886854,17179874026
17179886976,17179874377
17179887209,17179879317
17179887430,17179878707
17179887471,17179870289
17179888127,17179886552
17179888513,17179874615
17179890303,17179885164
17179890457,17179871408
17179890529,17179881235
17179890642,17179869442
17179890679,17179880081
17179891177,17179891177
17179891306,17179889792
17179891321,17179869996
17179891489,17179874371
17179891983,17179875275
17179892470,17179882013
17179892759,17179884535
17179893049,17179872545
17179893101,17179869686
17179893784,17179881081
17179893822,17179873297
17179893989,17179879570
17179894364,17179871477
17179894504,17179877579
17179895017,17179871278
17179896394,17179878792
17179896653,17179877624
17179896728,17179874057
17179896763,17179869325
17179896851,17179876177
17179896860,17179871626
17179896902,17179872120
17179897277,17179897277
17179897494,17179869886
17179897701,17179875606
17179897874,17179877991
17179897894,17179874203
17179898071,17179874631
17179898396,17179869649
17179898472,17179878282
17179898515,17179871419
17179898596,17179872574
17179898733,17179871099
17179898774,17179869275
17179898881,17179886467
17179899239,17179873019
17179899509,17179877823
17179899897,17179879570
17179900072,17179891924
17179900083,17179874631
17179900679,17179870487
17179901140,17179884134
17179901379,17179869446
17179901510,17179869888
17179901578,17179871588
17179901730,17179881937
17179902349,17179870797
17179902525,17179877351
17179869434,17179869434
17179869598,17179869598
17179869943,17179869943
17179870665,17179870665
17179870741,17179870741
17179870774,17179870774
17179870858,17179870858
17179871083,17179869655
17179871269,17179871269
17179871305,17179871305
17179871517,17179871517
17179871621,17179871621
17179871626,17179871626
17179871899,17179870799
17179872058,17179869661
17179873028,17179872469
17179873514,17179873514
17179873641,17179873641
17179873912,17179873912
17179874247,17179870963
17179874397,17179870115
17179874543,17179870015
17179874597,17179873668
17179874812,17179874812
17179875093,17179875093
17179875210,17179869616
17179875447,17179869939
17179875645,17179871738
17179875705,17179875110
17179875786,17179871103
17179875938,17179871138
17179876024,17179872282
17179876132,17179876132
17179876388,17179876052
17179876399,17179876399
17179876437,17179871562
17179876624,17179876624
17179876631,17179870604
17179876639,17179874881
17179876675,17179874992
17179876679,17179876679
17179876775,17179875289
17179876954,17179871233
17179876977,17179870823
17179877032,17179877032
17179877169,17179875029
17179877497,17179877497
17179877840,17179870000
17179878013,17179869777
17179878943,17179876538
17179879320,17179870717
17179879455,17179871285
17179880276,17179880276
17179880442,17179880442
17179880459,17179877674
17179880506,17179872570
17179880551,17179870725
17179881209,17179881209
17179881487,17179878329
17179881754,17179870647
17179882389,17179870710
17179882471,17179882471
17179882523,17179879059
17179882619,17179871139
17179883020,17179883020
17179883126,17179869484
17179883392,17179881401
17179883475,17179881085
17179883928,17179869201
17179883961,17179877811
17179884174,17179881945
17179884513,17179871862
17179884746,17179872144
17179884810,17179874650
17179884838,17179884838
17179885091,17179869926
17179885110,17179874259
17179885146,17179870015
17179885175,17179872900
17179885387,17179872970
17179885481,17179873131
17179885586,17179875156
17179885652,17179871178
17179885732,17179871951
17179885758,17179873391
17179885883,17179870982
17179885913,17179873170
17179885935,17179869814
17179886091,17179870730
17179886301,17179876321
17179886435,17179883340
17179886548,17179869947
17179886569,17179876133
17179886576,17179872468
17179886715,17179870560
17179886733,17179882703
17179886811,17179882386
17179886971,17179870273
17179887394,17179874226
17179887646,17179871195
17179887857,17179878440
17179888035,17179888035
17179888051,17179886504
17179888056,17179876422
17179888196,17179869423
17179888594,17179870007
17179888683,17179882438
17179888877,17179873068
17179889068,17179870291
17179889362,17179889362
17179889403,17179870479
17179889448,17179889448
17179890257,17179873559
17179890386,17179870391
17179890403,17179890403
17179890479,17179890479
17179890491,17179871349
17179890539,17179871865
17179890544,17179869935
17179890610,17179890610
17179890852,17179877795
17179890922,17179870736
17179891238,17179891238
17179891265,17179891265
17179891508,17179871274
17179891618,17179871464
17179891745,17179874326
17179891841,17179871137
17179891847,17179870629
17179891902,17179870289
17179892036,17179892036
17179892093,17179881035
17179892096,17179870638
17179892527,17179877255
17179892672,17179873755
17179892899,17179878713
17179894000,17179875982
17179894040,17179872038
17179894322,17179876261
17179894361,17179876578
17179894659,17179877256
17179894785,17179869734
17179894798,17179876471
17179895469,17179869757
17179895487,17179871130
17179895579,17179884643
17179895784,17179871276
17179895940,17179870357
17179896024,17179873062
17179896033,17179869810
17179896063,17179896063
17179896137,17179874800
17179896957,17179871814
17179897160,17179874834
17179897180,17179871139
17179897357,17179869284
17179897658,17179880175
17179897883,17179869769
17179897903,17179875561
17179898096,17179878324
17179898136,17179872747
17179898947,17179873469
17179899001,17179871873
17179899015,17179881843
17179899165,17179869620
17179899465,17179885893
17179899485,17179871097
17179899578,17179877580
17179899784,17179872799
17179900331,17179877312
17179900689,17179881081
17179900859,17179900859
17179900920,17179870947
17179901255,17179879560
17179901327,17179869259
17179901336,17179882615
17179902106,17179870096
17179902407,17179881006
17179902589,17179884684
17179869898,17179869898
17179869931,17179869931
17179870014,17179870014
17179870212,17179870212
17179870255,17179870255
17179870510,17179870510
17179870557,17179870557
17179871975,17179870853
17179872220,17179872220
17179872560,17179869491
17179872747,17179872747
17179872750,17179872655
17179873070,17179869268
17179873323,17179869931
17179873458,17179871912
17179873791,17179873791
17179873828,17179873828
17179874398,17179874015
17179874570,17179874570
17179874607,17179871787
17179874648,17179870372
17179874877,17179874877
17179875016,17179875016
17179875168,17179870531
17179875358,17179874489
17179875388,17179872593
17179875559,17179870645
17179876004,17179869938
17179876278,17179873254
17179876899,17179873794
17179876910,17179876910
17179877131,17179870789
17179877346,17179869634
17179877442,17179877442
17179877485,17179869266
17179877519,17179877519
17179877612,17179869715
17179877734,17179874411
17179877855,17179869649
17179878293,17179878293
17179878390,17179876171
17179878513,17179878513
17179878590,17179869926
17179878680,17179872707
17179878702,17179878702
17179878979,17179869772
17179879274,17179870719
17179879464,17179879464
17179879650,17179879650
17179879672,17179870467
17179879782,17179876577
17179880224,17179877641
17179880576,17179874819
17179881081,17179881081
17179881199,17179872468
17179881229,17179881229
17179881348,17179881348
17179881547,17179881547
17179881666,17179877488
17179881977,17179881977
17179883224,17179872453
17179883272,17179874446
17179883492,17179883492
17179883832,17179878103
17179883932,17179871170
17179884229,17179870405
17179884645,17179872803
17179884839,17179871233
17179885107,17179869935
17179885365,17179874635
17179885449,17179871214
17179885517,17179882438
17179885644,17179880779
17179885754,17179869998
17179885857,17179876327
17179886115,17179869649
17179886238,17179881081
17179886375,17179886375
17179886414,17179879918
17179887006,17179869715
17179887169,17179881972
17179887232,17179876582
17179887597,17179887597
17179887686,17179874067
17179887759,17179872338
17179887829,17179869532
17179888034,17179871755
17179888042,17179879163
17179888145,17179872820
17179888778,17179870315
17179888893,17179876434
17179889275,17179876217
17179889351,17179874302
17179889833,17179889833
17179890023,17179869370
17179890132,17179875464
17179890198,17179886701
17179890522,17179874906
17179890540,17179877872
17179890752,17179869756
17179890958,17179871178
17179890973,17179869861
17179891339,17179871040
17179891711,17179870818
17179891952,17179874359
17179891982,17179870906
17179892150,17179871691
17179892374,17179869734
17179892378,17179892378
17179892621,17179872384
17179892696,17179869559
17179893110,17179869887
17179893407,17179872566
17179893605,17179869196
17179893801,17179873618
17179893847,17179891209
17179894021,17179894021
17179894452,17179870921
17179894566,17179872928
17179894804,17179885811
17179894850,17179878303
17179894864,17179894864
17179895276,17179878939
17179895461,17179881417
17179895891,17179873467
17179896070,17179886176
17179896432,17179896281
17179896440,17179871491
17179896778,17179869470
17179896850,17179871400
17179897208,17179870641
17179897548,17179876325
17179897912,17179871912
17179898092,17179874244
17179898095,17179896357
17179898113,17179870898
17179898163,17179875726
17179898298,17179878133
17179898599,17179881810
17179898740,17179869489
17179899013,17179872143
17179899267,17179880220
17179899572,17179871592
17179899624,17179871743
17179899727,17179876294
17179899773,17179869568
17179899896,17179872387
17179900631,17179876680
17179900685,17179880795
17179900753,17179870653
17179900767,17179900767
17179901778,17179874093
17179902128,17179886698
17179902207,17179870260
17179902208,17179871912
17179902506,17179872381
17179902536,17179872632
17179869333,17179869333
17179869795,17179869795
17179869971,17179869971
17179870085,17179870085
17179870118,17179870118
17179870181,17179870181
17179870499,17179870499
17179870791,17179870791
17179871021,17179871012
17179871205,17179871205
17179871299,17179870272
17179871304,17179871304
17179871520,17179871520
17179871743,17179871743
17179871942,17179871942
17179872144,17179872144
17179872549,17179872549
17179872738,17179871372
17179872763,17179872763
17179872830,17179872830
17179873177,17179870380
17179873237,17179873237
17179873400,17179873400
17179873404,17179869404
17179873893,17179873893
17179874262,17179870412
17179874567,17179873687
17179874739,17179870992
17179874863,17179874863
17179874912,17179872105
17179874943,17179874943
17179874956,17179869795
17179875569,17179872422
17179875619,17179869716
17179875790,17179875790
17179875827,17179875827
17179875874,17179870717
17179875971,17179875971
17179876122,17179876122
17179876273,17179869261
17179876483,17179876483
17179876561,17179871094
17179876650,17179870975
17179876742,17179876742
17179876787,17179869660
17179876844,17179876844
17179877006,17179869226
17179877084,17179872636
17179877781,17179877781
17179877887,17179877887
17179878141,17179869615
17179878316,17179869784
17179878351,17179869919
17179878706,17179869619
17179878852,17179878852
17179878959,17179877669
17179878982,17179878982
17179879300,17179879300
17179879364,17179871552
17179879526,17179870015
17179879577,17179879577
17179879668,17179879668
17179879933,17179872011
17179879938,17179878655
17179880192,17179880192
17179880212,17179870754
17179880308,17179877488
17179880335,17179869243
17179880585,17179869890
17179880817,17179870690
17179880894,17179880894
17179881007,17179875307
17179881017,17179877636
17179881033,17179872965
17179881365,17179881365
17179881502,17179881502
17179881795,17179871716
17179882052,17179881006
17179882454,17179874969
17179882539,17179876632
17179882608,17179879183
17179883018,17179871192
17179883260,17179874868
17179883351,17179883351
17179883515,17179869735
17179883517,17179874185
17179883645,17179870015
17179883737,17179869912
17179883770,17179883770
17179884032,17179884032
17179884091,17179880998
17179884338,17179870280
17179884389,17179871266
17179884723,17179872954
17179884782,17179870308
17179884874,17179870449
17179884918,17179876534
17179885914,17179879799
17179885943,17179869432
17179885946,17179872191
17179886526,17179886526
17179886623,17179871351
17179886799,17179874412
17179886806,17179879355
17179887015,17179870903
17179887033,17179887033
17179887042,17179870275
17179887104,17179877872
17179887358,17179880426
17179887397,17179887397
17179887438,17179872071
17179887681,17179873015
17179887817,17179870840
17179887897,17179872787
17179888097,17179888097
17179888109,17179878632
17179888370,17179888370
17179888477,17179875708
17179888788,17179879122
17179888806,17179878422
17179888943,17179875063
17179888958,17179869940
17179889091,17179869623
17179889126,17179879989
17179889213,17179880040
17179889415,17179875299
17179889619,17179884840
17179889706,17179879893
17179889729,17179880930
17179889793,17179889793
17179889995,17179869332
17179890405,17179881618
17179890424,17179876969
17179890493,17179884488
17179890728,17179876683
17179890782,17179890782
17179890795,17179869253
17179890961,17179869215
17179891166,17179878755
17179891492,17179872628
17179892159,17179872570
17179892395,17179873833
17179892406,17179873336
17179892547,17179873241
17179892631,17179877100
17179892698,17179892698
17179892829,17179869710
17179892849,17179892849
17179892988,17179869423
17179893189,17179871510
17179893606,17179876029
17179893775,17179872321
17179893889,17179870744
17179894105,17179870449
17179894155,17179873990
17179894304,17179872959
17179894396,17179869231
17179894672,17179870718
17179894969,17179871228
17179895596,17179895596
17179895716,17179872819
17179896069,17179869817
17179896172,17179874259
17179896202,17179896202
17179896242,17179870233
17179896356,17179877636
17179896437,17179876312
17179896746,17179884436
17179896768,17179881872
17179897008,17179870092
17179897115,17179871895
17179897241,17179870935
17179897263,17179870755
17179897298,17179897298
17179897808,17179873125
17179897831,17179872039
17179898012,17179871476
17179898342,17179870104
17179898753,17179872580
17179898928,17179880066
17179899031,17179899031
17179899234,17179877455
17179899382,17179899382
17179899392,17179869912
17179899625,17179870683
17179899636,17179870016
17179899772,17179875138
17179899970,17179869371
17179900022,17179870478
17179900109,17179872888
17179900178,17179872565
17179900203,17179874345
17179900472,17179869950
17179900669,17179870653
17179900842,17179874150
17179900849,17179876094
17179900924,17179869991
17179901113,17179872833
17179901490,17179883925
17179901679,17179870401
17179901986,17179870015
17179902539,17179876679
17179869248,17179869248
17179869417,17179869417
17179869526,17179869526
17179869661,17179869661
17179869922,17179869922
17179870201,17179869295
17179870366,17179870366
17179870727,17179870727
17179871001,17179870750
17179871419,17179871419
17179871478,17179871478
17179871485,17179871485
17179871683,17179869283
17179872345,17179870374
17179872563,17179870261
17179872886,17179872886
17179872908,17179872908
17179872963,17179872963
17179873108,17179873108
17179873198,17179869295
17179873221,17179873221
17179873231,17179873231
17179873447,17179871314
17179873496,17179871529
17179873637,17179872534
17179873638,17179869826
17179874256,17179874256
17179874353,17179874353
17179874435,17179874435
17179874478,17179874478
17179874929,17179874929
17179875087,17179874093
17179875540,17179872321
17179875840,17179869616
17179876387,17179876387
17179876418,17179876418
17179876449,17179876449
17179876637,17179873937
17179876791,17179873940
17179877157,17179876292
17179877188,17179877188
17179877413,17179871681
17179877517,17179870035
17179877536,17179870972
17179877590,17179873362
17179877829,17179870385
17179878093,17179872366
17179878182,17179870405
17179878599,17179878599
17179878621,17179871501
17179879165,17179874287
17179879176,17179874906
17179879257,17179879181
17179879361,17179869784
17179879442,17179874529
17179879651,17179871375
17179880049,17179872142
17179880326,17179875324
17179880489,17179875311
17179880777,17179880777
17179881010,17179881010
17179881161,17179875597
17179881163,17179881163
17179881330,17179872093
17179882151,17179870335
17179882193,17179871174
17179882355,17179869564
17179883049,17179871705
17179883066,17179883066
17179883217,17179883217
17179883455,17179877437
17179883606,17179869455
17179883709,17179869967
17179884364,17179869925
17179884726,17179870272
17179884908,17179869772
17179884940,17179884032
17179884996,17179871195
17179885308,17179870300
17179885361,17179876011
17179885458,17179885458
17179885479,17179875337
17179885557,17179870152
17179885593,17179873057
17179885745,17179869434
17179885799,17179885799
17179885985,17179877719
17179886014,17179869525
17179886267,17179873615
17179886325,17179872789
17179886458,17179883806
17179886644,17179871638
17179886779,17179882705
17179886832,17179873294
17179887735,17179872409
17179888015,17179874255
17179888115,17179882021
17179888221,17179888221
17179888439,17179870989
17179888498,17179873061
17179888726,17179874588
17179888801,17179869857
17179888915,17179878796
17179889055,17179871172
17179889214,17179877739
17179889541,17179873615
17179890090,17179869868
17179890232,17179874595
17179890277,17179877987
17179890278,17179875606
17179890456,17179871918
17179890872,17179875171
17179891470,17179869526
17179891558,17179875832
17179891568,17179869609
17179891724,17179869480
17179891760,17179873504
17179891836,17179875207
17179891880,17179874913
17179891962,17179871649
17179892173,17179873536
17179892247,17179877968
17179892820,17179875900
17179892904,17179875233
17179893280,17179893280
17179893296,17179878180
17179893392,17179871125
17179893455,17179880765
17179893582,17179873814
17179893613,17179870720
17179893680,17179893680
17179894008,17179877509
17179894048,17179870818
17179894147,17179894147
17179894629,17179873378
17179894975,17179871582
17179895433,17179874353
17179896120,17179874284
17179896204,17179869336
17179896469,17179889569
17179896683,17179869423
17179896912,17179881393
17179897210,17179897210
17179897311,17179870388
17179897467,17179869689
17179897644,17179878725
17179897747,17179870289
17179897893,17179876147
17179898131,17179874135
17179898214,17179873907
17179898235,17179873826
17179898341,17179885811
17179898636,17179873387
17179898653,17179876228
17179898732,17179870145
17179899065,17179870844
17179899207,17179877632
17179899367,17179872191
17179899386,17179871730
17179899510,17179899225
17179899652,17179879479
17179899701,17179880175
17179899946,17179878133
17179900275,17179878216
17179900772,17179882925
17179901071,17179871112
17179901085,17179871150
17179901390,17179873781
17179901568,17179873670
17179901718,17179879122
17179902271,17179871349
17179902348,17179869271
17179902440,17179902440
17179902628,17179878199
17179869303,17179869303
17179869518,17179869518
17179869561,17179869561
17179869763,17179869763
17179869779,17179869779
17179870248,17179870248
17179870308,17179870308
17179870658,17179870658
17179870671,17179870671
17179871052,17179871052
17179871214,17179871214
17179871219,17179870259
17179871387,17179871387
17179871504,17179871504
17179871967,17179869409
17179872005,17179872005
17179872471,17179872471
17179872506,17179872506
17179872622,17179872622
17179872684,17179872598
17179873106,17179871534
17179873244,17179873244
17179873616,17179869194
17179873736,17179873736
17179873963,17179873963
17179875160,17179874684
17179875458,17179869719
17179875563,17179872487
17179875744,17179871698
17179876082,17179870781
17179876276,17179876276
17179876692,17179876692
17179876735,17179876735
17179876760,17179876760
17179876863,17179870453
17179876883,17179871150
17179876888,17179871993
17179877135,17179872476
17179877386,17179870094
17179877578,17179873790
17179878124,17179878124
17179878624,17179872210
17179878643,17179870441
17179878752,17179874446
17179878836,17179871130
17179879005,17179879005
17179879135,17179878359
17179879195,17179875607
17179879215,17179873474
17179879298,17179879298
17179880329,17179869361
17179880739,17179869306
17179880810,17179869590
17179880883,17179871393
17179880893,17179869630
17179881247,17179881247
17179881319,17179872240
17179881479,17179869274
17179881571,17179869435
17179881986,17179873249
17179882033,17179882033
17179882122,17179879172
17179882165,17179873480
17179882603,17179870723
17179882644,17179882644
17179882942,17179880669
17179882987,17179881152
17179883814,17179869625
17179884046,17179869365
17179884067,17179869250
17179884069,17179874417
17179884186,17179871894
17179884368,17179871809
17179884398,17179876380
17179884845,17179884845
17179884946,17179870235
17179885547,17179869766
17179886108,17179869826
17179886148,17179880488
17179886331,17179873178
17179886362,17179876495
17179886428,17179869840
17179886740,17179886740
17179886757,17179879634
17179886789,17179869936
17179886906,17179876672
17179886968,17179881380
17179887078,17179875004
17179887242,17179870665
17179887600,17179885451
17179887756,17179878108
17179887813,17179869423
17179888329,17179869607
17179888769,17179886006
17179888908,17179888908
17179889067,17179874976
17179889089,17179873490
17179889298,17179872431
17179889508,17179869936
17179889529,17179884036
17179889600,17179877107
17179889656,17179878987
17179889824,17179876294
17179890020,17179870967
17179890044,17179869616
17179890535,17179873019
17179890873,17179875981
17179891022,17179871912
17179891871,17179872166
17179891951,17179870987
17179892168,17179878152
17179892217,17179871473
17179892702,17179872214
17179893164,17179869554
17179893209,17179874162
17179893221,17179893221
17179893237,17179869943
17179893241,17179870966
17179893322,17179877950
17179893851,17179869630
17179893893,17179869983
17179893957,17179878409
17179894009,17179875298
17179894258,17179869801
17179894602,17179871639
17179895091,17179875114
17179895095,17179880529
17179895158,17179873995
17179895236,17179882471
17179895733,17179895733
17179895783,17179895783
17179896237,17179888685
17179896471,17179879857
17179896564,17179873771
17179896571,17179896571
17179896612,17179871606
17179896677,17179869586
17179896690,17179871660
17179897614,17179877919
17179897662,17179869492
17179897980,17179897980
17179898067,17179870931
17179898407,17179869616
17179898412,17179874800
17179898443,17179873400
17179898481,17179873816
17179898491,17179870054
17179898525,17179869285
17179898725,17179875321
17179898758,17179883217
17179899009,17179874374
17179899205,17179873963
17179899668,17179871933
17179900108,17179875073
17179900274,17179870710
17179900318,17179873949
17179900323,17179869580
17179900440,17179869805
17179900692,17179876021
17179901109,17179869974
17179901151,17179871763
17179901207,17179869997
17179901236,17179885000
17179901867,17179869692
17179901903,17179870465
17179870111,17179869393
17179870156,17179870009
17179870429,17179870429
17179870529,17179869278
17179870656,17179870656
17179870715,17179870715
17179870847,17179870847
17179871097,17179871097
17179871389,17179871389
17179871730,17179871730
17179871921,17179870144
17179872137,17179872137
17179872910,17179872910
17179872991,17179872991
17179873225,17179873225
17179874281,17179871315
17179874292,17179872159
17179874536,17179874536
17179874638,17179872712
17179874707,17179874707
17179874807,17179873001
17179875021,17179873495
17179875079,17179869597
17179875338,17179875338
17179875880,17179875880
17179876057,17179871122
17179876153,17179876153
17179876219,17179876219
17179876336,17179876336
17179876371,17179871444
17179876454,17179870134
17179876581,17179876581
17179876691,17179869619
17179876852,17179876852
17179877010,17179877010
17179877085,17179877085
17179877463,17179872134
17179877479,17179877479
17179877760,17179877760
17179877804,17179877804
17179877844,17179876072
17179877991,17179877991
17179878029,17179878029
17179878083,17179869426
17179878286,17179870114
17179878424,17179876325
17179878719,17179870481
17179878810,17179870026
17179878916,17179870101
17179878963,17179872923
17179879069,17179872826
17179879235,17179878508
17179879337,17179874244
17179879486,17179877068
17179879517,17179869881
17179879540,17179870198
17179879828,17179873010
17179879903,17179873698
17179880141,17179880141
17179880230,17179878544
17179880256,17179879322
17179881122,17179875275
17179881339,17179872601
17179881593,17179870119
17179881644,17179870589
17179881830,17179874564
17179882117,17179869466
17179882418,17179876369
17179882430,17179878370
17179882631,17179870790
17179882876,17179881156
17179882949,17179870101
17179883087,17179874119
17179883239,17179871769
17179883576,17179880033
17179883618,17179875093
17179883669,17179869868
17179884094,17179884094
17179884693,17179880069
17179885434,17179878632
17179885538,17179874929
17179885542,17179872302
17179885683,17179885683
17179885951,17179877365
17179885993,17179870707
17179886214,17179879560
17179886240,17179874249
17179886369,17179878385
17179886593,17179871213
17179887454,17179872985
17179887642,17179871915
17179887844,17179880961
17179887896,17179873291
17179887990,17179887990
17179888328,17179870993
17179888420,17179871233
17179888505,17179888505
17179888580,17179878164
17179888672,17179881693
17179889145,17179889145
17179889182,17179879123
17179889379,17179871074
17179889474,17179869941
17179889519,17179879650
17179890203,17179885164
17179890238,17179871063
17179890468,17179869341
17179890564,17179870114
17179890595,17179877524
17179890841,17179870428
17179890891,17179879597
17179890915,17179870026
17179891175,17179876189
17179891282,17179872168
17179891503,17179877316
17179891521,17179873199
17179891566,17179884511
17179891617,17179869498
17179891645,17179876224
17179891765,17179878425
17179891802,17179891802
17179891854,17179869365
17179891878,17179891878
17179891923,17179870549
17179892088,17179870630
17179892357,17179870444
17179892539,17179877973
17179892671,17179872979
17179892713,17179871112
17179892852,17179883974
17179893070,17179869678
17179893390,17179872515
17179893464,17179872678
17179893824,17179871675
17179894314,17179869378
17179894612,17179877673
17179894680,17179872525
17179894739,17179873901
17179894951,17179875453
17179894976,17179871495
17179895122,17179870825
17179895368,17179875592
17179895372,17179869284
17179895583,17179871792
17179896087,17179870593
17179896433,17179870092
17179896603,17179869922
17179896776,17179874513
17179896844,17179869465
17179897044,17179876447
17179897619,17179879989
17179897680,17179876533
17179897732,17179874406
17179897961,17179870959
17179898385,17179874591
17179898697,17179872196
17179899709,17179873507
17179899899,17179877887
17179899965,17179871275
17179899966,17179873667
17179900132,17179869784
17179900458,17179869886
17179900715,17179869532
17179901004,17179869503
17179901136,17179901136
17179901149,17179886951
17179901244,17179870036
17179901467,17179870342
17179901975,17179894696
17179902081,17179869390
17179902301,17179879113
17179902418,17179871207
17179902459,17179902459
17179869315,17179869315
17179869392,17179869392
17179869869,17179869869
17179870055,17179870055
17179870257,17179870257
17179870647,17179870647
17179870903,17179870903
17179871371,17179871371
17179871477,17179871477
17179871614,17179871614
17179871649,17179871649
17179871658,17179871658
17179871772,17179869404
17179872160,17179870405
17179872164,17179872164
17179872787,17179872787
17179872970,17179872970
17179873572,17179869649
17179873595,17179872905
17179873631,17179869515
17179873649,17179869940
17179873877,17179869630
17179874153,17179871148
17179874421,17179873850
17179874522,17179874522
17179874655,17179870668
17179874686,17179874686
17179874809,17179874809
17179874815,17179874815
17179874849,17179870695
17179875236,17179871717
17179875441,17179869459
17179875497,17179869455
17179875570,17179870092
17179875631,17179873414
17179875829,17179872885
17179876144,17179871029
17179876187,17179876187
17179876257,17179876257
17179876263,17179871139
17179876288,17179869248
17179876348,17179876348
17179876600,17179872440
17179876736,17179876476
17179876800,17179871213
17179876811,17179871969
17179876814,17179871237
17179877102,17179869273
17179877127,17179877127
17179877192,17179877192
17179877235,17179870092
17179877452,17179871181
17179877874,17179873495
17179878002,17179869377
17179878179,17179872315
17179878440,17179878440
17179878584,17179871566
17179878828,17179872766
17179879264,17179877538
17179879403,17179879403
17179879765,17179878725
17179880012,17179869455
17179880086,17179869710
17179880779,17179880779
17179881032,17179881032
17179881176,17179869735
17179881812,17179869551
17179882019,17179882019
17179882180,17179871630
17179882317,17179869423
17179882326,17179882326
17179882807,17179869644
17179883131,17179876222
17179883621,17179875325
17179884141,17179871773
17179884246,17179873421
17179884326,17179884326
17179884402,17179870014
17179884535,17179884535
17179884687,17179874493
17179884924,17179872214
17179885120,17179885120
17179885186,17179872387
17179885382,17179877991
17179885440,17179880103
17179885888,17179876868
17179886217,17179879328
17179886239,17179879197
17179886366,17179872210
17179886507,17179872804
17179886641,17179870720
17179886965,17179870855
17179887948,17179872112
17179888368,17179873452
17179888543,17179888543
17179888677,17179870011
17179888752,17179870035
17179888821,17179888821
17179889383,17179889383
17179889641,17179872316
17179889744,17179874389
17179890387,17179871511
17179890831,17179870388
17179890857,17179874412
17179890876,17179873253
17179891120,17179889145
17179891377,17179870108
17179891409,17179886177
17179891626,17179869499
17179891631,17179881139
17179891650,17179882405
17179891965,17179876868
17179892477,17179892477
17179892548,17179869967
17179892678,17179873271
17179892975,17179892975
17179893053,17179878731
17179893238,17179873308
17179893311,17179893311
17179893514,17179879298
17179893852,17179873027
17179893920,17179871030
17179894005,17179893374
17179894098,17179894098
17179894195,17179870303
17179894583,17179888733
17179894623,17179870304
17179894647,17179881643
17179894847,17179871043
17179894871,17179889145
17179895058,17179873335
17179895182,17179877486
17179895193,17179874883
17179895501,17179878341
17179895604,17179869916
17179895736,17179869551
17179896107,17179870603
17179896254,17179896254
17179896463,17179883805
17179896531,17179896531
17179896532,17179873166
17179896792,17179869256
17179896823,17179896823
17179897376,17179871055
17179897388,17179870934
17179897395,17179872785
17179898236,17179898236
17179898458,17179878341
17179898495,17179873850
17179898496,17179875198
17179898998,17179871797
17179899118,17179871840
17179899197,17179882556
17179899327,17179871890
17179899423,17179870481
17179899732,17179883343
17179899827,17179870334
17179900011,17179873256
17179900077,17179870431
17179900176,17179878773
17179900305,17179877219
17179900663,17179879060
17179900720,17179872667
17179900884,17179876933
17179901157,17179869998
17179901311,17179872566
17179901357,17179869616
17179901358,17179875790
17179901408,17179872833
17179901477,17179875654
17179901612,17179870982
17179901653,17179901653
17179901904,17179871840
17179901906,17179871809
17179901990,17179870750
17179902070,17179874673
17179902109,17179871699
17179902455,17179873408
17179902484,17179874329
17179902622,17179874666
17179869218,17179869218
17179869247,17179869247
17179869336,17179869336
17179869412,17179869412
17179869515,17179869515
17179869520,17179869520
17179869737,17179869737
17179870247,17179870247
17179870716,17179870716
17179871156,17179871156
17179871230,17179871230
17179871347,17179871347
17179871495,17179871495
17179871707,17179871707
17179872500,17179870324
17179872650,17179871915
17179872673,17179870746
17179872751,17179871426
17179872895,17179872895
17179873053,17179873053
17179873219,17179870353
17179873235,17179873235
17179873476,17179873476
17179873521,17179872603
17179873726,17179873726
17179873916,17179873916
17179874095,17179871483
17179874413,17179872155
17179874663,17179874663
17179874859,17179874859
17179874927,17179873379
17179875059,17179869291
17179875131,17179870394
17179875261,17179875261
17179875303,17179869536
17179875393,17179875393
17179875614,17179875614
17179875649,17179869961
17179875671,17179875671
17179876007,17179876007
17179876455,17179870282
17179876859,17179870714
17179876966,17179876966
17179877124,17179872103
17179877430,17179869290
17179877461,17179877461
17179877593,17179877593
17179877608,17179869544
17179877826,17179870489
17179878522,17179878522
17179879212,17179879212
17179879330,17179869743
17179879724,17179876857
17179879730,17179879730
17179880029,17179869472
17179880282,17179872366
17179880461,17179875641
17179880857,17179870491
17179880971,17179872679
17179881309,17179870453
17179881731,17179869928
17179881732,17179873010
17179882217,17179882217
17179882372,17179873062
17179882431,17179872762
17179882854,17179871820
17179883213,17179875451
17179883611,17179878864
17179883684,17179875298
17179884325,17179873470
17179884468,17179869583
17179884495,17179884495
17179884502,17179871462
17179884519,17179869894
17179884799,17179870227
17179885174,17179869413
17179885327,17179875493
17179885407,17179872555
17179885465,17179875446
17179885500,17179876730
17179886004,17179869649
17179886380,17179886380
17179886383,17179883365
17179886798,17179872690
17179886867,17179870372
17179887059,17179885739
17179887332,17179887332
17179887349,17179874516
17179887771,17179872644
17179888121,17179872191
17179888252,17179888252
17179888691,17179877946
17179888887,17179869584
17179888947,17179869439
17179889149,17179889149
17179889198,17179875228
17179889318,17179878726
17179889411,17179889411
17179889572,17179869651
17179889586,17179869245
17179889629,17179889629
17179890208,17179890208
17179890320,17179871273
17179890389,17179873565
17179890418,17179877892
17179890422,17179870520
17179890997,17179870954
17179891441,17179881547
17179891456,17179869347
17179891862,17179870079
17179891924,17179891924
17179892068,17179872679
17179892106,17179892106
17179892206,17179871787
17179892261,17179870999
17179892618,17179892618
17179892622,17179874266
17179892677,17179878770
17179892767,17179874112
17179892778,17179892778
17179893080,17179878935
17179893083,17179893083
17179893108,17179884895
17179893134,17179884684
17179893276,17179877774
17179893337,17179873476
17179893409,17179869922
17179893437,17179872927
17179893704,17179887898
17179893921,17179874439
17179893952,17179884647
17179894007,17179894007
17179894369,17179870703
17179895132,17179871732
17179895644,17179869225
17179895776,17179869390
17179896006,17179874919
17179896023,17179870797
17179896363,17179870316
17179896436,17179878897
17179896493,17179875812
17179896565,17179871602
17179896717,17179874172
17179896811,17179896811
17179897060,17179871672
17179897101,17179871566
17179897149,17179875694
17179897557,17179870988
17179897626,17179881401
17179897679,17179874835
17179897782,17179869649
17179898084,17179872942
17179898149,17179883297
17179898627,17179874514
17179898670,17179869708
17179900076,17179874874
17179900135,17179876095
17179900244,17179870823
17179900798,17179869967
17179900921,17179883559
17179901355,17179869408
17179901457,17179879550
17179901541,17179901541
17179901575,17179874356
17179901940,17179901940
17179901981,17179880391
17179902573,17179878651
17179869257,17179869257
17179869275,17179869275
17179869464,17179869464
17179869558,17179869558
17179870007,17179870007
17179870112,17179870112
17179870143,17179870143
17179870524,17179870524
17179870859,17179870859
17179870959,17179870959
17179871385,17179871385
17179871589,17179869577
17179871905,17179870840
17179872205,17179869434
17179872772,17179872772
17179872983,17179869437
17179873054,17179873054
17179873258,17179869606
17179873430,17179873430
17179873627,17179872652
17179873718,17179873718
17179873973,17179870293
17179874045,17179869780
17179874097,17179874097
17179874199,17179869218
17179874237,17179874237
17179874469,17179874469
17179874470,17179874470
17179874690,17179870394
17179874798,17179870754
17179874811,17179871167
17179874854,17179874740
17179875372,17179875372
17179875376,17179875376
17179875485,17179871555
17179875507,17179875507
17179875741,17179873307
17179875747,17179871417
17179876410,17179869247
17179876714,17179870092
17179877878,17179869231
17179878081,17179870467
17179878302,17179873275
17179878346,17179872062
17179878773,17179878773
17179878787,17179872265
17179879091,17179870707
17179879103,17179879103
17179879108,17179869940
17179879592,17179877461
17179879618,17179873462
17179879976,17179869461
17179880045,17179870858
17179880526,17179878550
17179880673,17179880673
17179880674,17179871937
17179880744,17179870360
17179880991,17179870340
17179881053,17179878389
17179881160,17179874185
17179881178,17179874482
17179881236,17179872995
17179881438,17179872256
17179881461,17179870909
17179882283,17179875163
17179882357,17179869767
17179882397,17179869256
17179883015,17179870123
17179883277,17179871639
17179883462,17179877016
17179884018,17179882905
17179884221,17179869434
17179884719,17179884719
17179885000,17179885000
17179885080,17179882156
17179885208,17179871135
17179885243,17179870735
17179885659,17179885659
17179885724,17179879059
17179885884,17179877895
17179886211,17179871877
17179886379,17179870574
17179886540,17179886540
17179886559,17179871779
17179886617,17179871195
17179886797,17179871599
17179886962,17179876767
17179887445,17179881302
17179887720,17179879355
17179888204,17179869233
17179888237,17179869238
17179888482,17179883770
17179888632,17179880572
17179888773,17179883413
17179888862,17179869886
17179888902,17179870321
17179888975,17179870535
17179889128,17179882459
17179889157,17179869817
17179889260,17179884032
17179889440,17179882473
17179889754,17179872131
17179890533,17179876369
17179890760,17179890760
17179890806,17179874684
17179890928,17179871574
17179891148,17179874693
17179891526,17179871195
17179891990,17179875062
17179892642,17179869434
17179892651,17179874611
17179892658,17179869954
17179892676,17179873054
17179892692,17179870950
17179892746,17179872285
17179892834,17179871570
17179892970,17179870576
17179893041,17179893041
17179893445,17179877804
17179893771,17179870279
17179893823,17179880272
17179893997,17179879692
17179894066,17179873558
17179894610,17179871745
17179894908,17179869297
17179895065,17179893280
17179895654,17179890216
17179896296,17179878482
17179896357,17179896357
17179896380,17179896380
17179897096,17179881369
17179897291,17179880549
17179897556,17179869584
17179897730,17179870423
17179897760,17179871155
17179898300,17179869512
17179898431,17179870402
17179898999,17179870661
17179899258,17179886627
17179899343,17179886681
17179900031,17179871717
17179900345,17179875242
17179900733,17179885739
17179900981,17179871351
17179901291,17179869386
17179901707,17179872799
17179901725,17179872515
17179902139,17179874278
17179902338,17179872555
17179902351,17179873332
17179902552,17179880340
17179869513,17179869513
17179869531,17179869531
17179869891,17179869891
17179869964,17179869964
17179870025,17179870025
17179870142,17179870142
17179870390,17179870390
17179870472,17179870472
17179870691,17179870191
17179870928,17179870928
17179871057,17179871057
17179871202,17179869827
17179871311,17179871311
17179871328,17179871328
17179871563,17179869419
17179871600,17179871600
17179871808,17179871808
17179872064,17179872064
17179872127,17179872127
17179872374,17179872374
17179872496,17179869631
17179872578,17179872578
17179872846,17179869912
17179872934,17179872934
17179873208,17179871365
17179873351,17179873126
17179873365,17179873365
17179873519,17179869299
17179873532,17179873532
17179873566,17179871829
17179874084,17179874084
17179875051,17179869602
17179875104,17179872531
17179875511,17179873230
17179875848,17179874389
17179875882,17179874871
17179876286,17179876286
17179876439,17179870162
17179876634,17179870437
17179876896,17179875814
17179877220,17179871909
17179877834,17179876828
17179878088,17179870737
17179878471,17179869544
17179878876,17179870272
17179878949,17179873126
17179879012,17179869777
17179879067,17179871621
17179879131,17179879131
17179881370,17179872364
17179881505,17179872536
17179881559,17179869879
17179881943,17179871933
17179882113,17179869404
17179882234,17179869863
17179882253,17179871364
17179883233,17179879453
17179883760,17179877029
17179883834,17179874106
17179883837,17179875307
17179883866,17179870273
17179883900,17179876267
17179884010,17179869423
17179884226,17179876422
17179884530,17179880945
17179884555,17179870520
17179884789,17179881159
17179885008,17179871473
17179885047,17179880033
17179885130,17179879308
17179885254,17179877395
17179885302,17179870145
17179885443,17179877566
17179885564,17179881233
17179885596,17179874724
17179886111,17179871167
17179886132,17179871838
17179886625,17179874162
17179886713,17179869976
17179886812,17179872633
17179887121,17179887121
17179887192,17179870803
17179887266,17179886650
17179887388,17179885838
17179887429,17179873027
17179887535,17179872364
17179887560,17179869477
17179887602,17179878272
17179887659,17179881264
17179887744,17179881750
17179887746,17179876003
17179887793,17179887793
17179888200,17179880741
17179888288,17179876534
17179888469,17179869250
17179888501,17179870020
17179888916,17179874915
17179889237,17179870955
17179889336,17179889336
17179889339,17179878599
17179890174,17179873804
17179890247,17179890247
17179890258,17179877100
17179890399,17179878171
17179890561,17179872125
17179890663,17179875194
17179890671,17179874513
17179890676,17179880103
17179890827,17179870597
17179890911,17179876165
17179891008,17179869386
17179891286,17179881592
17179891362,17179875327
17179891957,17179872417
17179892112,17179874328
17179892377,17179873569
17179892586,17179882326
17179892927,17179872962
17179893264,17179871577
17179893543,17179893543
17179893980,17179870218
17179893991,17179887433
17179894681,17179877316
17179894970,17179872561
17179895088,17179871629
17179895298,17179870692
17179895302,17179871029
17179895440,17179871852
17179895812,17179871402
17179895828,17179873110
17179895884,17179876822
17179895894,17179869649
17179895912,17179878342
17179896056,17179870486
17179896265,17179896265
17179896455,17179881853
17179896596,17179871340
17179896937,17179871686
17179897002,17179876825
17179897308,17179880673
17179897756,17179873892
17179898041,17179880076
17179898233,17179898233
17179898277,17179879692
17179898534,17179890184
17179899237,17179899237
17179899560,17179873147
17179899580,17179875326
17179899660,17179870777
17179899751,17179883413
17179899846,17179879322
17179899861,17179899861
17179899955,17179873663
17179900014,17179900014
17179900115,17179874140
17179900429,17179873320
17179900482,17179900482
17179900583,17179875378
17179900641,17179894560
17179901465,17179872419
17179902001,17179881991
17179902186,17179880032
17179902242,17179869737
17179902253,17179871938
17179902442,17179871034
17179869433,17179869433
17179869749,17179869749
17179870227,17179870227
17179870332,17179870332
17179870449,17179870449
17179870536,17179870536
17179870794,17179870794
17179870861,17179870861
17179870887,17179870374
17179871000,17179871000
17179871585,17179869450
17179871654,17179871654
17179871805,17179871805
17179871949,17179869530
17179872083,17179869465
17179872391,17179872391
17179872589,17179870787
17179872938,17179871431
17179873112,17179873112
17179873331,17179873331
17179873565,17179873565
17179873675,17179870900
17179873701,17179871105
17179873839,17179873839
17179873858,17179873812
17179873960,17179871148
17179874277,17179871564
17179874418,17179870867
17179874505,17179874505
17179874521,17179874521
17179874760,17179871523
17179874787,17179869950
17179875239,17179869586
17179875891,17179875891
17179875896,17179875896
17179876085,17179872445
17179876178,17179876178
17179876291,17179876291
17179876582,17179876582
17179877779,17179870229
17179877923,17179869783
17179877985,17179877985
17179878045,17179870092
17179878203,17179870196
17179878704,17179872282
17179878740,17179872267
17179878796,17179878796
17179878840,17179878840
17179879037,17179869251
17179879118,17179869531
17179879283,17179869523
17179879286,17179879286
17179879614,17179869431
17179879988,17179874191
17179880017,17179880017
17179880079,17179869733
17179880699,17179876034
17179880736,17179876638
17179881035,17179881035
17179881210,17179874241
17179881451,17179870580
17179881478,17179871209
17179881714,17179873717
17179881748,17179881748
17179882246,17179872136
17179882493,17179882493
17179882761,17179870468
17179883057,17179870359
17179883357,17179870319
17179883525,17179877312
17179883843,17179878354
17179883976,17179869715
17179884800,17179874805
17179885021,17179871130
17179885197,17179885197
17179885198,17179885198
17179885278,17179873972
17179885469,17179873032
17179885523,17179874809
17179885693,17179877838
17179885828,17179877290
17179886355,17179886355
17179886670,17179879470
17179886699,17179876147
17179887072,17179875261
17179887120,17179869875
17179887367,17179887367
17179887548,17179883365
17179887573,17179876228
17179887655,17179872524
17179887850,17179884230
17179887889,17179887889
17179888087,17179888087
17179888157,17179877365
17179888605,17179888605
17179888623,17179869901
17179888657,17179872954
17179888879,17179874737
17179889426,17179873859
17179889512,17179882212
17179889735,17179870551
17179889868,17179886236
17179889885,17179875639
17179890001,17179890001
17179890235,17179873857
17179890458,17179877842
17179891102,17179891102
17179891881,17179872769
17179891974,17179891974
17179892092,17179873555
17179892578,17179871112
17179893091,17179893091
17179893389,17179871265
17179893691,17179893691
17179893783,17179873432
17179894239,17179872138
17179894560,17179894560
17179894909,17179879436
17179895107,17179872203
17179895384,17179870553
17179895425,17179871212
17179895592,17179874112
17179895609,17179873087
17179896051,17179879233
17179896160,17179876912
17179896240,17179869667
17179896985,17179870853
17179897158,17179871028
17179897246,17179872743
17179897549,17179883238
17179897663,17179897663
17179897700,17179869411
17179897873,17179875230
17179897966,17179876312
17179898401,17179879065
17179898452,17179890184
17179898682,17179898682
17179899298,17179883492
17179899340,17179874336
17179899355,17179869715
17179899439,17179880586
17179899532,17179869257
17179899533,17179872545
17179899573,17179871518
17179899743,17179869783
17179899986,17179871165
17179900048,17179871257
17179900234,17179873903
17179900343,17179900343
17179900414,17179877879
17179900424,17179882019
17179901006,17179874114
17179901078,17179877757
17179901252,17179872814
17179901285,17179881999
17179901472,17179869727
17179901598,17179879060
17179901615,17179874706
17179901627,17179896823
17179901776,17179890738
17179902297,17179872093
17179902358,17179902358
17179902408,17179874093
17179902445,17179883579
17179902560,17179881163
17179869285,17179869285
17179869339,17179869339
17179869343,17179869343
17179869386,17179869386
17179869418,17179869418
17179869751,17179869751
17179870188,17179870188
17179870577,17179869710
17179870867,17179870867
17179871342,17179870517
17179871407,17179869188
17179871482,17179871482
17179871512,17179871512
17179872172,17179870005
17179872324,17179872324
17179872385,17179872385
17179872584,17179872471
17179873242,17179870670
17179873287,17179871170
17179873415,17179871240
17179873432,17179873432
17179873562,17179873048
17179873677,17179873677
17179873712,17179873712
17179874118,17179874118
17179874468,17179874468
17179874710,17179873136
17179874874,17179874874
17179874954,17179869555
17179875300,17179870485
17179875449,17179875449
17179875480,17179872512
17179875489,17179875489
17179875495,17179873508
17179875690,17179874646
17179875811,17179871473
17179876131,17179873963
17179876350,17179871425
17179876535,17179871063
17179876806,17179876806
17179877162,17179869680
17179877209,17179869841
17179877555,17179876495
17179877605,17179872350
17179877864,17179870670
17179878216,17179878216
17179878219,17179872072
17179878220,17179875990
17179878287,17179869326
17179878435,17179874976
17179878443,17179871668
17179878523,17179878523
17179878548,17179873279
17179879673,17179869711
17179879797,17179875573
17179880238,17179876294
17179880572,17179880572
17179880575,17179877635
17179880593,17179872397
17179880703,17179871933
17179880771,17179875679
17179880921,17179880921
17179880943,17179874837
17179881040,17179873993
17179881406,17179871167
17179881490,17179869997
17179881806,17179869912
17179881845,17179878164
17179881892,17179874523
17179881895,17179873589
17179882063,17179882063
17179882126,17179882126
17179882164,17179870460
17179882171,17179873349
17179882792,17179874094
17179883512,17179878171
17179883810,17179872368
17179883854,17179870759
17179883939,17179875443
17179884222,17179869524
17179884305,17179878281
17179884551,17179872566
17179885068,17179869399
17179885244,17179882326
17179885322,17179874391
17179885686,17179873667
17179886155,17179869715
17179886340,17179874995
17179886525,17179872836
17179886601,17179886006
17179886614,17179885000
17179886853,17179880442
17179886939,17179873930
17179886980,17179869779
17179887041,17179870015
17179887049,17179869468
17179887130,17179871605
17179887204,17179887204
17179887227,17179872284
17179887246,17179874119
17179887722,17179869783
17179887840,17179871649
17179888023,17179869220
17179888118,17179871195
17179888476,17179873389
17179888649,17179869929
17179888831,17179874882
17179888920,17179869615
17179889053,17179869841
17179889084,17179869429
17179889100,17179873255
17179889401,17179878873
17179889413,17179869580
17179889791,17179870982
17179890366,17179872779
17179890430,17179890430
17179890508,17179875891
17179891013,17179878359
17179891067,17179871954
17179891171,17179891171
17179891506,17179876651
17179891583,17179872190
17179891633,17179878114
17179892077,17179878324
17179892201,17179869703
17179892332,17179881824
17179892461,17179881159
17179893084,17179887731
17179893118,17179872025
17179893185,17179872149
17179893248,17179874434
17179893388,17179877815
17179893643,17179873703
17179893863,17179875807
17179894076,17179882338
17179894464,17179870503
17179894475,17179869276
17179894480,17179873873
17179894584,17179869791
17179894946,17179883045
17179895207,17179871105
17179895683,17179869919
17179895692,17179869623
17179896076,17179880696
17179896129,17179879815
17179896241,17179877029
17179896288,17179873062
17179896316,17179873147
17179896340,17179871714
17179896424,17179876827
17179896517,17179896517
17179897567,17179877429
17179897580,17179897580
17179897606,17179874944
17179898351,17179878281
17179898406,17179883000
17179898546,17179874459
17179898949,17179886545
17179899312,17179869262
17179899430,17179869796
17179899492,17179870368
17179899550,17179879443
17179899759,17179877638
17179899781,17179869353
17179899971,17179869743
17179900287,17179878198
17179901076,17179873340
17179901175,17179871922
17179901514,17179873053
17179901770,17179874840
17179901809,17179869683
17179901850,17179881235
17179901923,17179901923
17179902220,17179870130
17179902416,17179871724
17179902431,17179871550
17179869532,17179869532
17179869872,17179869872
17179870279,17179870279
17179870434,17179870434
17179870602,17179870602
17179870659,17179870659
17179870924,17179870924
17179871130,17179871130
17179871176,17179869597
17179871229,17179869290
17179871355,17179871355
17179871491,17179871491
17179872258,17179872258
17179872394,17179872394
17179872442,17179870718
17179872740,17179869435
17179873216,17179873216
17179873293,17179869278
17179873367,17179872692
17179873593,17179869781
17179873657,17179873657
17179873856,17179873856
17179874307,17179874307
17179874647,17179874647
17179874656,17179874656
17179874841,17179874841
17179874865,17179870195
17179874980,17179870143
17179874999,17179870091
17179875008,17179874124
17179875651,17179875651
17179875697,17179870649
17179875717,17179875717
17179875804,17179869919
17179875835,17179875165
17179875908,17179872451
17179876056,17179876056
17179876212,17179869916
17179876321,17179876321
17179876359,17179876359
17179876906,17179876906
17179877129,17179869753
17179877490,17179877490
17179877652,17179877652
17179878273,17179870947
17179878502,17179871547
17179878806,17179872061
17179879127,17179872604
17179879199,17179873676
17179879259,17179879259
17179879538,17179869625
17179879889,17179879889
17179880231,17179875632
17179880656,17179873206
17179880826,17179873062
17179881166,17179871675
17179881352,17179869470
17179881589,17179881589
17179881664,17179872263
17179882494,17179869698
17179882562,17179871038
17179882841,17179882841
17179882864,17179869396
17179883440,17179876297
17179884233,17179870844
17179884747,17179871267
17179884961,17179884961
17179885105,17179885105
17179885338,17179885338
17179885684,17179869914
17179885685,17179870569
17179885725,17179871234
17179885879,17179871384
17179886021,17179873930
17179886046,17179869728
17179886245,17179872263
17179886606,17179872335
17179886716,17179869597
17179886929,17179871282
17179886955,17179874355
17179887206,17179879753
17179887223,17179887223
17179887654,17179869493
17179887803,17179869187
17179887962,17179872399
17179888029,17179888029
17179888131,17179873423
17179888220,17179873033
17179888225,17179879040
17179888253,17179875782
17179888897,17179880899
17179888934,17179874058
17179889174,17179874056
17179889218,17179870825
17179889288,17179878772
17179889300,17179874477
17179889723,17179871904
17179889894,17179870076
17179889970,17179877892
17179890162,17179877636
17179890923,17179871779
17179890985,17179890985
17179891225,17179869514
17179891279,17179871519
17179891511,17179872422
17179891684,17179878796
17179891787,17179869206
17179892212,17179869480
17179892246,17179881658
17179892945,17179873476
17179892999,17179870134
17179893004,17179872877
17179893253,17179870816
17179893256,17179886142
17179893289,17179875036
17179893304,17179870987
17179893410,17179869784
17179893414,17179869659
17179893443,17179870424
17179894122,17179872463
17179894549,17179869818
17179894925,17179871151
17179895003,17179875405
17179895010,17179869717
17179895133,17179869649
17179895142,17179871232
17179895247,17179875640
17179895284,17179876732
17179895476,17179895476
17179895969,17179872826
17179897048,17179871252
17179897093,17179874590
17179897098,17179874231
17179897247,17179869233
17179897451,17179879322
17179897609,17179897609
17179897642,17179879935
17179897994,17179875950
17179898831,17179880505
17179899084,17179872574
17179899132,17179878395
17179899260,17179875493
17179899780,17179870352
17179899937,17179874623
17179900416,17179877696
17179900595,17179900595
17179901204,17179888733
17179902198,17179870143
17179902412,17179877815
17179869259,17179869259
17179869293,17179869293
17179869742,17179869249
17179870072,17179869280
17179870231,17179870231
17179870405,17179870405
17179870553,17179870553
17179870826,17179870826
17179870931,17179870931
17179871164,17179871164
17179871334,17179871334
17179872105,17179872105
17179872157,17179872157
17179872393,17179872393
17179872536,17179872536
17179872803,17179872803
17179873126,17179873126
17179873425,17179869616
17179873438,17179869535
17179873478,17179869483
17179873640,17179873640
17179873711,17179871876
17179873808,17179873808
17179874653,17179869816
17179874721,17179870933
17179874900,17179872164
17179874909,17179870566
17179875033,17179869609
17179875071,17179874609
17179875097,17179869861
17179875353,17179875353
17179875439,17179869654
17179875464,17179875464
17179875564,17179869555
17179875877,17179875877
17179876032,17179871425
17179876372,17179870927
17179876643,17179869950
17179877266,17179869841
17179877644,17179874548
17179877658,17179877658
17179878038,17179872387
17179878412,17179874674
17179878495,17179872596
17179878758,17179873247
17179878829,17179872271
17179878866,17179870291
17179878905,17179874846
17179878921,17179871139
17179879171,17179869661
17179879282,17179871027
17179879448,17179869402
17179879459,17179879459
17179880271,17179878713
17179880521,17179879980
17179880960,17179880960
17179880990,17179869615
17179881525,17179870880
17179881673,17179873335
17179881706,17179869597
17179881898,17179876113
17179881945,17179881945
17179881962,17179875988
17179882310,17179869498
17179882746,17179874564
17179882779,17179877074
17179882859,17179874094
17179883181,17179874468
17179883319,17179878796
17179883453,17179870217
17179883708,17179880199
17179883922,17179876170
17179883955,17179874266
17179884079,17179883413
17179884216,17179877428
17179884646,17179873399
17179884760,17179873991
17179885803,17179872315
17179885976,17179880885
17179886367,17179875464
17179886411,17179874077
17179886517,17179881542
17179886521,17179886521
17179886622,17179877879
17179887040,17179875968
17179887091,17179870176
17179887419,17179869291
17179887637,17179877879
17179888232,17179870279
17179888567,17179888567
17179889072,17179873399
17179889375,17179886177
17179889696,17179875759
17179889770,17179871691
17179889876,17179889876
17179890085,17179870896
17179890822,17179871020
17179890839,17179880081
17179890963,17179870768
17179891031,17179869304
17179891040,17179870861
17179891042,17179873001
17179891524,17179869412
17179891577,17179869218
17179891718,17179873987
17179891750,17179871663
17179891756,17179876553
17179891782,17179871263
17179892434,17179875364
17179892463,17179869981
17179893126,17179879893
17179893303,17179869206
17179893490,17179872923
17179893670,17179881968
17179893844,17179881872
17179893897,17179873668
17179894485,17179870010
17179894994,17179871890
17179895312,17179878340
17179895497,17179870217
17179895704,17179869881
17179896577,17179869649
17179896659,17179869434
17179896759,17179870514
17179896779,17179887178
17179896936,17179872807
17179896984,17179869231
17179897072,17179870867
17179897082,17179869463
17179897336,17179869982
17179897611,17179897611
17179897686,17179874932
17179897834,17179872413
17179897872,17179873714
17179898208,17179877428
17179898435,17179870947
17179898533,17179875647
17179898567,17179875369
17179899339,17179881287
17179899360,17179873000
17179899633,17179876133
17179899903,17179870405
17179900009,17179869778
17179901108,17179871432
17179901272,17179873154
17179901305,17179870299
17179901440,17179871065
17179901504,17179876086
17179901703,17179874429
17179902009,17179869623
17179902577,17179874040
17179870263,17179870263
17179870574,17179870574
17179870833,17179870833
17179871051,17179871051
17179871128,17179871128
17179871321,17179871321
17179871366,17179871366
17179871876,17179871876
17179872072,17179872072
17179872196,17179872196
17179872588,17179872321
17179872665,17179872665
17179872697,17179872697
17179872718,17179872711
17179872839,17179871686
17179873154,17179873154
17179873571,17179873571
17179873751,17179870757
17179873774,17179873774
17179873895,17179872214
17179874144,17179872256
17179874146,17179874146
17179874622,17179874622
17179875348,17179870001
17179875487,17179870143
17179875550,17179869897
17179875598,17179873266
17179875925,17179875925
17179876214,17179874769
17179876373,17179874191
17179876403,17179869752
17179876638,17179876638
17179876856,17179871648
17179876908,17179876451
17179877334,17179874564
17179877415,17179871526
17179877487,17179877487
17179877739,17179877739
17179877833,17179870508
17179877883,17179870026
17179878041,17179878041
17179878108,17179878108
17179878367,17179878367
17179878487,17179870455
17179878816,17179877049
17179879477,17179871730
17179879529,17179879529
17179880111,17179873207
17179880152,17179870011
17179880263,17179880263
17179880425,17179876828
17179880662,17179869220
17179880901,17179875766
17179881076,17179881076
17179881399,17179878763
17179881570,17179873474
17179882254,17179872049
17179882530,17179869884
17179882647,17179874015
17179882649,17179871030
17179882822,17179876943
17179882945,17179874799
17179883129,17179870833
17179883465,17179878076
17179883505,17179879911
17179883871,17179878069
17179884159,17179884159
17179884558,17179871588
17179884752,17179874006
17179884849,17179871179
17179885124,17179878600
17179885336,17179869475
17179885933,17179881228
17179886231,17179870015
17179886485,17179873315
17179886758,17179882205
17179887009,17179880426
17179887020,17179876335
17179887175,17179887175
17179887577,17179875198
17179887682,17179872302
17179887789,17179882597
17179887958,17179881935
17179888032,17179874919
17179888193,17179872877
17179888458,17179870015
17179888853,17179877039
17179888963,17179885739
17179889268,17179870927
17179889775,17179889775
17179889840,17179873310
17179890116,17179886396
17179890197,17179871511
17179890207,17179877856
17179891249,17179891249
17179891683,17179884492
17179891734,17179869423
17179891812,17179869623
17179891839,17179871961
17179891863,17179874216
17179891929,17179874611
17179891985,17179891985
17179892075,17179877787
17179892141,17179872908
17179892663,17179874386
17179892699,17179885838
17179892719,17179869715
17179892725,17179885418
17179892923,17179870772
17179892932,17179892932
17179892940,17179879411
17179892951,17179876165
17179893283,17179869422
17179893340,17179870001
17179893674,17179869858
17179893738,17179893738
17179893842,17179874080
17179893900,17179875338
17179894409,17179874374
17179894978,17179894978
17179895026,17179870289
17179895231,17179873535
17179895508,17179895508
17179895621,17179875967
17179895734,17179882620
17179895745,17179869628
17179895803,17179872150
17179896114,17179896114
17179896537,17179875391
17179896650,17179896650
17179896679,17179873147
17179897014,17179871444
17179897252,17179880272
17179897293,17179884719
17179897351,17179869854
17179897512,17179872382
17179897758,17179872356
17179897765,17179872257
17179897934,17179897934
17179897955,17179874890
17179898197,17179873963
17179898211,17179883640
17179898423,17179898423
17179898743,17179880696
17179898894,17179870603
17179899000,17179871680
17179899575,17179871027
17179899777,17179873392
17179900028,17179900028
17179900049,17179889146
17179900093,17179870659
17179900100,17179875137
17179900615,17179877395
17179900651,17179874164
17179901216,17179875369
17179901663,17179872907
17179901900,17179901900
17179901985,17179874689
17179902158,17179870069
17179902489,17179869352
17179902531,17179869270
17179902557,17179872220
17179869240,17179869240
17179869338,17179869338
17179869540,17179869540
17179869647,17179869647
17179869736,17179869736
17179870191,17179870191
17179870192,17179870192
17179870469,17179870469
17179870550,17179870550
17179871138,17179871138
17179871363,17179870527
17179871374,17179871374
17179871479,17179871390
17179871559,17179871559
17179872573,17179872573
17179872726,17179872726
17179872843,17179872843
17179872880,17179872880
17179872913,17179869879
17179872985,17179872985
17179873049,17179869701
17179873089,17179871620
17179873257,17179873257
17179873263,17179873263
17179873284,17179873284
17179873357,17179873000
17179873663,17179873663
17179874390,17179870289
17179874400,17179873615
17179874452,17179872308
17179874781,17179870943
17179874934,17179872674
17179875006,17179869903
17179875139,17179872243
17179875452,17179869844
17179875456,17179870289
17179875850,17179870845
17179876303,17179872518
17179876474,17179873736
17179876505,17179869858
17179876722,17179874381
17179876838,17179870654
17179877493,17179877493
17179877503,17179870372
17179877543,17179872995
17179878800,17179870674
17179878864,17179878864
17179879078,17179876541
17179879089,17179877593
17179879227,17179878729
17179879260,17179879260
17179879515,17179869294
17179879521,17179874406
17179879713,17179875136
17179879727,17179869438
17179880213,17179874450
17179880580,17179877607
17179880750,17179871029
17179881700,17179874631
17179881953,17179878109
17179882030,17179877516
17179882195,17179872436
17179882197,17179879403
17179882245,17179876651
17179882278,17179877994
17179882321,17179871830
17179882447,17179869336
17179882498,17179870100
17179882505,17179873375
17179882544,17179877255
17179882641,17179882641
17179883096,17179869423
17179883156,17179870853
17179883280,17179871234
17179883425,17179880323
17179883789,17179870947
17179883967,17179883967
17179884070,17179869865
17179884166,17179880132
17179884328,17179884328
17179884426,17179869840
17179884494,17179872931
17179884671,17179869669
17179884673,17179871617
17179884806,17179869902
17179884919,17179872222
17179885109,17179869697
17179885162,17179871914
17179885680,17179876740
17179885915,17179877557
17179885949,17179873839
17179886000,17179872203
17179886322,17179886322
17179886405,17179878508
17179886571,17179870141
17179887046,17179874269
17179887110,17179880142
17179887265,17179870789
17179887822,17179878896
17179887966,17179886370
17179888228,17179883821
17179888256,17179870741
17179888319,17179870394
17179888637,17179872573
17179888700,17179871901
17179888717,17179873231
17179888751,17179870972
17179888761,17179870198
17179889025,17179872336
17179889046,17179889046
17179889347,17179869509
17179889399,17179889399
17179889410,17179870124
17179889526,17179871053
17179889583,17179873074
17179890192,17179872644
17179890354,17179870409
17179890656,17179882795
17179890939,17179872298
17179891304,17179869568
17179891810,17179872796
17179892289,17179875945
17179892475,17179872530
17179892764,17179872574
17179892861,17179871027
17179892902,17179871654
17179893000,17179874010
17179893360,17179872219
17179893530,17179871865
17179893624,17179878771
17179893874,17179874684
17179893919,17179877247
17179894079,17179869722
17179894562,17179873668
17179894710,17179870227
17179895149,17179895149
17179895327,17179881660
17179895338,17179869231
17179895430,17179877365
17179895652,17179873136
17179896188,17179869452
17179896289,17179896289
17179896725,17179869673
17179896801,17179873117
17179896804,17179872227
17179896822,17179875216
17179897110,17179879732
17179897297,17179871078
17179897584,17179877509
17179897938,17179886469
17179898489,17179894560
17179898498,17179898498
17179898580,17179898580
17179898749,17179871992
17179898895,17179884906
17179898983,17179874420
17179899245,17179869412
17179900063,17179872343
17179900542,17179876648
17179900913,17179871420
17179900938,17179869343
17179901106,17179871874
17179901254,17179876176
17179901473,17179881542
17179901556,17179881380
17179901570,17179869423
17179902089,17179869591
17179902107,17179873687
17179902414,17179902414
17179902476,17179872988
17179869190,17179869190
17179869282,17179869282
17179870262,17179869211
17179871206,17179871206
17179871259,17179871259
17179871470,17179871470
17179871546,17179871546
17179871663,17179871663
17179871850,17179871242
17179871944,17179871944
17179872039,17179872039
17179872071,17179872071
17179872302,17179872302
17179872417,17179872417
17179872548,17179871321
17179872557,17179872557
17179872654,17179869530
17179872659,17179872635
17179872768,17179872768
17179872935,17179872935
17179873185,17179873185
17179873338,17179872419
17179873665,17179869286
17179873717,17179873717
17179874183,17179869329
17179874410,17179872394
17179874424,17179870306
17179874454,17179872729
17179874515,17179871063
17179875000,17179869655
17179875018,17179872233
17179875308,17179872743
17179875459,17179875459
17179875870,17179871776
17179875963,17179872830
17179875985,17179869981
17179876415,17179876415
17179876974,17179872146
17179877155,17179870509
17179877223,17179877223
17179877534,17179872245
17179878393,17179878393
17179878472,17179874629
17179878485,17179878485
17179878544,17179878544
17179879092,17179872862
17179879180,17179871928
17179879679,17179871544
17179880249,17179875315
17179880435,17179870633
17179880469,17179874664
17179881269,17179881269
17179881831,17179870621
17179881978,17179871840
17179882064,17179878726
17179882297,17179879600
17179882484,17179877237
17179882863,17179873401
17179883452,17179872530
17179883577,17179869950
17179883679,17179870643
17179883878,17179883044
17179883963,17179869448
17179884127,17179884127
17179884185,17179883492
17179884369,17179875647
17179885019,17179874526
17179885200,17179873670
17179885260,17179873837
17179885413,17179871737
17179885526,17179872644
17179885580,17179872748
17179885610,17179874884
17179885651,17179882982
17179885854,17179870067
17179885859,17179871588
17179886095,17179870122
17179886277,17179869616
17179886313,17179883665
17179886332,17179880684
17179886346,17179869929
17179886708,17179870279
17179886977,17179882189
17179887157,17179887157
17179887190,17179882705
17179887245,17179887245
17179887311,17179869575
17179887588,17179887033
17179888068,17179875405
17179888226,17179871134
17179888309,17179888309
17179888316,17179869470
17179888364,17179870655
17179888442,17179887180
17179888447,17179881512
17179888820,17179871671
17179888994,17179888994
17179889263,17179872099
17179890221,17179870423
17179890624,17179878176
17179891116,17179872284
17179891322,17179882021
17179891733,17179880989
17179891736,17179873292
17179891788,17179876490
17179891846,17179870196
17179891876,17179886649
17179892097,17179881936
17179892122,17179870384
17179892219,17179885696
17179893200,17179871734
17179893531,17179869320
17179893575,17179880032
17179893808,17179871351
17179894049,17179880298
17179894055,17179870249
17179894591,17179882405
17179895072,17179871602
17179896358,17179876541
17179897022,17179870449
17179897220,17179884273
17179897484,17179873502
17179897536,17179871172
17179897914,17179875639
17179897920,17179869315
17179898156,17179879770
17179898169,17179875108
17179898528,17179869884
17179899046,17179899046
17179899112,17179899112
17179899393,17179871995
17179899463,17179899463
17179899486,17179870137
17179900400,17179872118
17179900897,17179871421
17179901038,17179873125
17179901632,17179870166
17179901635,17179885511
17179901739,17179872267
17179901992,17179874326
17179902228,17179874102
17179902279,17179883510
17179869628,17179869628
17179869715,17179869715
17179869965,17179869965
17179870074,17179870074
17179870168,17179870168
17179870301,17179870301
17179870607,17179870607
17179870967,17179870967
17179871204,17179871204
17179871526,17179871526
17179871597,17179870477
17179872474,17179872474
17179872874,17179872874
17179872890,17179871141
17179873181,17179871028
17179873342,17179870773
17179873779,17179872293
17179873992,17179871789
17179874068,17179874068
17179874215,17179872145
17179874694,17179870706
17179875099,17179871830
17179875151,17179871043
17179876544,17179871234
17179876558,17179876558
17179876612,17179872781
17179876720,17179869211
17179877099,17179871054
17179877259,17179871521
17179877665,17179870407
17179877929,17179870532
17179878022,17179870890
17179878218,17179872726
17179878260,17179878260
17179878306,17179876492
17179878378,17179870609
17179878379,17179878379
17179878389,17179878389
17179878956,17179871471
17179879184,17179879184
17179879473,17179873636
17179880227,17179880227
17179880942,17179880942
17179881065,17179876638
17179881223,17179873423
17179881599,17179869341
17179881701,17179881701
17179882029,17179871168
17179882529,17179870325
17179882990,17179881658
17179883138,17179876895
17179883229,17179883229
17179883438,17179869957
17179883460,17179877058
17179883726,17179870015
17179884014,17179876706
17179884101,17179870193
17179884191,17179884191
17179884259,17179869931
17179884613,17179869815
17179884930,17179873671
17179885040,17179874758
17179885267,17179869715
17179885298,17179885298
17179885473,17179870478
17179885493,17179871863
17179885532,17179877792
17179885545,17179869539
17179885681,17179877458
17179885816,17179871431
17179885900,17179870689
17179886088,17179869625
17179886646,17179871491
17179886741,17179873148
17179886868,17179870020
17179887343,17179874249
17179887599,17179871617
17179887785,17179871167
17179888062,17179871950
17179888066,17179888066
17179888073,17179872558
17179888249,17179872889
17179888614,17179877138
17179888964,17179870931
17179889054,17179878780
17179889326,17179869393
17179889652,17179869374
17179889819,17179870741
17179890374,17179874652
17179890593,17179873816
17179890797,17179873162
17179891145,17179869465
17179891352,17179873025
17179891732,17179880077
17179891775,17179870952
17179891804,17179870684
17179891940,17179891940
17179891994,17179878950
17179892187,17179874210
17179892266,17179870062
17179892345,17179892345
17179892373,17179892373
17179892733,17179870497
17179893056,17179869581
17179893116,17179873035
17179893124,17179872962
17179893245,17179872403
17179893309,17179883404
17179893401,17179885133
17179893471,17179877681
17179893902,17179876197
17179894333,17179870709
17179894616,17179891221
17179895688,17179879103
17179895755,17179869651
17179895785,17179891102
17179895811,17179870627
17179895956,17179869996
17179896430,17179871517
17179896642,17179872254
17179896657,17179896657
17179896853,17179876545
17179897262,17179872458
17179897282,17179869983
17179897425,17179896357
17179897713,17179870321
17179897714,17179870242
17179898047,17179871282
17179898118,17179879120
17179898540,17179869232
17179898756,17179887883
17179898923,17179869649
17179899429,17179885511
17179899807,17179873494
17179899931,17179869801
17179900112,17179900112
17179900126,17179874605
17179900151,17179872285
17179900218,17179885799
17179900231,17179871107
17179900495,17179869961
17179900887,17179869197
17179901069,17179869336
17179901507,17179870409
17179901630,17179901630
17179902111,17179881618
17179902303,17179872826
17179902362,17179869271
17179869307,17179869307
17179869355,17179869355
17179869446,17179869446
17179869586,17179869586
17179869602,17179869602
17179869620,17179869620
17179869826,17179869826
17179870166,17179870166
17179870272,17179870272
17179870334,17179870334
17179870363,17179870363
17179870477,17179870477
17179871078,17179871078
17179871537,17179871537
17179871538,17179869940
17179871607,17179871607
17179871659,17179871659
17179871718,17179869649
17179871790,17179869903
17179871951,17179871951
17179872263,17179872263
17179872389,17179872389
17179872400,17179872400
17179872672,17179872672
17179873037,17179870905
17179873137,17179873137
17179873158,17179869998
17179873530,17179869508
17179873816,17179873816
17179874019,17179872862
17179874046,17179874046
17179874070,17179874070
17179874198,17179874198
17179874220,17179870465
17179874751,17179874751
17179874836,17179874836
17179875038,17179875038
17179875067,17179872004
17179875081,17179873074
17179875375,17179875375
17179875732,17179870005
17179876022,17179875668
17179876537,17179876537
17179876777,17179873262
17179876925,17179876925
17179877265,17179870022
17179877325,17179869367
17179877337,17179870236
17179877544,17179869576
17179877596,17179876271
17179877611,17179870650
17179877801,17179876685
17179877870,17179877870
17179878023,17179871694
17179878195,17179878195
17179878431,17179878431
17179878747,17179878747
17179878948,17179876307
17179879175,17179879175
17179879202,17179870192
17179879222,17179869652
17179879393,17179869452
17179879570,17179879570
17179880108,17179878928
17179880538,17179869916
17179880584,17179874822
17179880600,17179878954
17179880735,17179880735
17179880835,17179869423
17179880984,17179871904
17179881009,17179875191
17179881482,17179873155
17179881635,17179879022
17179881689,17179870951
17179881786,17179879124
17179881822,17179881822
17179881936,17179881936
17179882100,17179873830
17179882209,17179882209
17179882216,17179870397
17179882280,17179871837
17179882438,17179882438
17179882473,17179882473
17179882534,17179882534
17179882634,17179874661
17179882654,17179882654
17179883001,17179875337
17179883068,17179883068
17179884237,17179882705
17179884290,17179874386
17179884678,17179872725
17179884694,17179876211
17179884802,17179874024
17179884905,17179884905
17179885027,17179870401
17179885216,17179869347
17179885600,17179885600
17179885889,17179877009
17179886016,17179872269
17179886349,17179869368
17179886470,17179878425
17179886547,17179886547
17179886687,17179886687
17179887079,17179883867
17179887469,17179872470
17179887993,17179880344
17179888383,17179879411
17179888739,17179870867
17179889133,17179883396
17179889253,17179869566
17179889564,17179889564
17179889614,17179871561
17179889642,17179875199
17179889719,17179869711
17179889727,17179871431
17179889785,17179869562
17179889996,17179871263
17179890024,17179874821
17179890068,17179876923
17179890330,17179873728
17179890664,17179885583
17179890819,17179877028
17179890821,17179869597
17179891060,17179869723
17179891267,17179870468
17179891475,17179871485
17179891731,17179873601
17179892004,17179874880
17179892228,17179870955
17179892309,17179892309
17179892349,17179874863
17179892483,17179892483
17179892598,17179889569
17179892599,17179875895
17179892701,17179876132
17179892711,17179885391
17179892752,17179869205
17179892898,17179872392
17179893061,17179872574
17179893104,17179874381
17179893120,17179877607
17179893363,17179869732
17179893551,17179874468
17179893585,17179893585
17179894321,17179872712
17179894476,17179874209
17179894503,17179880127
17179894505,17179870570
17179895016,17179869582
17179895054,17179877338
17179895820,17179870424
17179896105,17179874646
17179896224,17179896224
17179896371,17179870682
17179896539,17179874722
17179896570,17179896570
17179896987,17179876549
17179897062,17179877185
17179897090,17179869886
17179897507,17179872440
17179897750,17179873852
17179897759,17179872070
17179897879,17179872394
17179898289,17179885265
17179898462,17179898462
17179898512,17179873050
17179898850,17179870092
17179899565,17179899565
17179899607,17179873604
17179899637,17179878031
17179899869,17179872282
17179899947,17179870836
17179899983,17179876626
17179900012,17179872995
17179900432,17179872387
17179900478,17179900478
17179900694,17179872769
17179900972,17179872886
17179901402,17179877040
17179901441,17179871172
17179901846,17179881013
17179869244,17179869244
17179869361,17179869361
17179869471,17179869471
17179869761,17179869761
17179869865,17179869865
17179869942,17179869767
17179870320,17179870320
17179870402,17179870402
17179870702,17179870702
17179870966,17179870966
17179871015,17179870936
17179871275,17179871275
17179871367,17179871367
17179871398,17179870689
17179871513,17179871513
17179871656,17179869523
17179871726,17179869576
17179872055,17179872055
17179872189,17179872189
17179872368,17179872368
17179872781,17179872781
17179872804,17179872804
17179873386,17179872164
17179873418,17179873418
17179873454,17179873454
17179873725,17179873725
17179874035,17179874035
17179874119,17179874119
17179874224,17179870914
17179874260,17179871232
17179875005,17179870144
17179875117,17179872293
17179875512,17179875004
17179875546,17179869330
17179875590,17179871190
17179876016,17179876016
17179876097,17179871889
17179876110,17179876110
17179876216,17179870087
17179876447,17179876447
17179876776,17179875237
17179876861,17179870065
17179876879,17179874547
17179877063,17179877063
17179877280,17179871107
17179877330,17179877330
17179877489,17179871896
17179877704,17179869320
17179877738,17179870442
17179878366,17179870293
17179878634,17179878634
17179878736,17179871264
17179878785,17179878785
17179878859,17179874581
17179878933,17179870687
17179879172,17179879172
17179879198,17179871729
17179879667,17179879667
17179879894,17179869586
17179879927,17179879927
17179880058,17179880058
17179880395,17179871051
17179880663,17179871465
17179880733,17179880733
17179880757,17179875647
17179880868,17179871994
17179881405,17179881405
17179881847,17179876232
17179882247,17179880957
17179882406,17179882406
17179882419,17179869638
17179883148,17179878482
17179883917,17179880408
17179883918,17179874516
17179884333,17179869360
17179884552,17179877674
17179884700,17179875165
17179884816,17179884816
17179885201,17179879962
17179885422,17179873856
17179885589,17179875037
17179885744,17179873262
17179885789,17179871195
17179886219,17179872099
17179886464,17179873484
17179886500,17179886500
17179886911,17179875072
17179886926,17179870372
17179887065,17179878522
17179887171,17179874433
17179887443,17179869239
17179887902,17179873879
17179888158,17179870474
17179888372,17179888372
17179888638,17179874336
17179888891,17179888891
17179889105,17179871599
17179889397,17179870677
17179889899,17179872246
17179890004,17179876944
17179890163,17179873225
17179890499,17179874816
17179891136,17179873297
17179891152,17179870714
17179891159,17179871704
17179891271,17179870650
17179891365,17179870249
17179891423,17179871055
17179891649,17179871086
17179892136,17179869284
17179892423,17179872788
17179892727,17179873249
17179892968,17179883665
17179893166,17179882131
17179893397,17179869713
17179893518,17179870042
17179893753,17179871345
17179894170,17179876377
17179894205,17179894205
17179894286,17179870001
17179894496,17179869585
17179894671,17179885864
17179894843,17179878137
17179894916,17179871502
17179895417,17179871875
17179895471,17179877583
17179895513,17179873462
17179895531,17179895531
17179895573,17179886701
17179895773,17179869433
17179895801,17179870649
17179896009,17179871808
17179896234,17179869300
17179896407,17179871129
17179896859,17179896859
17179896938,17179870095
17179897119,17179886628
17179897331,17179870549
17179897555,17179875307
17179897757,17179870320
17179897863,17179870590
17179897919,17179870934
17179897998,17179869563
17179898162,17179872829
17179898511,17179877589
17179898993,17179869970
17179899062,17179899062
17179899199,17179899199
17179899375,17179870079
17179899496,17179875133
17179899757,17179874104
17179899864,17179879133
17179899956,17179879908
17179900060,17179875156
17179900344,17179869625
17179900766,17179870660
17179900823,17179872227
17179900841,17179872113
17179900914,17179869404
17179900979,17179876933
17179900994,17179873599
17179901055,17179886649
17179901059,17179880993
17179901139,17179901139
17179901163,17179870101
17179901193,17179871484
17179901359,17179878150
17179901430,17179878252
17179901501,17179870977
17179901657,17179875849
17179901791,17179874467
17179901794,17179870328
17179901800,17179874067
17179902072,17179902072
17179902318,17179871367
17179902336,17179902336
17179869510,17179869510
17179869828,17179869828
17179869932,17179869932
17179870003,17179870003
17179870106,17179870106
17179870471,17179870093
17179870806,17179870806
17179871455,17179871455
17179871590,17179871590
17179871687,17179870324
17179871747,17179871747
17179871869,17179871869
17179871881,17179871881
17179872225,17179871571
17179872663,17179869969
17179872917,17179872582
17179872971,17179872971
17179872989,17179871647
17179873011,17179871820
17179873186,17179873186
17179873260,17179869376
17179873591,17179870168
17179874104,17179874104
17179874408,17179871632
17179875020,17179872826
17179875232,17179875232
17179875268,17179875268
17179875814,17179875814
17179875820,17179872505
17179875824,17179872296
17179876270,17179874700
17179876331,17179869637
17179876625,17179876625
17179876661,17179875393
17179876870,17179871475
17179877273,17179869644
17179877527,17179870486
17179877775,17179871354
17179877902,17179869702
17179878021,17179869902
17179878145,17179869285
17179878217,17179878217
17179878297,17179873125
17179878334,17179875255
17179878781,17179878781
17179879239,17179871410
17179879835,17179872908
17179879984,17179873310
17179880285,17179875273
17179880427,17179880427
17179880638,17179869223
17179880732,17179873932
17179880948,17179869649
17179881073,17179874130
17179881184,17179872387
17179881268,17179870098
17179881394,17179869755
17179881533,17179881533
17179881915,17179870206
17179881968,17179881968
17179882201,17179870282
17179882244,17179882244
17179882249,17179871904
17179882786,17179882786
17179882815,17179879625
17179882934,17179882934
17179883256,17179876422
17179883390,17179883390
17179883481,17179871084
17179883536,17179883536
17179883547,17179881748
17179883661,17179869408
17179884177,17179882166
17179884478,17179884478
17179884765,17179870297
17179884883,17179872930
17179885020,17179885020
17179885073,17179877557
17179885942,17179870015
17179886007,17179871334
17179886922,17179875999
17179887127,17179880930
17179887163,17179870457
17179887610,17179870703
17179887624,17179871622
17179887797,17179875693
17179887961,17179872316
17179888085,17179873154
17179888208,17179874846
17179888406,17179871186
17179888629,17179874545
17179889049,17179874185
17179889061,17179878341
17179889103,17179870084
17179889938,17179878272
17179890149,17179874560
17179890350,17179883492
17179890702,17179890702
17179891084,17179870658
17179891099,17179879690
17179891263,17179877787
17179891382,17179878168
17179891386,17179870740
17179891485,17179891485
17179891527,17179872771
17179891643,17179869616
17179891818,17179891818
17179892603,17179873194
17179892815,17179875650
17179893186,17179871472
17179893190,17179880708
17179893263,17179878392
17179893567,17179893567
17179893873,17179869470
17179894131,17179885491
17179894203,17179883353
17179894226,17179874109
17179894305,17179871329
17179894402,17179875794
17179895237,17179889362
17179895415,17179874287
17179895472,17179874526
17179895605,17179874329
17179895869,17179872382
17179895963,17179872505
17179896002,17179872037
17179896013,17179871124
17179896266,17179869476
17179896543,17179876135
17179896645,17179870086
17179897015,17179870375
17179897040,17179872391
17179897046,17179897046
17179897178,17179869395
17179897198,17179872381
17179897402,17179869715
17179897793,17179869250
17179897849,17179882349
17179898018,17179872206
17179898734,17179875323
17179899149,17179880957
17179899553,17179876297
17179899570,17179875354
17179899592,17179870074
17179899798,17179886036
17179899852,17179893843
17179900032,17179871233
17179900174,17179873791
17179900568,17179874939
17179900700,17179871723
17179900843,17179877805
17179900885,17179871831
17179901122,17179893574
17179901690,17179875191
17179901715,17179878844
17179902116,17179872534
17179902470,17179869232
17179902530,17179878633
17179869219,17179869219
17179869224,17179869224
17179869619,17179869619
17179870146,17179869719
17179870261,17179870261
17179870280,17179870280
17179870369,17179870369
17179870372,17179870372
17179870407,17179870407
17179870445,17179869649
17179870678,17179870678
17179870705,17179870705
17179870760,17179870692
17179870812,17179870812
17179870988,17179870988
17179871060,17179871060
17179871291,17179871291
17179871303,17179871303
17179871325,17179870771
17179871331,17179871331
17179871373,17179871373
17179871492,17179871492
17179871509,17179870853
17179871527,17179871527
17179871945,17179869593
17179872070,17179872070
17179872242,17179872242
17179872267,17179872267
17179872332,17179872332
17179872344,17179870176
17179872528,17179872528
17179872844,17179869305
17179873291,17179873291
17179873305,17179873305
17179873315,17179873315
17179873397,17179873397
17179873721,17179873401
17179873840,17179872979
17179873924,17179870133
17179874860,17179870323
17179874964,17179874964
17179875319,17179869580
17179875366,17179874246
17179876047,17179871724
17179876064,17179869694
17179876502,17179873986
17179876684,17179870508
17179877329,17179873488
17179877355,17179872178
17179878014,17179869302
17179878870,17179870087
17179879225,17179871576
17179879956,17179874336
17179880491,17179880491
17179880657,17179873494
17179880683,17179880128
17179880909,17179869281
17179880950,17179871702
17179881255,17179873230
17179881362,17179869303
17179881759,17179877652
17179881914,17179881914
17179881932,17179875324
17179881935,17179881935
17179882849,17179871548
17179882928,17179882928
17179882935,17179882935
17179883025,17179876480
17179883139,17179871763
17179883659,17179883296
17179883791,17179871981
17179884022,17179870549
17179884085,17179870015
17179884424,17179873753
17179884432,17179873826
17179884446,17179871374
17179884660,17179871426
17179884754,17179880541
17179884775,17179880894
17179884932,17179869251
17179884998,17179878796
17179885004,17179874818
17179885069,17179875901
17179885528,17179885528
17179885674,17179876197
17179885713,17179879717
17179885894,17179877566
17179885947,17179869544
17179886065,17179886065
17179886122,17179885032
17179886288,17179870484
17179886940,17179885950
17179887048,17179887048
17179887350,17179870244
17179887446,17179870153
17179887478,17179869721
17179887589,17179870693
17179887639,17179878248
17179887665,17179874022
17179888186,17179888186
17179888318,17179877373
17179888443,17179872468
17179888960,17179872831
17179889156,17179871388
17179889408,17179881660
17179889419,17179870654
17179889423,17179874539
17179889589,17179872055
17179889690,17179874997
17179889823,17179869501
17179890012,17179869269
17179891005,17179872145
17179891570,17179870491
17179891769,17179870306
17179891889,17179877342
17179892175,17179881119
17179892386,17179869940
17179892497,17179869301
17179893341,17179869186
17179893373,17179874237
17179893557,17179876660
17179894190,17179869829
17179894641,17179876356
17179894902,17179880262
17179895027,17179870328
17179895234,17179895234
17179895895,17179895895
17179895945,17179883821
17179896391,17179878781
17179896452,17179888909
17179896460,17179873322
17179896520,17179870718
17179896808,17179896808
17179897510,17179883924
17179897738,17179870382
17179897876,17179888290
17179898031,17179871285
17179898203,17179871408
17179898252,17179873440
17179898602,17179875443
17179898630,17179874401
17179898717,17179873262
17179898751,17179877908
17179899004,17179871851
17179899026,17179874876
17179899103,17179899103
17179899158,17179899158
17179899168,17179873062
17179899626,17179875326
17179899763,17179874609
17179899806,17179873819
17179899929,17179869649
17179900097,17179875684
17179900510,17179874822
17179900601,17179879055
17179900605,17179878317
17179900886,17179874432
17179901337,17179874070
17179901352,17179901352
17179901438,17179879175
17179901560,17179880360
17179902101,17179884573
17179902160,17179890514
17179902264,17179869818
17179869546,17179869546
17179869639,17179869639
17179869972,17179869972
17179870345,17179869295
17179870387,17179870387
17179870504,17179870504
17179870616,17179870269
17179870768,17179870768
17179871075,17179871075
17179871094,17179871094
17179871327,17179871327
17179872148,17179872148
17179872592,17179872054
17179873025,17179873025
17179873056,17179870041
17179873139,17179871091
17179873250,17179873250
17179873449,17179872707
17179873683,17179873683
17179874007,17179872440
17179874020,17179874020
17179874245,17179874245
17179874270,17179869434
17179875063,17179875063
17179875077,17179875077
17179875224,17179870585
17179875316,17179873999
17179875554,17179870357
17179875633,17179871213
17179875761,17179869359
17179875834,17179871710
17179875836,17179875836
17179876011,17179876011
17179876280,17179870586
17179876551,17179874015
17179876900,17179869299
17179876987,17179873869
17179877316,17179877316
17179877350,17179871443
17179877394,17179869704
17179878223,17179875875
17179878445,17179869503
17179878750,17179873370
17179878780,17179878780
17179878813,17179870220
17179878847,17179878847
17179878942,17179869329
17179879308,17179879308
17179879414,17179869539
17179879789,17179870373
17179879969,17179875255
17179880009,17179872804
17179880022,17179872006
17179880082,17179880082
17179880178,17179869210
17179880786,17179869939
17179880869,17179873477
17179880989,17179880989
17179881051,17179869649
17179881151,17179871192
17179881345,17179874992
17179881631,17179881631
17179882141,17179870016
17179882231,17179869523
17179882273,17179869500
17179882292,17179872483
17179882451,17179880426
17179882569,17179882207
17179883034,17179877062
17179883157,17179869983
17179883312,17179882441
17179883498,17179883498
17179883689,17179871408
17179883755,17179870541
17179883923,17179870882
17179884774,17179879653
17179884842,17179876434
17179884852,17179872644
17179885090,17179877628
17179885470,17179869340
17179885846,17179872037
17179886074,17179871404
17179886336,17179874871
17179886419,17179886419
17179886498,17179869727
17179886688,17179871837
17179887249,17179877428
17179887452,17179875166
17179887593,17179870993
17179887653,17179874482
17179887700,17179885811
17179888000,17179871105
17179888044,17179877219
17179888089,17179879992
17179888143,17179888143
17179888146,17179870847
17179888222,17179874616
17179888473,17179872564
17179888661,17179869622
17179888794,17179869451
17179888976,17179870242
17179889170,17179879513
17179889292,17179889292
17179889404,17179878116
17179889736,17179883498
17179889994,17179887180
17179890006,17179874615
17179890629,17179874611
17179890659,17179869237
17179890749,17179870875
17179890955,17179885491
17179892129,17179869346
17179892140,17179869566
17179892153,17179873291
17179892305,17179892305
17179892372,17179870898
17179892593,17179892593
17179892824,17179878249
17179893165,17179872743
17179893473,17179872245
17179893798,17179872904
17179894011,17179880192
17179894753,17179869370
17179894973,17179878339
17179894989,17179894989
17179895341,17179877467
17179895426,17179875805
17179895714,17179869788
17179895766,17179870269
17179895981,17179872104
17179896083,17179888654
17179896118,17179870693
17179896595,17179896595
17179896695,17179870982
17179896881,17179869625
17179897035,17179874106
17179897603,17179871752
17179897856,17179874876
17179897976,17179897976
17179898024,17179881643
17179898154,17179871369
17179898376,17179877508
17179898598,17179872004
17179898737,17179873310
17179899209,17179877085
17179899745,17179879065
17179900092,17179881709
17179900411,17179874249
17179900526,17179885818
17179900644,17179900644
17179901202,17179870249
17179901567,17179872869
17179901741,17179871375
17179902360,17179878318
17179902514,17179871266
17179902565,17179869557
17179902572,17179873025
17179869202,17179869202
17179869380,17179869380
17179869614,17179869614
17179869642,17179869642
17179869868,17179869868
17179870235,17179870235
17179870342,17179870342
17179870401,17179870401
17179870487,17179870487
17179870633,17179870633
17179870710,17179870710
17179870953,17179870953
17179871416,17179871416
17179871698,17179871698
17179871832,17179871832
17179871920,17179871237
17179872308,17179872308
17179872388,17179872388
17179872816,17179870918
17179873060,17179870289
17179873485,17179872999
17179873545,17179873545
17179873655,17179873655
17179873989,17179873989
17179874133,17179874133
17179874170,17179874170
17179874267,17179871729
17179874312,17179870062
17179874602,17179874602
17179874942,17179874942
17179875201,17179875201
17179875756,17179875756
17179875828,17179869313
17179875928,17179872826
17179876192,17179876192
17179876413,17179876165
17179876478,17179872755
17179876657,17179874245
17179876662,17179876662
17179877087,17179869307
17179877269,17179869283
17179877392,17179869340
17179877706,17179869186
17179877769,17179872482
17179877959,17179873441
17179878214,17179873916
17179878360,17179874170
17179878668,17179877725
17179879201,17179879201
17179879481,17179879481
17179879966,17179879346
17179880095,17179877035
17179880131,17179869186
17179880318,17179873381
17179880731,17179870816
17179880749,17179880749
17179881052,17179877013
17179881248,17179872763
17179881850,17179874353
17179881939,17179874436
17179882127,17179882127
17179882304,17179874112
17179882365,17179872761
17179882513,17179882513
17179882953,17179869564
17179883364,17179877666
17179883432,17179871146
17179883887,17179875783
17179883953,17179873366
17179884261,17179869231
17179884877,17179878839
17179885250,17179869955
17179885635,17179872745
17179885939,17179885939
17179886913,17179884917
17179886925,17179869483
17179887268,17179887268
17179887612,17179871122
17179887732,17179874080
17179887740,17179887740
17179888419,17179880408
17179888709,17179873583
17179888949,17179887793
17179889075,17179869646
17179889236,17179869616
17179890227,17179871238
17179890321,17179871773
17179890914,17179884127
17179891090,17179880479
17179891107,17179885418
17179891557,17179884240
17179892430,17179892430
17179892511,17179869969
17179892585,17179875945
17179892596,17179879992
17179892787,17179892787
17179893306,17179869562
17179893316,17179893316
17179893351,17179873003
17179893488,17179869900
17179893612,17179870272
17179893684,17179872680
17179893961,17179872480
17179894891,17179873916
17179895127,17179869470
17179895651,17179869338
17179895901,17179886339
17179896089,17179869467
17179896099,17179896099
17179897250,17179884738
17179897321,17179872480
17179897399,17179873079
17179897574,17179885209
17179898143,17179874313
17179898524,17179869989
17179898554,17179872515
17179898603,17179883770
17179898990,17179875881
17179899161,17179869427
17179899654,17179872394
17179899708,17179869225
17179899901,17179870102
17179900222,17179881454
17179900392,17179869542
17179900463,17179875172
17179900490,17179878571
17179900628,17179873417
17179900787,17179873873
17179900825,17179869875
17179900942,17179880360
17179901084,17179874309
17179901115,17179880260
17179901629,17179870579
17179901970,17179872640
17179902063,17179870015
17179902173,17179876123
17179902204,17179871705
17179902421,17179876122
17179902493,17179875597
17179902540,17179880650
17179869375,17179869375
17179870297,17179870297
17179870375,17179870375
17179870606,17179869417
17179870990,17179870990
17179871103,17179871103
17179871365,17179871365
17179871865,17179871865
17179871983,17179870655
17179872210,17179872210
17179872260,17179869954
17179872590,17179869189
17179872764,17179870480
17179873140,17179873140
17179873835,17179870912
17179873848,17179872678
17179874642,17179871037
17179874969,17179874969
17179875100,17179875100
17179875580,17179875580
17179875710,17179874468
17179875898,17179870723
17179876101,17179876101
17179876445,17179869672
17179876725,17179876725
17179877081,17179869802
17179877179,17179877179
17179877614,17179872383
17179877718,17179873450
17179878233,17179871550
17179878751,17179875988
17179879073,17179872570
17179879081,17179870816
17179879088,17179869683
17179879094,17179874535
17179879229,17179872071
17179879695,17179870937
17179879762,17179879762
17179879861,17179870950
17179879934,17179871645
17179880573,17179878689
17179881091,17179871988
17179881237,17179869320
17179881614,17179869434
17179881870,17179870424
17179881908,17179870219
17179882274,17179871545
17179882787,17179874014
17179882883,17179869953
17179883119,17179873147
17179883202,17179872460
17179883234,17179883234
17179883292,17179876231
17179883307,17179873855
17179883381,17179878329
17179883444,17179883444
17179883624,17179875063
17179883681,17179873979
17179883727,17179872387
17179884164,17179870324
17179884393,17179882413
17179884814,17179875063
17179884891,17179884891
17179884973,17179875364
17179884990,17179869203
17179885420,17179869715
17179886119,17179871170
17179887037,17179877447
17179887085,17179869755
17179887103,17179875735
17179887111,17179870777
17179887307,17179872862
17179887410,17179876094
17179887566,17179869756
17179887750,17179879286
17179887977,17179870254
17179888037,17179872418
17179888291,17179870660
17179888344,17179870020
17179888359,17179886951
17179888429,17179872203
17179888873,17179888873
17179889039,17179882471
17179889781,17179873039
17179890205,17179880107
17179890233,17179872046
17179890640,17179873735
17179890908,17179880728
17179890980,17179871802
17179891151,17179876298
17179891420,17179869940
17179891773,17179870464
17179891856,17179879450
17179891922,17179871971
17179892210,17179887938
17179892243,17179870408
17179892679,17179874231
17179892775,17179892775
17179893507,17179883795
17179893558,17179885578
17179893953,17179893953
17179893960,17179872530
17179894035,17179876211
17179894334,17179869708
17179894467,17179869983
17179894974,17179877907
17179895463,17179880421
17179895569,17179895569
17179895577,17179885346
17179895699,17179877641
17179896018,17179877980
17179896122,17179869353
17179896205,17179877872
17179896641,17179869957
17179896684,17179883279
17179896827,17179873741
17179897030,17179873618
17179897163,17179873833
17179897412,17179888888
17179898108,17179870377
17179898184,17179869649
17179898260,17179869629
17179898545,17179869199
17179898810,17179882212
17179898915,17179870610
17179898968,17179869969
17179899686,17179876831
17179899848,17179869239
17179899891,17179873148
17179900066,17179900066
17179900078,17179879625
17179900520,17179875981
17179900739,17179871455
17179901011,17179870071
17179901593,17179875167
17179901604,17179872212
17179901822,17179875136
17179901960,17179896281
17179902259,17179872550
17179902419,17179873794
17179902480,17179902480
17179902521,17179873885
17179869334,17179869334
17179869465,17179869465
17179869599,17179869599
17179870067,17179870067
17179870211,17179870211
17179870532,17179870532
17179870652,17179870652
17179870991,17179869246
17179871140,17179870045
17179871142,17179871142
17179871533,17179871388
17179871720,17179871720
17179871734,17179871734
17179871778,17179869855
17179871796,17179870325
17179871812,17179871812
17179871985,17179871985
17179872002,17179869649
17179872254,17179872254
17179872845,17179869455
17179872852,17179870168
17179872972,17179872876
17179873093,17179871277
17179873500,17179869927
17179873800,17179870816
17179874011,17179869186
17179874189,17179874189
17179874244,17179874244
17179874327,17179874327
17179874446,17179874446
17179875463,17179873123
17179875516,17179870982
17179875964,17179870178
17179876727,17179870569
17179876850,17179873025
17179876938,17179874105
17179876958,17179870550
17179877218,17179871793
17179877759,17179875036
17179877814,17179877814
17179877968,17179877968
17179878015,17179872006
17179878102,17179878102
17179878173,17179870289
17179878347,17179871373
17179878429,17179869491
17179878449,17179878449
17179878524,17179874997
17179878588,17179872503
17179878689,17179878689
17179878832,17179878096
17179878999,17179869281
17179879096,17179871724
17179879332,17179873719
17179879346,17179879346
17179879369,17179878571
17179879655,17179869598
17179879878,17179871203
17179880040,17179880040
17179880283,17179871807
17179880798,17179878342
17179880870,17179872593
17179880937,17179880937
17179880998,17179880998
17179881464,17179874873
17179881579,17179869591
17179881617,17179877669
17179882084,17179877879
17179882114,17179871150
17179882571,17179880911
17179882582,17179875453
17179882793,17179879113
17179883027,17179877507
17179883345,17179870579
17179883803,17179878418
17179884202,17179870689
17179884303,17179884303
17179884501,17179873325
17179884576,17179879889
17179884643,17179884643
17179884753,17179872644
17179884773,17179870609
17179885210,17179872343
17179885281,17179871096
17179885624,17179870718
17179885664,17179871406
17179885716,17179874358
17179886052,17179870319
17179886092,17179876483
17179886343,17179871291
17179886588,17179872203
17179886862,17179874857
17179886876,17179870092
17179887081,17179871370
17179887306,17179878192
17179887341,17179873245
17179887385,17179882762
17179887444,17179870595
17179888046,17179874299
17179888241,17179870750
17179888626,17179877805
17179888648,17179871571
17179888685,17179888685
17179888766,17179877919
17179889062,17179869455
17179889188,17179870373
17179889525,17179872668
17179889558,17179869715
17179889632,17179871303
17179889745,17179889745
17179889771,17179871144
17179890051,17179873230
17179890178,17179873325
17179890377,17179890377
17179890648,17179883925
17179891044,17179870328
17179891104,17179877733
17179891117,17179880617
17179891195,17179887731
17179891408,17179873806
17179891560,17179884230
17179891594,17179871723
17179891969,17179871877
17179892278,17179870106
17179892296,17179874336
17179892317,17179870381
17179892348,17179877552
17179892707,17179869263
17179892722,17179892722
17179892868,17179876660
17179892883,17179871172
17179893352,17179871587
17179893554,17179869976
17179894174,17179869404
17179894595,17179869214
17179894705,17179884719
17179894820,17179874635
17179894955,17179873820
17179895199,17179873421
17179895293,17179895293
17179895332,17179888125
17179895361,17179886545
17179895405,17179895405
17179895421,17179871547
17179895523,17179869596
17179895668,17179873674
17179896071,17179872649
17179896337,17179870324
17179896339,17179881006
17179896343,17179872210
17179896511,17179878050
17179896614,17179878370
17179896712,17179872165
17179896809,17179871098
17179896999,17179873307
17179897144,17179869926
17179897749,17179870982
17179898036,17179874678
17179898105,17179876596
17179898185,17179875227
17179898239,17179869903
17179898326,17179873569
17179898450,17179869459
17179898927,17179878329
17179899175,17179874129
17179899446,17179878303
17179899923,17179879234
17179900062,17179870656
17179900264,17179876312
17179900646,17179874843
17179900991,17179882615
17179901182,17179870038
17179901403,17179871453
17179901750,17179879560
17179902117,17179877050
17179902159,17179870687
17179902604,17179882515
17179869245,17179869245
17179869310,17179869310
17179869432,17179869432
17179869527,17179869527
17179869609,17179869609
17179869656,17179869656
17179869923,17179869923
17179870115,17179870115
17179870120,17179870120
17179870200,17179870200
17179870298,17179870298
17179870351,17179869237
17179870370,17179870370
17179870423,17179870423
17179870480,17179870480
17179871111,17179871111
17179871165,17179871165
17179871376,17179870309
17179871702,17179871702
17179871847,17179871510
17179871873,17179871873
17179872429,17179869472
17179872530,17179872530
17179872541,17179872541
17179873719,17179873719
17179873914,17179873914
17179873985,17179869404
17179874151,17179873022
17179874225,17179871408
17179874291,17179873022
17179874399,17179870947
17179874417,17179874417
17179874627,17179871098
17179874796,17179869769
17179874957,17179874030
17179874981,17179870405
17179875484,17179874035
17179875707,17179871155
17179875709,17179875709
17179875730,17179873532
17179875772,17179871497
17179875793,17179873475
17179875803,17179870455
17179876120,17179874586
17179876425,17179871490
17179876599,17179869649
17179876739,17179876739
17179876795,17179872829
17179876961,17179870612
17179876962,17179872189
17179877082,17179877082
17179877689,17179869940
17179877858,17179870721
17179878061,17179872301
17179878284,17179878284
17179878542,17179870990
17179878686,17179869616
17179878753,17179878753
17179878950,17179878950
17179879030,17179869885
17179879326,17179875696
17179879388,17179877907
17179879447,17179871862
17179879465,17179870052
17179879958,17179872672
17179880200,17179869840
17179880635,17179869500
17179880772,17179879052
17179881420,17179875327
17179881453,17179874191
17179881523,17179869398
17179881788,17179879857
17179881890,17179876377
17179882200,17179869461
17179882268,17179869487
17179882549,17179874588
17179882628,17179872508
17179883050,17179878342
17179883101,17179883101
17179883149,17179879554
17179883310,17179882326
17179883490,17179876380
17179883707,17179870919
17179883927,17179869723
17179884041,17179869284
17179884140,17179869332
17179884242,17179869902
17179884920,17179873279
17179885584,17179884826
17179886160,17179878174
17179886315,17179878171
17179886377,17179870690
17179886474,17179872537
17179887053,17179875967
17179887882,17179869616
17179887983,17179869880
17179888557,17179874819
17179888581,17179873869
17179888855,17179888855
17179888923,17179869650
17179889373,17179880487
17179889798,17179878671
17179889871,17179874435
17179890036,17179874602
17179890059,17179872678
17179890210,17179871565
17179890254,17179871009
17179890378,17179875136
17179890546,17179873027
17179890644,17179876286
17179890703,17179869550
17179890974,17179871480
17179891291,17179891291
17179891455,17179880708
17179891730,17179877921
17179891925,17179871985
17179892474,17179892474
17179892783,17179874436
17179893039,17179893039
17179893260,17179871126
17179893323,17179893323
17179893866,17179873392
17179894038,17179875791
17179894200,17179879619
17179894744,17179871993
17179894918,17179869702
17179895188,17179869356
17179895791,17179895791
17179895888,17179869748
17179896019,17179870947
17179896025,17179872788
17179896027,17179869562
17179896166,17179869715
17179896295,17179869455
17179896396,17179878508
17179896701,17179870661
17179896722,17179896722
17179897059,17179873912
17179897079,17179869202
17179897170,17179897170
17179897186,17179883045
17179897462,17179869893
17179897778,17179875364
17179897889,17179872262
17179898059,17179869780
17179898314,17179874141
17179898711,17179879197
17179898752,17179883536
17179899208,17179871528
17179899259,17179879129
17179899336,17179869674
17179899552,17179875900
17179899590,17179873010
17179899933,17179870475
17179900033,17179881032
17179900107,17179872121
17179900215,17179882111
17179900232,17179869186
17179900240,17179877063
17179900434,17179878168
17179900853,17179880297
17179901256,17179869430
17179901284,17179901284
17179901429,17179901429
17179901542,17179870916
17179901870,17179880988
17179901994,17179878354
17179902460,17179875642
17179869304,17179869304
17179869309,17179869309
17179869581,17179869581
17179870347,17179869940
17179870440,17179870440
17179870460,17179870460
17179870672,17179869222
17179870748,17179870013
17179871137,17179871137
17179871345,17179871345
17179871660,17179871660
17179871672,17179871672
17179871823,17179871823
17179872247,17179869976
17179872287,17179872287
17179872413,17179872413
17179872558,17179872558
17179872610,17179872610
17179873352,17179869567
17179873460,17179873460
17179874159,17179874159
17179874259,17179874259
17179874441,17179872609
17179874630,17179872439
17179874926,17179874371
17179875211,17179875211
17179875509,17179875509
17179875958,17179873061
17179876177,17179876177
17179876254,17179872820
17179876322,17179869967
17179876702,17179876702
17179876789,17179876267
17179877126,17179871918
17179877603,17179877603
17179878387,17179873504
17179878405,17179875869
17179878725,17179878725
17179878805,17179869543
17179878873,17179878873
17179878919,17179869884
17179878935,17179878935
17179879305,17179869470
17179879394,17179874931
17179879479,17179879479
17179879844,17179876747
17179880112,17179869367
17179880189,17179871672
17179880487,17179880487
17179880830,17179877510
17179881012,17179869659
17179881013,17179881013
17179881092,17179881092
17179881133,17179881133
17179881281,17179881281
17179881436,17179871573
17179881491,17179869194
17179881508,17179869488
17179881703,17179880741
17179882012,17179870466
17179882170,17179874931
17179882359,17179871418
17179882434,17179873194
17179883208,17179873580
17179883422,17179870257
17179883480,17179878354
17179883605,17179881972
17179883619,17179882132
17179883699,17179883699
17179883926,17179879125
17179883958,17179871098
17179884162,17179884162
17179884581,17179870466
17179884772,17179874799
17179885463,17179876232
17179885632,17179877442
17179885658,17179871112
17179885764,17179870102
17179885774,17179876405
17179885855,17179869196
17179885919,17179871993
17179886041,17179871124
17179886129,17179886129
17179886524,17179881999
17179886528,17179874433
17179886620,17179884095
17179886947,17179869423
17179887224,17179883764
17179887847,17179871159
17179888182,17179874411
17179888198,17179874603
17179888278,17179882820
17179888324,17179869695
17179888363,17179870714
17179888379,17179876145
17179888816,17179873967
17179888906,17179869919
17179888966,17179872120
17179889210,17179875367
17179889425,17179885811
17179889465,17179871490
17179889536,17179872440
17179889786,17179875273
17179890034,17179873300
17179890045,17179873783
17179890447,17179869644
17179890675,17179872061
17179890716,17179870282
17179891918,17179877244
17179892324,17179871506
17179892704,17179872282
17179892793,17179877788
17179892842,17179878102
17179893271,17179871197
17179893749,17179875449
17179893779,17179893779
17179893786,17179888640
17179893820,17179879619
17179894045,17179874051
17179894285,17179885950
17179894289,17179873477
17179894669,17179874564
17179894817,17179889475
17179894877,17179877013
17179895428,17179869423
17179895432,17179877633
17179895634,17179869209
17179895650,17179879245
17179895789,17179869754
17179895893,17179869404
17179895955,17179875261
17179896303,17179893843
17179896621,17179890135
17179896734,17179873804
17179896961,17179875397
17179897230,17179872499
17179897289,17179874014
17179897498,17179869436
17179897539,17179874313
17179898224,17179869648
17179898375,17179870990
17179898397,17179878290
17179898730,17179871795
17179899020,17179870415
17179899419,17179899419
17179899661,17179899661
17179900110,17179869426
17179900387,17179900387
17179900471,17179872164
17179900474,17179869426
17179900505,17179882217
17179900894,17179872933
17179901173,17179880650
17179901793,17179874816
17179902025,17179883825
17179902413,17179871370
17179902614,17179876745
17179869226,17179869226
17179869246,17179869246
17179869332,17179869332
17179869404,17179869404
17179869447,17179869447
17179869765,17179869701
17179870057,17179870057
17179870287,17179870012
17179870300,17179870300
17179870314,17179870314
17179870344,17179870344
17179870414,17179870414
17179871384,17179871384
17179871651,17179871651
17179871686,17179871686
17179872423,17179872423
17179872621,17179869456
17179872678,17179872678
17179872737,17179872737
17179872790,17179872790
17179872911,17179870799
17179873119,17179873119
17179873278,17179871788
17179873443,17179873443
17179873517,17179871553
17179873886,17179870172
17179874026,17179874026
17179874163,17179874163
17179874306,17179874306
17179874461,17179871124
17179874612,17179872439
17179874790,17179870316
17179875450,17179875442
17179875657,17179873391
17179875712,17179869543
17179876281,17179870999
17179876319,17179874737
17179876533,17179876533
17179876866,17179873984
17179876951,17179871698
17179876952,17179871186
17179877094,17179875419
17179877242,17179871977
17179877676,17179870218
17179877926,17179877926
17179878238,17179871070
17179878556,17179871237
17179878699,17179872324
17179879044,17179875573
17179879106,17179876739
17179879261,17179872446
17179879572,17179871599
17179879576,17179872748
17179879595,17179876480
17179879856,17179873043
17179879871,17179873000
17179880179,17179873504
17179880239,17179874255
17179880281,17179872046
17179880385,17179869423
17179880386,17179870650
17179880605,17179869423
17179880640,17179872338
17179880766,17179869302
17179881138,17179872630
17179881240,17179881240
17179881286,17179873959
17179881597,17179870176
17179881634,17179879634
17179881912,17179873504
17179882073,17179874800
17179882379,17179872077
17179882382,17179875036
17179882410,17179873735
17179882782,17179880127
17179882896,17179878102
17179883088,17179879105
17179883152,17179870020
17179883404,17179883404
17179883591,17179874110
17179883748,17179871212
17179884178,17179879216
17179884624,17179873413
17179885053,17179885053
17179885231,17179877658
17179885283,17179870162
17179885536,17179871502
17179885567,17179871588
17179886250,17179870405
17179886312,17179869811
17179886709,17179869579
17179886791,17179869627
17179887315,17179869703
17179887656,17179885950
17179887677,17179869821
17179887989,17179874521
17179888174,17179883488
17179888767,17179874395
17179888865,17179871349
17179889235,17179887597
17179889454,17179870289
17179889698,17179879513
17179889867,17179876292
17179889887,17179877060
17179890216,17179890216
17179890295,17179869909
17179890515,17179869314
17179890541,17179870758
17179890599,17179876246
17179890618,17179873663
17179890825,17179881822
17179890840,17179890840
17179891685,17179874345
17179892102,17179890216
17179892535,17179878898
17179893330,17179872301
17179893510,17179869661
17179893654,17179870141
17179893888,17179885059
17179893918,17179874273
17179894446,17179874686
17179894508,17179869759
17179894530,17179885890
17179894887,17179879077
17179895140,17179877467
17179895638,17179883361
17179895843,17179887731
17179896123,17179870401
17179896386,17179869909
17179896794,17179869814
17179896877,17179870497
17179897133,17179884906
17179897414,17179897414
17179897458,17179878285
17179898079,17179871491
17179898380,17179878614
17179898849,17179877908
17179899066,17179899066
17179899291,17179878132
17179899487,17179869434
17179899841,17179873502
17179899877,17179899877
17179899995,17179870536
17179900207,17179871322
17179900310,17179869528
17179900420,17179882406
17179900674,17179880356
17179900824,17179874380
17179900895,17179872736
17179901222,17179881971
17179901238,17179877301
17179901261,17179869730
17179901320,17179870091
17179901442,17179875517
17179901452,17179877985
17179901688,17179883806
17179901894,17179869715
17179902013,17179869487
17179902282,17179902282
17179902411,17179902411
17179869690,17179869690
17179870133,17179870133
17179870137,17179870137
17179870230,17179870230
17179870376,17179870376
17179870432,17179870432
17179870521,17179869528
17179870595,17179870595
17179870865,17179869222
17179870969,17179870969
17179871027,17179871027
17179871076,17179871076
17179871105,17179871105
17179871831,17179871831
17179872256,17179872256
17179872304,17179872304
17179872450,17179869708
17179872634,17179872634
17179872640,17179872640
17179873168,17179873168
17179873309,17179873309
17179873372,17179869689
17179873380,17179869224
17179873598,17179870641
17179873621,17179873621
17179873944,17179869582
17179874005,17179870198
17179874284,17179874284
17179874857,17179874857
17179875218,17179875218
17179875363,17179873304
17179875558,17179869998
17179875776,17179875776
17179875906,17179871004
17179875935,17179874565
17179876344,17179876344
17179876397,17179872325
17179876891,17179869423
17179877133,17179877133
17179877618,17179877618
17179878331,17179869513
17179878639,17179871234
17179878661,17179874930
17179878927,17179875708
17179879271,17179875842
17179879309,17179878791
17179879628,17179873860
17179879632,17179874356
17179879747,17179875007
17179879925,17179870248
17179879986,17179878153
17179880140,17179874943
17179880666,17179872364
17179880715,17179871420
17179880788,17179869422
17179880843,17179871622
17179880871,17179874535
17179881072,17179873991
17179881099,17179870289
17179881126,17179870249
17179881624,17179871053
17179881853,17179881853
17179881863,17179869376
17179882224,17179878393
17179882462,17179881693
17179882528,17179873498
17179882613,17179873080
17179882916,17179882432
17179883006,17179883006
17179883151,17179871142
17179883305,17179878558
17179883767,17179883767
17179884089,17179884089
17179884385,17179877183
17179884396,17179882263
17179884419,17179874924
17179884627,17179873854
17179884781,17179884781
17179884822,17179884822
17179884975,17179870781
17179884980,17179877181
17179885169,17179871622
17179885544,17179871700
17179885714,17179872788
17179885787,17179879093
17179885822,17179882413
17179885907,17179873583
17179886177,17179886177
17179886344,17179869777
17179886363,17179875397
17179886539,17179884684
17179887184,17179887184
17179887233,17179887233
17179887586,17179869415
17179887629,17179874209
17179887717,17179875038
17179888059,17179875643
17179888269,17179878191
17179888308,17179883225
17179888472,17179879869
17179888745,17179874335
17179888900,17179869429
17179889521,17179881971
17179889654,17179872291
17179890173,17179874890
17179890189,17179876493
17179890196,17179875443
17179890353,17179871490
17179890450,17179878449
17179890538,17179872040
17179891135,17179871195
17179891181,17179878734
17179891512,17179889348
17179891569,17179870497
17179891801,17179891801
17179891921,17179880485
17179892454,17179871495
17179892805,17179869284
17179892881,17179882515
17179893305,17179871458
17179893983,17179871275
17179894497,17179874846
17179894905,17179875324
17179894953,17179870015
17179895022,17179872788
17179895053,17179872271
17179895064,17179880474
17179895444,17179871497
17179895529,17179870301
17179895661,17179870670
17179895761,17179876649
17179896322,17179870642
17179896562,17179872403
17179896625,17179880695
17179896670,17179881693
17179896688,17179876011
17179896739,17179873289
17179896766,17179869196
17179897265,17179876948
17179897627,17179881085
17179897841,17179879631
17179897880,17179876747
17179898420,17179870029
17179898619,17179872649
17179898705,17179873079
17179898836,17179883099
17179898879,17179869733
17179898967,17179870546
17179898985,17179872574
17179899120,17179870461
17179899244,17179899244
17179899249,17179878522
17179899547,17179874100
17179899693,17179871139
17179899876,17179874778
17179900000,17179869752
17179900094,17179869654
17179900099,17179891727
17179900258,17179871552
17179900532,17179875768
17179900589,17179884192
17179901158,17179870714
17179901518,17179873490
17179901835,17179871228
17179901897,17179871149
17179902176,17179879709
17179902609,17179871571
17179869301,17179869301
17179869774,17179869774
17179869833,17179869412
17179869956,17179869491
17179870275,17179870275
17179870458,17179870458
17179870490,17179870490
17179870494,17179870202
17179870534,17179870534
17179870803,17179870803
17179871089,17179869421
17179871272,17179871272
17179871285,17179871285
17179871388,17179871388
17179871496,17179871496
17179871525,17179871525
17179871855,17179871855
17179871902,17179871902
17179872228,17179870068
17179872494,17179872494
17179872565,17179872565
17179873343,17179869888
17179873433,17179873433
17179873528,17179869906
17179874108,17179872393
17179874725,17179869770
17179874829,17179874829
17179875044,17179873007
17179875404,17179869827
17179875763,17179873601
17179876015,17179869340
17179876218,17179876218
17179876342,17179876342
17179877249,17179876702
17179877306,17179869789
17179877376,17179869926
17179877401,17179871523
17179877450,17179870686
17179877856,17179877856
17179878605,17179873974
17179878645,17179874450
17179879220,17179873325
17179879379,17179871478
17179879475,17179871914
17179879860,17179879453
17179879980,17179879980
17179880174,17179869535
17179880378,17179873854
17179880402,17179872072
17179880477,17179877127
17179880518,17179877733
17179880563,17179869579
17179880751,17179869320
17179880847,17179874477
17179880850,17179872354
17179880853,17179869947
17179881024,17179874027
17179881132,17179878087
17179881187,17179872803
17179881202,17179872506
17179881304,17179876648
17179881535,17179879178
17179881565,17179869989
17179881875,17179871039
17179881951,17179876515
17179882155,17179870191
17179882220,17179871747
17179882687,17179872183
17179882702,17179880851
17179882773,17179872923
17179882963,17179873315
17179883187,17179882755
17179883386,17179872667
17179883398,17179873555
17179883821,17179883821
17179884232,17179884232
17179884238,17179874172
17179884308,17179880989
17179884421,17179873712
17179884480,17179877952
17179884482,17179870585
17179884953,17179882820
17179885256,17179874701
17179885326,17179869318
17179885395,17179885395
17179885404,17179870219
17179885736,17179873551
17179885994,17179869408
17179886033,17179884134
17179886113,17179875338
17179886509,17179869484
17179886705,17179886705
17179886735,17179882329
17179887170,17179886006
17179887298,17179876662
17179887955,17179870536
17179887978,17179887008
17179888053,17179873239
17179888160,17179872018
17179888494,17179870101
17179888503,17179869665
17179888568,17179870796
17179888573,17179869591
17179888718,17179870277
17179888762,17179871278
17179889014,17179878427
17179889074,17179869186
17179889366,17179874087
17179889560,17179883361
17179889565,17179878544
17179889957,17179878557
17179890064,17179874446
17179890265,17179890265
17179890267,17179880779
17179891264,17179870566
17179891277,17179869619
17179891641,17179870603
17179891665,17179870714
17179891805,17179880714
17179892133,17179872384
17179892410,17179871126
17179892413,17179892413
17179892448,17179892448
17179892984,17179886701
17179893655,17179870770
17179894002,17179873330
17179894193,17179870818
17179894498,17179870055
17179894540,17179870457
17179894726,17179869807
17179895382,17179871755
17179895613,17179888640
17179895774,17179869185
17179895938,17179876232
17179896198,17179874834
17179896328,17179894781
17179896620,17179878864
17179896812,17179874154
17179896883,17179896883
17179897704,17179869950
17179897806,17179873623
17179897827,17179876178
17179897981,17179875203
17179898292,17179870990
17179898541,17179876246
17179898918,17179871843
17179899557,17179870400
17179900548,17179889146
17179901508,17179871400
17179901586,17179870267
17179901651,17179873819
17179901804,17179888221
17179901896,17179870956
17179902131,17179898051
17179902210,17179902210
17179869296,17179869296
17179869367,17179869367
17179869660,17179869660
17179869803,17179869803
17179869830,17179869830
17179870002,17179870002
17179870049,17179869828
17179870418,17179870418
17179870451,17179870451
17179870496,17179869916
17179870573,17179869858
17179870798,17179869261
17179870957,17179870773
17179871061,17179871061
17179871077,17179871077
17179871199,17179869804
17179871803,17179869927
17179871970,17179871640
17179872032,17179872032
17179872222,17179872222
17179872246,17179872246
17179872305,17179872305
17179872316,17179872316
17179872862,17179872862
17179873196,17179873196
17179873501,17179869522
17179873513,17179871085
17179873768,17179873685
17179874092,17179873484
17179874337,17179869355
17179874432,17179874432
17179874636,17179869912
17179874667,17179872284
17179874816,17179874816
17179874866,17179872406
17179874944,17179874944
17179875149,17179873852
17179875522,17179875522
17179875721,17179870369
17179876051,17179875900
17179876141,17179870269
17179876352,17179869232
17179876357,17179869260
17179876566,17179872818
17179876909,17179871600
17179876967,17179869420
17179877143,17179871203
17179877396,17179869996
17179877699,17179877699
17179878462,17179869492
17179878482,17179878482
17179878606,17179878606
17179879223,17179876052
17179879333,17179874713
17179879418,17179869926
17179879536,17179874825
17179879665,17179875211
17179879761,17179871245
17179879804,17179878341
17179879822,17179872165
17179880184,17179876525
17179880447,17179876514
17179880682,17179870983
17179880815,17179870015
17179880833,17179869867
17179881251,17179871130
17179881410,17179872043
17179881639,17179878995
17179882303,17179872233
17179882939,17179882939
17179883040,17179870157
17179883506,17179870258
17179883554,17179879113
17179883601,17179875237
17179883662,17179879380
17179883860,17179871186
17179884215,17179873988
17179884251,17179877061
17179884260,17179870974
17179884609,17179871843
17179884680,17179873499
17179884736,17179871926
17179884836,17179870172
17179884964,17179875235
17179885245,17179873310
17179885376,17179872494
17179886280,17179879190
17179886693,17179874992
17179886724,17179875606
17179887029,17179870875
17179887057,17179874293
17179887099,17179876538
17179887275,17179874992
17179887734,17179871130
17179887959,17179880227
17179887994,17179880919
17179888264,17179876267
17179888397,17179880080
17179888555,17179875987
17179888971,17179869935
17179888978,17179870817
17179889185,17179874988
17179889691,17179880166
17179889841,17179873420
17179889863,17179873826
17179889912,17179873022
17179889949,17179872598
17179890138,17179869619
17179890328,17179869271
17179890391,17179872446
17179890887,17179874982
17179891091,17179869675
17179891162,17179879260
17179891211,17179871400
17179891232,17179869239
17179891443,17179872269
17179891807,17179870391
17179892438,17179871125
17179893193,17179876988
17179893364,17179886822
17179893423,17179869207
17179893797,17179869376
17179894437,17179869649
17179894686,17179871555
17179894728,17179883044
17179894840,17179885537
17179894859,17179877990
17179894897,17179877497
17179895096,17179871405
17179895252,17179869632
17179895264,17179873048
17179895551,17179870818
17179895554,17179875831
17179896315,17179869627
17179896317,17179884191
17179896359,17179885313
17179896454,17179876887
17179896512,17179871779
17179896556,17179882552
17179896655,17179870357
17179896716,17179878395
17179896718,17179869559
17179897023,17179871387
17179897176,17179871280
17179897268,17179897268
17179897571,17179876626
17179897719,17179874128
17179898261,17179885312
17179898377,17179876418
17179898715,17179873247
17179898922,17179888627
17179899273,17179876767
17179899290,17179873420
17179899670,17179877887
17179900172,17179873336
17179900397,17179878839
17179900518,17179877342
17179900722,17179869477
17179900822,17179872965
17179900868,17179871473
17179900925,17179874915
17179901155,17179901155
17179901243,17179870891
17179901250,17179870585
17179901550,17179901550
17179901917,17179872182
17179902079,17179877686
17179902094,17179870269
17179902265,17179902265
17179902388,17179881573
17179902395,17179869997
17179869312,17179869312
17179869328,17179869328
17179869436,17179869436
17179870126,17179869550
17179870152,17179870152
17179870302,17179870302
17179870381,17179870381
17179870649,17179870649
17179870769,17179870769
17179870886,17179870272
17179870968,17179869446
17179871070,17179871070
17179871576,17179871576
17179871692,17179871692
17179871813,17179870921
17179872372,17179872372
17179872386,17179869550
17179872546,17179872221
17179872559,17179872559
17179872649,17179872649
17179872651,17179872651
17179872730,17179872460
17179872767,17179870851
17179873253,17179873253
17179873387,17179873387
17179873599,17179873599
17179873809,17179873809
17179874531,17179874531
17179874544,17179869729
17179874598,17179873414
17179874641,17179872644
17179875566,17179870602
17179875771,17179873168
17179876052,17179876052
17179876458,17179870909
17179876459,17179876459
17179876613,17179876613
17179876632,17179876632
17179876734,17179872652
17179876942,17179876942
17179876960,17179876960
17179877043,17179871933
17179877088,17179872788
17179877180,17179875641
17179877293,17179871829
17179877328,17179872729
17179877381,17179869793
17179877443,17179877443
17179877494,17179877494
17179877821,17179870015
17179877946,17179877946
17179878520,17179872468
17179878708,17179876625
17179878841,17179878841
17179878922,17179871267
17179878954,17179878954
17179879062,17179870902
17179879145,17179869797
17179879507,17179879507
17179879648,17179871204
17179879811,17179869626
17179879846,17179871492
17179879997,17179870168
17179880143,17179869802
17179880161,17179874834
17179880583,17179872826
17179880647,17179880647
17179880920,17179880920
17179881105,17179881105
17179881538,17179871405
17179881567,17179881567
17179881750,17179881750
17179882104,17179874280
17179882135,17179870982
17179882175,17179872252
17179882182,17179882182
17179882464,17179882464
17179882474,17179870440
17179882535,17179881013
17179882561,17179877016
17179882931,17179882703
17179883008,17179877641
17179883026,17179879762
17179883135,17179871126
17179883747,17179869817
17179883940,17179874571
17179884057,17179877542
17179884410,17179870375
17179884532,17179869255
17179884761,17179878796
17179885128,17179870267
17179885183,17179872150
17179885740,17179869224
17179885836,17179885836
17179885940,17179869359
17179886032,17179881853
17179886472,17179872454
17179886839,17179871392
17179886905,17179874804
17179886942,17179876220
17179887061,17179884192
17179887090,17179870561
17179887191,17179872830
17179887378,17179869619
17179887391,17179887391
17179887552,17179880241
17179887816,17179871555
17179888565,17179872541
17179888610,17179877403
17179889020,17179869941
17179889187,17179875635
17179889327,17179874432
17179889711,17179871430
17179890130,17179882081
17179890472,17179881619
17179890622,17179874662
17179890654,17179873728
17179890693,17179869190
17179890783,17179889569
17179891094,17179880937
17179891467,17179874135
17179891545,17179871266
17179891671,17179878499
17179892360,17179873898
17179892427,17179884457
17179892485,17179873771
17179892521,17179879380
17179892652,17179880173
17179893048,17179870556
17179893320,17179871503
17179893871,17179872440
17179893883,17179871339
17179893987,17179883498
17179894196,17179881991
17179894424,17179872322
17179894454,17179870280
17179894543,17179894543
17179894716,17179877941
17179894778,17179883571
17179895170,17179870754
17179895253,17179870811
17179895759,17179870392
17179895900,17179876312
17179896031,17179877109
17179896127,17179896127
17179896422,17179880077
17179896639,17179875842
17179897135,17179897135
17179897156,17179869288
17179897258,17179890738
17179897290,17179877973
17179897330,17179887798
17179897675,17179877490
17179897993,17179871573
17179897996,17179876220
17179898614,17179876797
17179898822,17179870479
17179899503,17179899503
17179899524,17179871059
17179899765,17179870870
17179899935,17179875708
17179900130,17179873235
17179900227,17179869355
17179900279,17179874217
17179900384,17179874505
17179900398,17179871524
17179900496,17179875166
17179900523,17179883044
17179900731,17179869552
17179900732,17179870995
17179901811,17179872198
17179902077,17179877017
17179902247,17179869864
17179902563,17179870846
17179869397,17179869397
17179869789,17179869789
17179869825,17179869811
17179869901,17179869901
17179869905,17179869715
17179870232,17179870232
17179870411,17179870411
17179870456,17179869423
17179870495,17179870495
17179870666,17179870666
17179870958,17179870958
17179871708,17179870059
17179871761,17179871761
17179872124,17179869900
17179872422,17179872422
17179872705,17179871387
17179872760,17179869630
17179872793,17179871617
17179872795,17179871632
17179873035,17179873035
17179873189,17179871759
17179873368,17179872985
17179873671,17179873671
17179873894,17179869222
17179874145,17179872144
17179874160,17179870982
17179874161,17179871793
17179874577,17179871769
17179875037,17179875037
17179875230,17179875230
17179875260,17179873194
17179875321,17179875321
17179875326,17179875326
17179875460,17179869938
17179875494,17179873125
17179875665,17179875665
17179875689,17179870406
17179875757,17179870933
17179875977,17179875977
17179876039,17179874652
17179876394,17179876394
17179876507,17179875382
17179876701,17179872814
17179876887,17179876887
17179877148,17179872582
17179877255,17179877255
17179877347,17179872919
17179877435,17179875934
17179877520,17179876766
17179877777,17179876953
17179877896,17179877850
17179877913,17179877913
17179877966,17179877039
17179878169,17179875352
17179878213,17179876651
17179878660,17179878660
17179878865,17179878865
17179879009,17179871148
17179879284,17179873385
17179879426,17179874053
17179879864,17179870704
17179880114,17179870091
17179880790,17179873657
17179880913,17179869439
17179881141,17179870689
17179881341,17179871420
17179881384,17179881384
17179881745,17179869442
17179881780,17179872030
17179882036,17179882036
17179882042,17179882042
17179882092,17179874080
17179882229,17179869445
17179882583,17179870324
17179882750,17179872652
17179882855,17179882351
17179882882,17179871714
17179883067,17179870703
17179883949,17179875309
17179884019,17179884019
17179884146,17179872785
17179884557,17179877074
17179884692,17179872939
17179884821,17179882063
17179884977,17179870646
17179885086,17179871476
17179885100,17179883956
17179885235,17179879436
17179885323,17179876453
17179885389,17179879234
17179886109,17179872269
17179886117,17179886036
17179886125,17179886125
17179886327,17179875269
17179886557,17179870588
17179887317,17179875934
17179887360,17179872364
17179887493,17179872762
17179887510,17179875166
17179887618,17179882311
17179888135,17179870001
17179888312,17179871116
17179889245,17179870405
17179889625,17179869381
17179889664,17179877973
17179889769,17179870818
17179890218,17179871871
17179890657,17179876021
17179890861,17179876732
17179891105,17179871596
17179891257,17179871739
17179891324,17179871754
17179891412,17179875108
17179891498,17179870693
17179891502,17179873176
17179891536,17179877223
17179891625,17179874869
17179892346,17179875533
17179892530,17179892003
17179892624,17179892624
17179892995,17179870954
17179893287,17179880083
17179893468,17179890364
17179893542,17179875777
17179893546,17179880355
17179893628,17179877886
17179893840,17179872712
17179894412,17179885533
17179894429,17179882767
17179894518,17179872144
17179894620,17179872335
17179894635,17179872282
17179894806,17179873706
17179895331,17179869826
17179895398,17179872716
17179895539,17179876217
17179895546,17179870743
17179895580,17179895580
17179895687,17179869456
17179895781,17179895781
17179895840,17179879147
17179895845,17179875902
17179897085,17179885313
17179897199,17179869504
17179897350,17179881201
17179897355,17179869698
17179897592,17179897592
17179897617,17179871100
17179898312,17179870017
17179898334,17179877510
17179898394,17179878995
17179898482,17179872413
17179898575,17179871605
17179898773,17179869798
17179898775,17179869903
17179899097,17179881971
17179899210,17179888935
17179899301,17179882139
17179899594,17179874857
17179899985,17179876582
17179901145,17179901145
17179901863,17179869336
17179901948,17179870320
17179902000,17179873860
17179902097,17179877850
17179902115,17179877894
17179902125,17179897777
17179902284,17179871425
17179902454,17179870092
17179902619,17179871724
17179869186,17179869186
17179869314,17179869314
17179869485,17179869485
17179869947,17179869947
17179870009,17179870009
17179870011,17179870011
17179870078,17179869241
17179870174,17179870174
17179870229,17179870229
17179870359,17179870359
17179870543,17179869536
17179870558,17179870490
17179870713,17179870713
17179871108,17179871108
17179871232,17179871232
17179871405,17179871405
17179872320,17179872320
17179872387,17179872387
17179872452,17179871855
17179872504,17179870269
17179873142,17179873076
17179873370,17179873370
17179873636,17179873636
17179873732,17179872077
17179873777,17179869979
17179874014,17179874014
17179874022,17179874022
17179874100,17179874100
17179874205,17179874205
17179874279,17179874279
17179874427,17179870001
17179874620,17179871725
17179874704,17179871041
17179875513,17179871112
17179875929,17179875929
17179875966,17179875966
17179876339,17179874881
17179876341,17179876341
17179876616,17179876616
17179876626,17179876626
17179876780,17179870249
17179877194,17179875132
17179877221,17179877221
17179877264,17179877264
17179877581,17179869897
17179877639,17179877639
17179877697,17179877697
17179877853,17179877853
17179877979,17179870931
17179878030,17179878030
17179878136,17179873308
17179878171,17179878171
17179878283,17179871939
17179878391,17179869591
17179878416,17179878416
17179878879,17179878879
17179878952,17179878952
17179879349,17179877028
17179879434,17179872833
17179879654,17179870272
17179879882,17179879882
17179879909,17179879909
17179879993,17179872022
17179880330,17179869404
17179881029,17179874193
17179881061,17179872543
17179881242,17179876451
17179881343,17179869625
17179881353,17179873681
17179881446,17179881446
17179881778,17179869342
17179882065,17179871665
17179882204,17179871340
17179882719,17179882719
17179882769,17179882769
17179882885,17179872003
17179882921,17179875184
17179883237,17179871284
17179883408,17179870792
17179883573,17179869429
17179883643,17179873090
17179884168,17179874154
17179884401,17179882703
17179884485,17179871234
17179884507,17179884507
17179884568,17179871172
17179884594,17179874209
17179884979,17179874035
17179885153,17179872737
17179885213,17179870353
17179886099,17179875198
17179886130,17179871033
17179886243,17179879709
17179886523,17179869619
17179886996,17179873667
17179887038,17179874621
17179887327,17179887327
17179887635,17179872853
17179887691,17179872256
17179887739,17179869579
17179887950,17179887950
17179888192,17179869678
17179888356,17179869246
17179888486,17179871498
17179888757,17179869810
17179889148,17179889148
17179889150,17179869716
17179889224,17179872403
17179889229,17179889229
17179889232,17179871122
17179889251,17179872268
17179889332,17179883006
17179889504,17179869632
17179889587,17179873539
17179889936,17179880586
17179891172,17179891172
17179891613,17179872196
17179891743,17179874431
17179891845,17179883409
17179892208,17179885395
17179892441,17179876529
17179892446,17179881139
17179892723,17179870224
17179892734,17179889564
17179892745,17179875148
17179892908,17179870947
17179893095,17179869498
17179893362,17179891888
17179893368,17179880891
17179893483,17179870298
17179893487,17179869617
17179893596,17179874591
17179893746,17179893746
17179894264,17179871237
17179894554,17179870711
17179894836,17179871455
17179894849,17179872468
17179895044,17179875639
17179895163,17179872580
17179895356,17179870952
17179895509,17179870535
17179895839,17179874135
17179895874,17179884655
17179896035,17179872570
17179896710,17179878781
17179897437,17179876527
17179897565,17179876434
17179898205,17179873891
17179898291,17179870588
17179898736,17179871480
17179898769,17179880260
17179898800,17179886521
17179899150,17179880375
17179899164,17179899164
17179899182,17179871174
17179899309,17179871838
17179900106,17179874497
17179900390,17179882623
17179900749,17179870755
17179900796,17179888982
17179900811,17179871408
17179900889,17179869204
17179901072,17179901072
17179901673,17179890247
17179901842,17179901842
17179901942,17179870744
17179902512,17179902512
17179869574,17179869574
17179869757,17179869757
17179869760,17179869760
17179869822,17179869822
17179870138,17179869743
17179870641,17179870641
17179870771,17179870771
17179870888,17179870888
17179871193,17179869475
17179871410,17179871410
17179871453,17179871453
17179871541,17179871541
17179872796,17179872796
17179872832,17179872832
17179872927,17179872927
17179873195,17179870372
17179873217,17179870802
17179873392,17179873392
17179873431,17179873431
17179873557,17179873557
17179873658,17179869301
17179873664,17179871933
17179874286,17179874286
17179874440,17179874440
17179874458,17179871880
17179874508,17179870005
17179875075,17179869616
17179875142,17179873694
17179875385,17179869710
17179875760,17179872510
17179875879,17179872788
17179876176,17179876176
17179876211,17179876211
17179876677,17179870474
17179876690,17179871174
17179876841,17179876841
17179876937,17179876937
17179877202,17179877202
17179877359,17179877359
17179877478,17179871610
17179877626,17179877626
17179877914,17179877914
17179878368,17179870001
17179878422,17179878422
17179878992,17179872765
17179879396,17179879396
17179879412,17179870257
17179879471,17179869514
17179879634,17179879634
17179879647,17179874172
17179879685,17179869699
17179879760,17179877056
17179880035,17179878168
17179880037,17179872008
17179880225,17179880225
17179880264,17179870061
17179880321,17179880321
17179880345,17179869440
17179880414,17179871406
17179880579,17179878031
17179881049,17179875052
17179881090,17179869678
17179881288,17179871374
17179881510,17179871707
17179881718,17179873299
17179881961,17179874550
17179882120,17179870880
17179882662,17179874609
17179882824,17179878019
17179882961,17179882961
17179883163,17179883163
17179883799,17179877679
17179883916,17179883916
17179883997,17179870589
17179884287,17179880263
17179884637,17179871143
17179884662,17179884662
17179884718,17179872366
17179885074,17179879213
17179885127,17179872396
17179885220,17179872026
17179885444,17179869423
17179885892,17179880960
17179886246,17179871455
17179886443,17179877177
17179886892,17179870286
17179887005,17179870289
17179887087,17179872026
17179887164,17179871910
17179887219,17179869944
17179887274,17179869710
17179887348,17179873728
17179887370,17179871201
17179887458,17179870514
17179887521,17179875500
17179888084,17179873793
17179888271,17179884905
17179888534,17179877524
17179888783,17179879290
17179888793,17179880298
17179889449,17179870661
17179889547,17179870670
17179889677,17179877176
17179889724,17179889724
17179889849,17179869207
17179889888,17179875058
17179889902,17179871503
17179889911,17179889911
17179889986,17179878848
17179890200,17179877343
17179890356,17179876912
17179890516,17179871852
17179890912,17179869641
17179890972,17179869950
17179891204,17179874767
17179891692,17179891692
17179891793,17179872935
17179892022,17179873054
17179892043,17179869455
17179892044,17179871744
17179892182,17179877579
17179892276,17179872406
17179892885,17179879055
17179893009,17179869903
17179893258,17179869455
17179893336,17179873081
17179893711,17179893711
17179894041,17179871491
17179894189,17179887178
17179894206,17179873487
17179894207,17179880173
17179894218,17179872963
17179894287,17179887157
17179894332,17179875698
17179894438,17179871632
17179894751,17179879889
17179895099,17179870958
17179895116,17179874744
17179895160,17179873963
17179895202,17179875596
17179895233,17179870767
17179895354,17179875088
17179895488,17179885451
17179895630,17179870959
17179896111,17179880779
17179896130,17179869888
17179896535,17179887433
17179896723,17179870000
17179896996,17179882516
17179897137,17179873307
17179897182,17179877853
17179897360,17179869950
17179897419,17179869498
17179897450,17179874431
17179897681,17179896673
17179897800,17179877017
17179897898,17179878644
17179899053,17179872138
17179899172,17179869965
17179899793,17179869481
17179899900,17179870020
17179900056,17179900056
17179900079,17179892474
17179900226,17179870987
17179900366,17179888154
17179900475,17179873538
17179900854,17179871138
17179901066,17179869654
17179901188,17179883559
17179901192,17179872281
17179901307,17179887912
17179901623,17179901623
17179901669,17179878324
17179901980,17179874432
17179902016,17179870557
17179902134,17179876292
17179902367,17179895383
17179902505,17179871458
17179869292,17179869292
17179869470,17179869470
17179869591,17179869591
17179869674,17179869674
17179869704,17179869704
17179870182,17179869397
17179870264,17179869906
17179870448,17179870448
17179870608,17179869262
17179870610,17179870610
17179870750,17179870750
17179870834,17179869565
17179870864,17179869434
17179870909,17179870909
17179871317,17179871317
17179871349,17179871349
17179871464,17179871464
17179871641,17179869649
17179872346,17179869583
17179872425,17179869698
17179872646,17179872646
17179872762,17179872762
17179872956,17179872956
17179873580,17179873580
17179873797,17179869739
17179874174,17179870352
17179874196,17179873938
17179874201,17179873064
17179874328,17179874328
17179874333,17179872052
17179874402,17179874402
17179874500,17179874500
17179874675,17179874675
17179874695,17179874695
17179875423,17179869950
17179875498,17179869887
17179875519,17179869328
17179875691,17179872838
17179875769,17179873674
17179876253,17179869886
17179876504,17179870999
17179876565,17179874386
17179876665,17179870015
17179877607,17179877607
17179877657,17179871213
17179877757,17179877757
17179877970,17179877970
17179878101,17179878101
17179878430,17179870902
17179878592,17179870677
17179878691,17179874745
17179878809,17179871129
17179878848,17179878848
17179878986,17179878293
17179879327,17179879327
17179879887,17179870969
17179880021,17179874119
17179880248,17179871633
17179880441,17179880441
17179881118,17179871284
17179881150,17179874412
17179881257,17179873385
17179881728,17179870754
17179881899,17179875299
17179881956,17179869196
17179882013,17179882013
17179882027,17179872932
17179882316,17179882316
17179882575,17179872051
17179882620,17179882620
17179882813,17179874117
17179882955,17179879175
17179883159,17179869391
17179883819,17179883819
17179883847,17179872669
17179884024,17179870982
17179884170,17179874929
17179884188,17179878864
17179884323,17179870727
17179884399,17179880241
17179884437,17179872417
17179884690,17179872733
17179885005,17179885005
17179885345,17179884089
17179885371,17179877698
17179885591,17179869660
17179885691,17179880173
17179885769,17179879298
17179886096,17179875776
17179886656,17179886656
17179886998,17179870261
17179887517,17179887517
17179887544,17179871041
17179887853,17179871502
17179887856,17179869476
17179887920,17179869708
17179887938,17179887938
17179888369,17179872416
17179888407,17179869983
17179888592,17179879657
17179888981,17179886881
17179889161,17179876527
17179889293,17179870216
17179890181,17179869230
17179890429,17179875666
17179890877,17179881247
17179890936,17179877884
17179891030,17179874564
17179891144,17179872128
17179891199,17179872134
17179891212,17179873144
17179891497,17179876183
17179891513,17179879634
17179891675,17179870982
17179891681,17179877830
17179891838,17179869562
17179891849,17179872436
17179891869,17179877823
17179892109,17179882406
17179892322,17179870112
17179892331,17179877017
17179892387,17179872832
17179892476,17179879561
17179892674,17179869263
17179892862,17179869533
17179892921,17179870036
17179893040,17179889362
17179893365,17179885312
17179893442,17179872962
17179893469,17179873332
17179893501,17179869353
17179893571,17179869428
17179893597,17179869231
17179893634,17179886183
17179893679,17179874679
17179894232,17179894232
17179894250,17179888985
17179894324,17179894324
17179894327,17179869945
17179894459,17179873285
17179894752,17179886213
17179895124,17179895124
17179895143,17179871365
17179895215,17179895215
17179895589,17179873516
17179895615,17179870181
17179895680,17179871654
17179896187,17179878440
17179896364,17179874674
17179896585,17179870080
17179896803,17179870979
17179897184,17179870206
17179897320,17179878734
17179897664,17179873814
17179897933,17179873683
17179898526,17179871674
17179898654,17179872635
17179898772,17179872647
17179899397,17179870668
17179899404,17179871146
17179899651,17179870318
17179899785,17179876685
17179899812,17179899812
17179900173,17179870664
17179900233,17179900233
17179900461,17179875443
17179900588,17179872439
17179900783,17179873292
17179900917,17179871243
17179901023,17179891672
17179901162,17179880167
17179901589,17179901589
17179901640,17179870870
17179901774,17179879315
17179901798,17179877690
17179901873,17179901873
17179901877,17179871317
17179902042,17179873154
17179902205,17179870332
17179869291,17179869291
17179869746,17179869746
17179869883,17179869883
17179869982,17179869982
17179870117,17179870117
17179870128,17179869351
17179870154,17179870154
17179870570,17179870570
17179870842,17179869311
17179871004,17179871004
17179871048,17179869354
17179871394,17179869940
17179871729,17179871729
17179872243,17179872243
17179873162,17179873162
17179873179,17179872779
17179873471,17179873471
17179873639,17179873639
17179873875,17179873190
17179873957,17179873429
17179874166,17179871125
17179874233,17179871142
17179874376,17179874376
17179874382,17179873525
17179874517,17179869500
17179874662,17179874662
17179874888,17179871247
17179874910,17179870932
17179875175,17179870576
17179875311,17179875311
17179875349,17179870183
17179875492,17179869927
17179875581,17179875581
17179875595,17179869465
17179875634,17179872387
17179875808,17179870777
17179876530,17179870289
17179876617,17179869783
17179876696,17179871977
17179876765,17179871547
17179876770,17179870551
17179876984,17179876984
17179877159,17179873175
17179877178,17179872246
17179877243,17179869939
17179877808,17179869404
17179877867,17179869875
17179878025,17179872241
17179878035,17179871495
17179878089,17179878089
17179878464,17179872979
17179878633,17179878633
17179878735,17179876387
17179879174,17179876747
17179879204,17179870045
17179879242,17179876912
17179879306,17179870181
17179879413,17179874022
17179879425,17179876508
17179879496,17179878393
17179880041,17179871311
17179880091,17179878792
17179880292,17179871946
17179880603,17179870557
17179880627,17179871046
17179880695,17179880695
17179881131,17179873307
17179882162,17179879631
17179882192,17179873925
17179882215,17179877851
17179882664,17179873753
17179882691,17179875576
17179882732,17179877669
17179882794,17179882794
17179883374,17179875698
17179883389,17179871237
17179883848,17179875136
17179883989,17179870016
17179883991,17179871149
17179884443,17179873981
17179884738,17179884738
17179884976,17179871689
17179885028,17179869563
17179885039,17179885039
17179885103,17179871915
17179885476,17179871759
17179885562,17179869186
17179885669,17179872222
17179885759,17179885759
17179885796,17179873770
17179885905,17179873487
17179886057,17179870189
17179886409,17179869437
17179886513,17179871862
17179886948,17179870982
17179887107,17179869891
17179887124,17179886540
17179887161,17179869465
17179887200,17179874984
17179887309,17179879992
17179887344,17179870723
17179888173,17179885108
17179888365,17179882063
17179888408,17179888408
17179888415,17179869778
17179888828,17179873652
17179889350,17179889350
17179889722,17179889722
17179890276,17179876970
17179890423,17179870242
17179890824,17179875402
17179891074,17179869625
17179891153,17179869309
17179891335,17179891335
17179891688,17179869381
17179891725,17179870097
17179891813,17179878168
17179891970,17179872628
17179892432,17179873735
17179892507,17179878864
17179892649,17179869714
17179893027,17179873027
17179893072,17179869370
17179893279,17179871828
17179893751,17179883420
17179893848,17179871112
17179894528,17179877050
17179894586,17179870388
17179894691,17179870584
17179894709,17179875473
17179894795,17179878158
17179895134,17179871356
17179895178,17179872237
17179895203,17179876248
17179895954,17179869798
17179896109,17179885533
17179896211,17179874249
17179896989,17179870400
17179897195,17179869972
17179897335,17179897335
17179897514,17179870621
17179897645,17179870580
17179897904,17179896823
17179898070,17179869284
17179898081,17179883956
17179898410,17179877251
17179898424,17179885534
17179898903,17179898903
17179899008,17179870436
17179899179,17179870137
17179899192,17179873253
17179899582,17179899582
17179899585,17179876206
17179899705,17179874248
17179899726,17179899726
17179899821,17179876679
17179899881,17179869716
17179900247,17179871833
17179900741,17179871795
17179900764,17179877222
17179900809,17179869828
17179900852,17179872077
17179900950,17179870266
17179900952,17179885339
17179900960,17179869411
17179901044,17179870106
17179901123,17179869627
17179901428,17179869314
17179901462,17179872423
17179901517,17179875402
17179901946,17179891221
17179901954,17179880989
17179902479,17179869554
17179902503,17179872536
17179869461,17179869461
17179869689,17179869689
17179869724,17179869724
17179869841,17179869841
17179869985,17179869985
17179870277,17179870277
17179870310,17179869919
17179870338,17179870338
17179870605,17179870605
17179870693,17179870693
17179870951,17179870951
17179871162,17179871162
17179871267,17179871267
17179871359,17179871108
17179871471,17179871471
17179871661,17179871247
17179871971,17179871971
17179872023,17179872023
17179872405,17179872405
17179872437,17179870269
17179872441,17179872441
17179872483,17179872483
17179873506,17179873506
17179873722,17179872156
17179873819,17179873819
17179873954,17179869639
17179874601,17179869194
17179874801,17179873694
17179874982,17179874982
17179875064,17179875064
17179875436,17179875436
17179875525,17179870472
17179875531,17179869623
17179875533,17179875533
17179875644,17179875644
17179875728,17179873032
17179876042,17179876042
17179876054,17179869240
17179876258,17179876258
17179876601,17179869619
17179876633,17179869753
17179876709,17179872001
17179876928,17179876928
17179876963,17179869638
17179877012,17179870988
17179877393,17179875038
17179877416,17179873504
17179877500,17179869346
17179877562,17179871475
17179877630,17179877630
17179877645,17179877645
17179877793,17179877793
17179877795,17179877795
17179878140,17179878140
17179878268,17179874816
17179878730,17179871112
17179878762,17179872879
17179878819,17179877229
17179879057,17179879057
17179879194,17179874988
17179879250,17179870707
17179879463,17179870735
17179879582,17179876042
17179879830,17179871418
17179879868,17179869840
17179879961,17179873401
17179880234,17179869931
17179880383,17179878054
17179880455,17179880455
17179880505,17179880505
17179880655,17179874729
17179881050,17179870828
17179881368,17179876921
17179882116,17179877050
17179882611,17179870523
17179882657,17179870159
17179883246,17179870083
17179883355,17179870257
17179883730,17179882401
17179883732,17179883732
17179883745,17179878705
17179883773,17179879815
17179883784,17179873857
17179883983,17179874185
17179884137,17179881365
17179884304,17179879857
17179884412,17179874875
17179884496,17179884496
17179884720,17179880442
17179884847,17179869858
17179884929,17179869333
17179885125,17179870118
17179885999,17179872774
17179886067,17179870743
17179886266,17179873535
17179886283,17179872963
17179886326,17179870166
17179886387,17179877686
17179886566,17179870727
17179886861,17179871773
17179887258,17179880102
17179887526,17179869907
17179887582,17179871704
17179887801,17179873897
17179887823,17179874643
17179887871,17179874191
17179887884,17179870466
17179887968,17179875245
17179888001,17179869434
17179888125,17179888125
17179888367,17179876206
17179888517,17179872550
17179888749,17179885164
17179888817,17179873062
17179889155,17179872015
17179889205,17179889205
17179889226,17179871152
17179889240,17179869544
17179889301,17179870710
17179890137,17179878152
17179890482,17179873346
17179890497,17179869251
17179890709,17179875391
17179890977,17179869285
17179891268,17179871139
17179891295,17179872672
17179891445,17179878051
17179891668,17179869470
17179891722,17179887731
17179891759,17179886991
17179891783,17179891783
17179891897,17179870043
17179892160,17179892160
17179892755,17179869950
17179892850,17179880175
17179893096,17179874526
17179893249,17179869692
17179893729,17179875764
17179893865,17179886006
17179893912,17179869926
17179893988,17179869239
17179894136,17179874450
17179894841,17179881660
17179894995,17179869551
17179895306,17179871549
17179895879,17179873231
17179895904,17179875989
17179896149,17179874847
17179896164,17179871807
17179896421,17179885537
17179896540,17179870939
17179896541,17179880479
17179896607,17179869717
17179896934,17179886329
17179897055,17179870888
17179897056,17179875312
17179897175,17179873475
17179897615,17179869998
17179897875,17179870754
17179898190,17179872573
17179898642,17179869883
17179898780,17179875376
17179898795,17179878076
17179898963,17179869480
17179899018,17179874830
17179899085,17179891714
17179899167,17179870707
17179899173,17179880428
17179899185,17179869755
17179899418,17179872644
17179899472,17179899472
17179899559,17179874126
17179899803,17179894560
17179900036,17179869256
17179900050,17179882263
17179900155,17179877554
17179900347,17179879712
17179900499,17179900499
17179900625,17179887167
17179900915,17179894147
17179901053,17179901053
17179901146,17179876145
17179901304,17179883959
17179901322,17179876865
17179901761,17179877427
17179901872,17179901872
17179901930,17179884524
17179902019,17179892248
17179902165,17179870386
17179869300,17179869300
17179869452,17179869452
17179869460,17179869460
17179869493,17179869493
17179869592,17179869592
17179869786,17179869616
17179870167,17179869826
17179870515,17179870515
17179871011,17179871011
17179871159,17179871159
17179871177,17179871177
17179871248,17179871248
17179871565,17179871565
17179871619,17179871619
17179871722,17179870896
17179871759,17179871759
17179871825,17179871825
17179871934,17179869976
17179872468,17179872468
17179872478,17179872478
17179872635,17179872635
17179872858,17179872858
17179872944,17179872944
17179873013,17179871876
17179873146,17179873146
17179873178,17179873178
17179873213,17179873213
17179873337,17179869423
17179873729,17179872105
17179873995,17179873995
17179874038,17179871194
17179874071,17179870491
17179874162,17179874162
17179874304,17179869840
17179874331,17179870552
17179874375,17179874375
17179874609,17179874609
17179874793,17179874793
17179874834,17179874834
17179874878,17179870015
17179874914,17179874914
17179874952,17179874952
17179875030,17179875030
17179875271,17179870405
17179875467,17179869904
17179875888,17179870612
17179876050,17179876050
17179876673,17179869257
17179876778,17179876778
17179877078,17179877078
17179877367,17179872456
17179877719,17179877719
17179878326,17179870405
17179878439,17179874242
17179878678,17179875903
17179878707,17179878707
17179878831,17179878440
17179878926,17179878926
17179879718,17179873771
17179880117,17179880117
17179880370,17179871725
17179880437,17179871977
17179880495,17179873316
17179880890,17179880890
17179881909,17179870480
17179881987,17179871293
17179882250,17179882250
17179882597,17179882597
17179883048,17179874670
17179883196,17179883196
17179883271,17179874106
17179883397,17179872862
17179883692,17179872896
17179883717,17179871956
17179884082,17179870227
17179884442,17179870758
17179884445,17179873679
17179884656,17179884656
17179884695,17179869520
17179884728,17179884728
17179884785,17179874977
17179885035,17179885035
17179885511,17179885511
17179885527,17179877673
17179885662,17179871599
17179886019,17179869386
17179886190,17179872468
17179886304,17179870763
17179886321,17179877029
17179886392,17179871944
17179886421,17179869623
17179886466,17179886466
17179886535,17179882892
17179887024,17179882692
17179887025,17179875367
17179887574,17179870244
17179887723,17179876672
17179887883,17179887883
17179887905,17179875095
17179887943,17179873285
17179888290,17179888290
17179888669,17179870999
17179888714,17179888714
17179888754,17179872670
17179888827,17179874649
17179888937,17179869771
17179889056,17179878791
17179889270,17179869655
17179889651,17179886213
17179889741,17179873588
17179889777,17179873100
17179890088,17179871167
17179890152,17179872388
17179890231,17179869455
17179890269,17179872459
17179890271,17179881824
17179890500,17179871639
17179890547,17179870598
17179890613,17179890613
17179890690,17179872464
17179890929,17179872559
17179890937,17179890937
17179890952,17179871177
17179890987,17179890987
17179891193,17179879443
17179891247,17179877458
17179891931,17179872282
17179891938,17179873815
17179892629,17179873190
17179892905,17179892905
17179893113,17179869715
17179893625,17179878763
17179893906,17179876541
17179894012,17179873671
17179894255,17179872574
17179894382,17179874162
17179894465,17179894465
17179894703,17179869577
17179894775,17179870491
17179895129,17179882131
17179895344,17179889411
17179895917,17179872032
17179895925,17179873146
17179895962,17179871393
17179896861,17179870168
17179897169,17179869214
17179897469,17179873148
17179897761,17179869649
17179897926,17179869328
17179898244,17179874569
17179898454,17179881046
17179898973,17179869274
17179899022,17179875596
17179899302,17179882795
17179899494,17179877122
17179899723,17179871410
17179899839,17179877745
17179899958,17179872475
17179900216,17179874990
17179900473,17179871495
17179900486,17179869616
17179900580,17179882401
17179900804,17179878755
17179900838,17179900838
17179900973,17179869577
17179901111,17179870527
17179901661,17179886628
17179901713,17179871248
17179901866,17179880488
17179901871,17179872424
17179869199,17179869199
17179869289,17179869289
17179869595,17179869595
17179869622,17179869622
17179869741,17179869741
17179869967,17179869967
17179870097,17179870097
17179870125,17179869704
17179870213,17179870213
17179870286,17179870286
17179870706,17179870706
17179870725,17179870725
17179870736,17179870736
17179870831,17179870831
17179870846,17179870846
17179871036,17179870619
17179871336,17179869950
17179871421,17179871421
17179871542,17179871542
17179871560,17179871560
17179871583,17179871583
17179871711,17179871393
17179871804,17179871804
17179871854,17179871854
17179872492,17179869649
17179872692,17179872692
17179872758,17179869719
17179872873,17179870670
17179873118,17179870975
17179873128,17179870267
17179873163,17179872350
17179873194,17179873194
17179873378,17179873378
17179873589,17179873589
17179874227,17179874227
17179874451,17179874451
17179874465,17179874465
17179874631,17179874631
17179875078,17179872057
17179875479,17179875479
17179875881,17179875881
17179876072,17179876072
17179876104,17179876104
17179876302,17179870147
17179876412,17179871588
17179876642,17179876642
17179876710,17179870418
17179876717,17179871410
17179876764,17179876764
17179876768,17179869710
17179876847,17179875017
17179876939,17179870372
17179877161,17179877161
17179877210,17179870324
17179877270,17179872761
17179877354,17179869494
17179877370,17179877370
17179877455,17179877455
17179877467,17179877467
17179877842,17179877842
17179878186,17179872858
17179878374,17179878122
17179878662,17179870904
17179878958,17179872858
17179879123,17179879123
17179879366,17179869715
17179879559,17179879559
17179879932,17179872529
17179880250,17179872417
17179880458,17179873504
17179880615,17179880615
17179881472,17179870581
17179882087,17179875764
17179882369,17179882369
17179882436,17179882081
17179882497,17179876341
17179882986,17179870746
17179883367,17179882742
17179883518,17179874433
17179883542,17179871946
17179883614,17179877351
17179883750,17179870528
17179883781,17179872093
17179884173,17179869826
17179884192,17179884192
17179884224,17179884224
17179884336,17179875764
17179885012,17179885012
17179885033,17179885033
17179885063,17179878935
17179885065,17179885065
17179885211,17179874522
17179885253,17179872383
17179885329,17179885329
17179885519,17179878330
17179886234,17179885339
17179886384,17179869458
17179886412,17179886412
17179886417,17179870627
17179886495,17179880011
17179886774,17179869486
17179886794,17179870424
17179886916,17179869940
17179886969,17179869893
17179887392,17179872237
17179887442,17179883835
17179887663,17179870816
17179887795,17179869569
17179887887,17179887887
17179887893,17179879317
17179888615,17179873483
17179889431,17179880485
17179889684,17179886627
17179890029,17179876133
17179890033,17179871795
17179890062,17179875756
17179890077,17179871466
17179890084,17179871371
17179890256,17179873833
17179890607,17179876321
17179890707,17179870137
17179890925,17179890925
17179891049,17179872445
17179891588,17179875214
17179892011,17179892011
17179892018,17179871137
17179892232,17179874931
17179892355,17179884483
17179892500,17179872555
17179892582,17179873294
17179892644,17179879365
17179892648,17179892648
17179892913,17179877277
17179892992,17179877914
17179893019,17179893019
17179893589,17179893589
17179893665,17179893665
17179893757,17179877642
17179893861,17179869649
17179894128,17179871737
17179894138,17179878844
17179894276,17179872041
17179894378,17179870974
17179894447,17179869967
17179894492,17179873969
17179894769,17179894769
17179894839,17179870633
17179894874,17179873736
17179894921,17179872644
17179895156,17179873810
17179895648,17179876133
17179895994,17179874944
17179896387,17179872939
17179896510,17179873077
17179896652,17179874818
17179896669,17179886649
17179896976,17179871728
17179897164,17179870890
17179897480,17179876944
17179897568,17179869715
17179897929,17179889668
17179898107,17179873991
17179898273,17179887534
17179898374,17179898374
17179898499,17179871755
17179898612,17179885133
17179898723,17179875323
17179898844,17179889475
17179898944,17179876169
17179899137,17179876132
17179899445,17179881135
17179899514,17179877444
17179899521,17179871672
17179899523,17179871080
17179900190,17179900190
17179900454,17179873147
17179900515,17179877010
17179900587,17179900587
17179900744,17179886701
17179901138,17179875782
17179901141,17179879911
17179901206,17179869604
17179901373,17179871411
17179901464,17179873791
17179901471,17179873938
17179901620,17179876654
17179901644,17179869693
17179901694,17179869827
17179901855,17179901855
17179901893,17179876473
17179902037,17179871487
17179902050,17179871028
17179902086,17179873716
17179902098,17179874952
17179902130,17179889613
17179902188,17179873927
17179902290,17179875323
17179902497,17179902497
17179869504,17179869504
17179869590,17179869590
17179870101,17179870101
17179870157,17179870157
17179870259,17179870259
17179870295,17179870295
17179870312,17179870312
17179870598,17179870598
17179870686,17179870686
17179871192,17179871192
17179871627,17179870373
17179872007,17179870095
17179872365,17179872365
17179872765,17179872765
17179872773,17179869689
17179873820,17179873820
17179873945,17179873945
17179874541,17179871392
17179874616,17179874616
17179874670,17179874670
17179874700,17179874700
17179874718,17179872582
17179874852,17179869518
17179875025,17179870102
17179875183,17179869614
17179875545,17179875545
17179875632,17179875632
17179876244,17179870983
17179876267,17179876267
17179876298,17179876298
17179876564,17179876564
17179876584,17179869230
17179876758,17179875517
17179877008,17179871179
17179877634,17179876942
17179877789,17179875459
17179877881,17179870993
17179877960,17179877960
17179878046,17179877733
17179878667,17179869463
17179879532,17179870480
17179879558,17179879558
17179879684,17179870773
17179880093,17179879059
17179880643,17179870259
17179880676,17179873464
17179881084,17179879429
17179881276,17179881276
17179881775,17179881775
17179882071,17179879365
17179882444,17179872717
17179882533,17179872123
17179882992,17179870253
17179883133,17179873683
17179883150,17179883150
17179883200,17179876948
17179883320,17179877402
17179883562,17179880919
17179883696,17179877757
17179883797,17179869552
17179884280,17179875796
17179884286,17179878176
17179884510,17179871091
17179884835,17179871097
17179885066,17179872652
17179885337,17179875073
17179885363,17179877255
17179885577,17179876966
17179885893,17179885893
17179885901,17179872095
17179885948,17179875533
17179886200,17179870104
17179886275,17179873122
17179886416,17179869827
17179886511,17179877028
17179886542,17179882189
17179886800,17179869911
17179887138,17179871666
17179887141,17179870566
17179887176,17179870545
17179887683,17179874140
17179887704,17179880026
17179887761,17179887761
17179888236,17179876669
17179888245,17179870289
17179888311,17179872093
17179888490,17179870381
17179888531,17179880032
17179888622,17179876508
17179888678,17179870401
17179888847,17179873294
17179888945,17179873790
17179889322,17179869468
17179889341,17179873718
17179889838,17179889838
17179890106,17179884457
17179890402,17179875146
17179890532,17179870717
17179890550,17179872855
17179890575,17179870927
17179890591,17179888470
17179890790,17179870269
17179890942,17179874162
17179891073,17179887440
17179891547,17179869715
17179892082,17179876822
17179892155,17179875971
17179892259,17179871910
17179892466,17179872534
17179892772,17179870875
17179892964,17179876176
17179892980,17179892980
17179893093,17179869367
17179893220,17179869434
17179893343,17179879494
17179893418,17179871943
17179893795,17179886142
17179894216,17179871172
17179894339,17179876294
17179894469,17179894469
17179894944,17179877437
17179895322,17179878427
17179895660,17179887121
17179895666,17179875535
17179895823,17179877010
17179896091,17179876101
17179896574,17179890052
17179896629,17179869683
17179896972,17179870841
17179897052,17179897052
17179897304,17179873087
17179897640,17179880128
17179897818,17179875659
17179898080,17179872942
17179898262,17179871577
17179898288,17179870490
17179898488,17179898488
17179898605,17179882466
17179898974,17179880040
17179899054,17179887322
17179899188,17179869409
17179899196,17179873812
17179899331,17179899331
17179899447,17179870424
17179899448,17179880055
17179899589,17179871583
17179899644,17179873166
17179899731,17179872557
17179899734,17179872833
17179900297,17179872788
17179900565,17179877624
17179900699,17179873053
17179901276,17179870212
17179901328,17179871855
17179901388,17179875200
17179901417,17179885133
17179901726,17179869403
17179901789,17179901789
17179901814,17179872806
17179901922,17179872867
17179901976,17179870589
17179902263,17179874629
17179902310,17179870396
17179902426,17179871620
17179902504,17179870637
17179869306,17179869306
17179869369,17179869369
17179869491,17179869491
17179869577,17179869577
17179869623,17179869623
17179870129,17179870129
17179870269,17179870269
17179870597,17179870597
17179870747,17179870747
17179871155,17179871155
17179871166,17179870250
17179871476,17179871476
17179871714,17179871714
17179872008,17179872008
17179872356,17179872356
17179872545,17179872545
17179872594,17179872594
17179872601,17179872601
17179872623,17179869969
17179873086,17179871057
17179873150,17179871757
17179873267,17179871213
17179873268,17179871331
17179873421,17179873421
17179873437,17179870343
17179873651,17179869716
17179873684,17179873684
17179873690,17179873690
17179873921,17179869791
17179873977,17179873977
17179874228,17179870611
17179874542,17179869858
17179874568,17179872669
17179874668,17179871462
17179874885,17179874885
17179875049,17179871280
17179875162,17179872156
17179875361,17179874269
17179875517,17179875517
17179875577,17179869940
17179875680,17179873221
17179876113,17179876113
17179876249,17179876249
17179876401,17179871040
17179876603,17179876603
17179876716,17179870257
17179876968,17179870172
17179877470,17179877470
17179877531,17179870249
17179877761,17179872155
17179877967,17179873750
17179878547,17179878547
17179879248,17179879248
17179879295,17179871237
17179879409,17179870846
17179879438,17179879438
17179879686,17179872475
17179879759,17179869260
17179879910,17179870356
17179880342,17179873010
17179880765,17179880765
17179881217,17179870283
17179881379,17179873641
17179881765,17179872880
17179881790,17179871725
17179881879,17179881336
17179881916,17179870054
17179881928,17179881229
17179882788,17179873429
17179882839,17179877666
17179882847,17179879826
17179882862,17179871992
17179883336,17179869427
17179883710,17179872754
17179883731,17179869618
17179883804,17179883297
17179883823,17179872385
17179884123,17179875777
17179884276,17179870539
17179884351,17179872644
17179884500,17179870997
17179884520,17179874533
17179884569,17179875528
17179884697,17179870994
17179885088,17179872648
17179885636,17179875678
17179886225,17179886225
17179886604,17179869294
17179886652,17179879438
17179886707,17179869256
17179886864,17179871233
17179887825,17179874751
17179888351,17179888125
17179888535,17179878034
17179888553,17179879336
17179888996,17179870595
17179889051,17179878058
17179889231,17179875791
17179889439,17179872052
17179889484,17179875393
17179889486,17179880765
17179889761,17179874644
17179889766,17179872455
17179889883,17179882019
17179890172,17179871948
17179890279,17179870000
17179890397,17179890397
17179890428,17179869619
17179890578,17179870703
17179890598,17179876147
17179890738,17179890738
17179890744,17179890744
17179890791,17179871108
17179890808,17179883571
17179890829,17179869540
17179890956,17179870713
17179891262,17179880765
17179891434,17179891434
17179891603,17179873987
17179892027,17179873569
17179892176,17179872754
17179892315,17179887322
17179892617,17179871033
17179892982,17179870299
17179893162,17179884004
17179893345,17179893345
17179893387,17179887669
17179893909,17179872166
17179894212,17179894212
17179894231,17179894231
17179894477,17179869940
17179894572,17179894572
17179894763,17179870754
17179895787,17179870755
17179895837,17179869233
17179895914,17179895914
17179896112,17179880898
17179896361,17179872077
17179896782,17179870814
17179897094,17179876291
17179897406,17179874689
17179897446,17179874022
17179897660,17179870368
17179897673,17179881843
17179897742,17179876186
17179897813,17179871408
17179897847,17179874837
17179897963,17179877698
17179898075,17179870229
17179898344,17179871987
17179898398,17179869668
17179898706,17179869649
17179899028,17179875269
17179899180,17179873892
17179899206,17179877427
17179899272,17179899272
17179900163,17179870713
17179900196,17179875654
17179900393,17179873019
17179900618,17179871055
17179901172,17179874429
17179901176,17179871750
17179901437,17179869938
17179901636,17179878562
17179901781,17179871169
17179901879,17179888532
17179902060,17179870236
17179902078,17179872146
17179902393,17179879022
17179902410,17179882515
17179902443,17179902443
17179902508,17179883036
17179902527,17179873869
17179902566,17179891672
17179902623,17179877244
17179869440,17179869440
17179869474,17179869474
17179870281,17179869434
17179870341,17179870341
17179870353,17179870353
17179870441,17179870441
17179870464,17179870464
17179870973,17179870973
17179871238,17179871238
17179871866,17179871866
17179872045,17179869436
17179872115,17179872115
17179872180,17179871699
17179872327,17179872327
17179872455,17179872455
17179872561,17179872561
17179872681,17179869858
17179872885,17179872885
17179873081,17179873081
17179873082,17179869953
17179873227,17179873227
17179873276,17179871490
17179873468,17179870598
17179873605,17179873605
17179873766,17179872321
17179873838,17179869586
17179874052,17179874052
17179874689,17179874689
17179874832,17179871702
17179875110,17179875110
17179875576,17179875576
17179876088,17179871241
17179876183,17179876183
17179876279,17179872574
17179876640,17179872601
17179877120,17179870016
17179877271,17179871577
17179877556,17179869677
17179877632,17179877632
17179877746,17179869625
17179877909,17179877056
17179878048,17179873984
17179878721,17179870553
17179878802,17179878802
17179878824,17179872285
17179878996,17179869623
17179879018,17179870202
17179879102,17179877076
17179879420,17179875390
17179879427,17179874154
17179879484,17179873581
17179879942,17179872223
17179880185,17179871055
17179880509,17179872821
17179880764,17179880764
17179880904,17179871507
17179880915,17179880915
17179881110,17179870327
17179881403,17179878406
17179881544,17179872021
17179881553,17179872206
17179881651,17179869610
17179881761,17179870308
17179881801,17179869832
17179881821,17179869756
17179881825,17179876745
17179881900,17179871012
17179881910,17179877488
17179881940,17179869568
17179882149,17179869922
17179882810,17179869875
17179883366,17179883366
17179883489,17179869597
17179883526,17179870407
17179883593,17179871195
17179883629,17179876132
17179883631,17179883631
17179884165,17179875704
17179884334,17179880484
17179884516,17179871675
17179884603,17179869401
17179885143,17179880919
17179885795,17179869851
17179886302,17179872454
17179886318,17179878607
17179886930,17179871139
17179886986,17179870787
17179886995,17179870160
17179887201,17179870137
17179887222,17179870900
17179887263,17179871120
17179887763,17179875618
17179887778,17179874119
17179887934,17179887934
17179887975,17179879336
17179888335,17179874489
17179888354,17179883835
17179888532,17179888532
17179888974,17179871594
17179889225,17179869509
17179889457,17179869715
17179889559,17179877970
17179889634,17179887397
17179889976,17179879122
17179889991,17179874466
17179890145,17179869231
17179890255,17179869213
17179890698,17179870164
17179890926,17179873375
17179890943,17179869215
17179891051,17179869979
17179891207,17179871888
17179891285,17179875114
17179891655,17179869619
17179891988,17179869625
17179892304,17179870000
17179892484,17179879183
17179892514,17179875413
17179892872,17179878773
17179892977,17179869544
17179893143,17179877331
17179893495,17179869465
17179893639,17179869895
17179893723,17179883821
17179893899,17179891940
17179893907,17179869715
17179894150,17179877988
17179894347,17179871985
17179894524,17179869323
17179894551,17179870114
17179894596,17179869608
17179894741,17179872896
17179894792,17179870947
17179895194,17179879908
17179895482,17179874051
17179896168,17179878413
17179897426,17179872549
17179897720,17179874869
17179897837,17179873299
17179898228,17179882755
17179898570,17179869623
17179899214,17179877077
17179899440,17179872545
17179899628,17179869748
17179899998,17179872191
17179900259,17179878110
17179900662,17179876679
17179900806,17179900806
17179900881,17179900881
17179901007,17179873400
17179901323,17179869439
17179901500,17179891746
17179901515,17179901515
17179901557,17179869269
17179901639,17179869903
17179901847,17179896818
17179901902,17179876771
17179901999,17179870365
17179902043,17179902043
17179902135,17179875242
17179902167,17179871282
17179902196,17179902196
17179902222,17179902222
17179902283,17179871122
17179902535,17179882139
17179902554,17179877000
17179869383,17179869383
17179869837,17179869837
17179870202,17179870202
17179870303,17179870303
17179870395,17179870395
17179870615,17179870615
17179870699,17179870699
17179870883,17179870883
17179870956,17179870956
17179871007,17179870746
17179871197,17179871197
17179871242,17179871242
17179871283,17179869839
17179871465,17179871465
17179872029,17179872029
17179872102,17179869938
17179872255,17179872255
17179872278,17179870413
17179872319,17179870091
17179872395,17179872395
17179872421,17179872421
17179872501,17179871987
17179872786,17179870265
17179872810,17179872810
17179872906,17179871526
17179873190,17179873190
17179873274,17179873274
17179874077,17179874077
17179874202,17179872057
17179874212,17179874212
17179875132,17179875132
17179875365,17179873050
17179875380,17179870206
17179875499,17179871995
17179875508,17179870557
17179875777,17179875777
17179876349,17179870430
17179876545,17179876545
17179876641,17179874829
17179876947,17179871719
17179877058,17179877058
17179877276,17179870053
17179877339,17179877339
17179877421,17179872731
17179877869,17179875424
17179878007,17179870481
17179878143,17179876527
17179878400,17179873676
17179878575,17179872165
17179878582,17179873859
17179878845,17179878845
17179879310,17179870997
17179879362,17179879362
17179879499,17179877879
17179879561,17179879561
17179879637,17179877191
17179879661,17179869315
17179879745,17179871871
17179879779,17179879513
17179879940,17179870054
17179880389,17179880389
17179880457,17179874187
17179880462,17179875782
17179880541,17179880541
17179880743,17179880743
17179880986,17179880986
17179881456,17179879890
17179881483,17179871668
17179881519,17179869826
17179881655,17179881655
17179881723,17179870291
17179881782,17179881782
17179881815,17179876217
17179881995,17179869649
17179882212,17179882212
17179882880,17179876325
17179883360,17179869982
17179883528,17179883396
17179883541,17179870217
17179883925,17179883925
17179884004,17179884004
17179884194,17179869188
17179884284,17179876370
17179884699,17179874381
17179885373,17179876569
17179885719,17179869623
17179886298,17179869665
17179886660,17179884573
17179886966,17179870609
17179887012,17179884080
17179887474,17179875814
17179887584,17179870514
17179887594,17179869715
17179887831,17179880695
17179888123,17179876155
17179888337,17179872075
17179888346,17179870514
17179888712,17179873967
17179888784,17179884917
17179889562,17179869606
17179889842,17179869660
17179889850,17179871388
17179890141,17179880323
17179890177,17179873770
17179890299,17179875968
17179890327,17179882432
17179890453,17179869307
17179890488,17179888909
17179890798,17179871284
17179891081,17179869524
17179891330,17179891330
17179891758,17179876683
17179892180,17179870366
17179892326,17179881782
17179892341,17179871198
17179892426,17179892426
17179892664,17179870928
17179892736,17179892736
17179892890,17179874126
17179893348,17179881542
17179893516,17179871583
17179893519,17179870985
17179893737,17179873110
17179894153,17179878418
17179894300,17179872885
17179894458,17179873330
17179894724,17179872573
17179894805,17179871878
17179895380,17179877884
17179895616,17179878637
17179895799,17179875764
17179896041,17179888627
17179896408,17179876981
17179896732,17179885395
17179897075,17179870412
17179897125,17179878110
17179897422,17179897422
17179897443,17179878389
17179897563,17179874742
17179897974,17179877335
17179898004,17179876606
17179898086,17179877524
17179898783,17179869196
17179898989,17179898989
17179899885,17179899885
17179900023,17179870335
17179900459,17179872071
17179900571,17179872798
17179900645,17179887329
17179900761,17179869370
17179900775,17179869378
17179900873,17179880147
17179900977,17179875738
17179901128,17179873133
17179901350,17179869711
17179901391,17179871522
17179901439,17179869392
17179901480,17179869970
17179901924,17179871141
17179902199,17179871843
17179902211,17179869544
17179902490,17179869958
17179869192,17179869192
17179869357,17179869357
17179869775,17179869775
17179869908,17179869627
17179869927,17179869927
17179870131,17179870131
17179870171,17179870171
17179870844,17179870844
17179870975,17179870975
17179871468,17179869186
17179871490,17179871490
17179872100,17179869689
17179872145,17179872145
17179872414,17179872414
17179872476,17179872476
17179872800,17179869584
17179872994,17179872994
17179873038,17179871603
17179873239,17179873239
17179873344,17179871480
17179873708,17179873708
17179873860,17179873860
17179874207,17179874207
17179874891,17179874891
17179874984,17179874984
17179875435,17179871465
17179875711,17179875711
17179876049,17179871382
17179876260,17179869377
17179876622,17179876622
17179876783,17179872853
17179876842,17179876842
17179877141,17179871937
17179877251,17179877251
17179877313,17179869850
17179877822,17179874470
17179878128,17179874244
17179878617,17179873636
17179878644,17179878644
17179878652,17179878652
17179878742,17179869821
17179879670,17179873249
17179879683,17179877631
17179879716,17179869770
17179879965,17179877872
17179879983,17179869830
17179880000,17179870744
17179880443,17179879597
17179880653,17179871277
17179880745,17179872574
17179880821,17179869253
17179880848,17179880848
17179880878,17179874802
17179881558,17179873147
17179881656,17179870952
17179882328,17179882328
17179882390,17179882390
17179882428,17179872529
17179882618,17179879541
17179882975,17179871724
17179883112,17179869528
17179883377,17179871482
17179883477,17179874843
17179883538,17179883538
17179883674,17179883674
17179884035,17179875201
17179884073,17179877338
17179884172,17179872537
17179884350,17179871900
17179884361,17179873833
17179884548,17179871954
17179884745,17179882683
17179884812,17179873901
17179884855,17179884855
17179885085,17179875184
17179885161,17179870229
17179885515,17179876317
17179885827,17179872303
17179886028,17179886028
17179886156,17179870091
17179886672,17179873683
17179886910,17179878248
17179887506,17179870891
17179887860,17179874245
17179887878,17179887878
17179887906,17179869470
17179888224,17179877674
17179888259,17179874995
17179888563,17179869701
17179889202,17179871068
17179889414,17179872977
17179889451,17179878198
17179889471,17179870762
17179889920,17179877812
17179890127,17179890127
17179890406,17179873199
17179890464,17179884905
17179890916,17179875493
17179891183,17179884162
17179891236,17179871497
17179891327,17179879298
17179891363,17179874433
17179891454,17179871239
17179891471,17179872644
17179891515,17179874273
17179891553,17179877814
17179891640,17179869983
17179891753,17179870302
17179892253,17179877552
17179892670,17179874822
17179892737,17179874171
17179892753,17179870058
17179893015,17179873742
17179893068,17179870539
17179893130,17179877202
17179893762,17179893762
17179893796,17179893796
17179893975,17179881401
17179894029,17179875759
17179894268,17179870693
17179894416,17179877279
17179894617,17179869789
17179894987,17179874968
17179895102,17179873949
17179895224,17179870713
17179895519,17179877494
17179895669,17179870219
17179896755,17179883586
17179896787,17179880067
17179896947,17179875017
17179897019,17179871871
17179897328,17179880408
17179897733,17179871738
17179897769,17179875013
17179897833,17179869875
17179898049,17179873471
17179898187,17179881658
17179898265,17179871435
17179898568,17179874006
17179898652,17179869489
17179898729,17179870219
17179898886,17179871335
17179898896,17179876463
17179898972,17179877472
17179899060,17179871909
17179899597,17179873508
17179900377,17179880885
17179900428,17179869539
17179900558,17179876878
17179900562,17179876158
17179901065,17179873694
17179901267,17179873117
17179901361,17179873855
17179901423,17179878818
17179901755,17179892084
17179901808,17179896281
17179901852,17179871041
17179902233,17179874737
17179869243,17179869243
17179869806,17179869806
17179870379,17179869958
17179870578,17179870578
17179870807,17179869895
17179870869,17179870559
17179871133,17179871133
17179871510,17179871510
17179871608,17179871608
17179871633,17179871633
17179871693,17179871182
17179871980,17179871980
17179872231,17179870361
17179872310,17179872310
17179872522,17179872522
17179872572,17179872138
17179872611,17179872611
17179872909,17179872643
17179872925,17179869336
17179872978,17179872978
17179872984,17179872711
17179873308,17179873308
17179873590,17179873590
17179873778,17179869965
17179874047,17179874047
17179874296,17179870283
17179874748,17179874205
17179875248,17179873518
17179875307,17179875307
17179875327,17179875327
17179876100,17179869897
17179876646,17179876646
17179876756,17179870792
17179876846,17179870180
17179877033,17179875600
17179877598,17179875539
17179877818,17179877698
17179878204,17179873483
17179878447,17179878447
17179878710,17179878710
17179878830,17179871497
17179879031,17179876508
17179879214,17179869579
17179879289,17179872971
17179879304,17179879304
17179879613,17179873310
17179880070,17179874412
17179880332,17179875641
17179880448,17179873703
17179880760,17179869396
17179880767,17179878508
17179881515,17179869544
17179881868,17179872093
17179881941,17179881265
17179882102,17179873476
17179882219,17179872612
17179882236,17179874450
17179882403,17179882403
17179882526,17179869958
17179882536,17179878150
17179882594,17179871411
17179882623,17179882623
17179882636,17179874673
17179882735,17179875167
17179882785,17179869360
17179882840,17179871146
17179882884,17179879712
17179882979,17179875774
17179883153,17179871197
17179883295,17179873525
17179883407,17179883407
17179883792,17179877954
17179883817,17179882396
17179883904,17179870020
17179883920,17179881265
17179884306,17179870368
17179884343,17179876594
17179884377,17179877223
17179884418,17179873231
17179885676,17179872806
17179885767,17179880280
17179885831,17179871738
17179885868,17179869455
17179886172,17179877593
17179886359,17179869410
17179886895,17179869806
17179887289,17179871122
17179888144,17179881046
17179888384,17179879507
17179888516,17179870896
17179888905,17179875007
17179889319,17179875679
17179889420,17179869316
17179890110,17179870028
17179890147,17179872596
17179890415,17179872156
17179890527,17179884895
17179890560,17179869233
17179890924,17179870735
17179890975,17179874664
17179891010,17179883369
17179891311,17179869465
17179892308,17179872419
17179893255,17179870149
17179893317,17179881642
17179893772,17179879099
17179893972,17179873259
17179894022,17179888532
17179894060,17179894060
17179894186,17179874172
17179894690,17179879762
17179894815,17179879421
17179895174,17179877229
17179895271,17179870650
17179895311,17179882207
17179895494,17179877010
17179895729,17179871100
17179895878,17179869342
17179895916,17179869923
17179896192,17179869557
17179896696,17179870005
17179896697,17179871637
17179896925,17179874570
17179896949,17179871417
17179897157,17179871195
17179897632,17179870405
17179897857,17179886176
17179897892,17179871553
17179897951,17179872237
17179898003,17179876387
17179898176,17179869649
17179898593,17179870257
17179898745,17179898745
17179899698,17179869581
17179899860,17179870178
17179899961,17179876124
17179899999,17179870480
17179900328,17179870467
17179900371,17179870603
17179900536,17179870234
17179900629,17179878157
17179900676,17179872268
17179900765,17179869816
17179900803,17179885458
17179901016,17179878915
17179901224,17179877371
17179901523,17179871236
17179901590,17179880353
17179901648,17179891209
17179901943,17179870754
17179901952,17179872165
17179902144,17179879234
17179869497,17179869497
17179869840,17179869840
17179869950,17179869950
17179870013,17179870013
17179870180,17179870180
17179870386,17179870386
17179870427,17179870427
17179870596,17179870596
17179870599,17179870599
17179870767,17179870767
17179871220,17179870212
17179871409,17179870936
17179871429,17179870400
17179871442,17179871442
17179871460,17179869423
17179871516,17179869856
17179871841,17179871841
17179871879,17179869993
17179871948,17179871948
17179872212,17179872212
17179872280,17179869376
17179872290,17179870787
17179872940,17179869332
17179873015,17179873015
17179873083,17179873083
17179873507,17179873507
17179873564,17179873564
17179873715,17179871608
17179873913,17179873913
17179874087,17179874087
17179874211,17179874211
17179874230,17179873186
17179874301,17179872836
17179874383,17179871369
17179874758,17179874758
17179875442,17179875442
17179875603,17179873641
17179875841,17179869412
17179875905,17179875905
17179876091,17179869392
17179876197,17179876197
17179876329,17179870645
17179876378,17179869418
17179876433,17179869649
17179876872,17179872840
17179877134,17179876324
17179877216,17179869192
17179877303,17179872996
17179877388,17179877388
17179877565,17179877565
17179877650,17179875794
17179878055,17179871846
17179878343,17179873370
17179878388,17179874873
17179879032,17179879032
17179879099,17179879099
17179879505,17179876525
17179879652,17179869524
17179879778,17179879778
17179880172,17179872396
17179880175,17179880175
17179880357,17179876010
17179880390,17179873963
17179880431,17179873483
17179880511,17179880511
17179880517,17179870872
17179880592,17179871599
17179880717,17179880244
17179880922,17179869435
17179881140,17179872270
17179881284,17179871345
17179881294,17179873639
17179881797,17179881797
17179882130,17179870073
17179882659,17179882659
17179882690,17179871569
17179882875,17179872203
17179882994,17179872804
17179884201,17179876436
17179885042,17179870464
17179885147,17179871878
17179885313,17179885313
17179885534,17179885534
17179885653,17179869190
17179885902,17179883538
17179885988,17179869477
17179886050,17179874968
17179886145,17179877227
17179886295,17179874114
17179886424,17179870283
17179886429,17179869934
17179886567,17179878541
17179886639,17179869314
17179886680,17179871678
17179886691,17179875231
17179886889,17179873007
17179886933,17179873703
17179887149,17179871300
17179887324,17179875034
17179887380,17179887380
17179887492,17179877899
17179887806,17179876153
17179887855,17179872637
17179888043,17179879970
17179888170,17179869625
17179889085,17179878726
17179889223,17179872647
17179889259,17179880945
17179889390,17179870203
17179889534,17179873081
17179889535,17179889535
17179889985,17179886329
17179890283,17179873750
17179890316,17179880227
17179890717,17179872285
17179890907,17179879744
17179891024,17179879190
17179891341,17179872131
17179891400,17179871793
17179891735,17179891735
17179892013,17179869276
17179892053,17179873016
17179892584,17179870765
17179892686,17179882466
17179892799,17179892799
17179892844,17179892844
17179893259,17179870065
17179893926,17179870143
17179894003,17179894003
17179894046,17179878096
17179894202,17179870975
17179894471,17179878802
17179894770,17179869639
17179894852,17179869544
17179894907,17179886006
17179895146,17179870819
17179895291,17179895291
17179895348,17179875836
17179895547,17179869973
17179895639,17179881076
17179895797,17179870105
17179896117,17179883579
17179896283,17179872258
17179896764,17179880696
17179896817,17179869533
17179897012,17179871122
17179897189,17179871351
17179897237,17179874997
17179897283,17179875397
17179897441,17179873144
17179897674,17179873231
17179897799,17179869352
17179898050,17179879808
17179898073,17179884643
17179898077,17179873058
17179898098,17179881446
17179898137,17179879213
17179898331,17179874969
17179898581,17179869423
17179898759,17179870225
17179899043,17179874306
17179899122,17179869621
17179899513,17179885893
17179899620,17179874700
17179899715,17179872843
17179899914,17179880728
17179900146,17179873050
17179900284,17179872644
17179900321,17179900321
17179900550,17179871071
17179900638,17179871545
17179900828,17179900828
17179901171,17179886698
17179901375,17179872765
17179901913,17179901913
17179902027,17179883711
17179902084,17179875201
17179902102,17179881693
17179902138,17179902138
17179902355,17179875875
17179869323,17179869323
17179869615,17179869615
17179869727,17179869727
17179870052,17179870052
17179870206,17179870206
17179870726,17179869502
17179870838,17179870838
17179870916,17179870916
17179871380,17179869638
17179871436,17179871436
17179871506,17179871506
17179871640,17179871640
17179871736,17179869369
17179871843,17179871843
17179872073,17179869284
17179872133,17179869344
17179872336,17179872336
17179872462,17179871253
17179872826,17179872826
17179872951,17179870459
17179873102,17179870745
17179873207,17179873207
17179873360,17179870473
17179873524,17179870971
17179873745,17179873585
17179873805,17179872025
17179874178,17179874178
17179874299,17179874299
17179874556,17179871988
17179874746,17179871421
17179875402,17179875402
17179875434,17179875434
17179875579,17179871763
17179876802,17179873308
17179877364,17179877364
17179877419,17179877419
17179877533,17179877533
17179877908,17179877908
17179878161,17179872836
17179878491,17179877928
17179878635,17179873105
17179878650,17179869230
17179879178,17179879178
17179879603,17179873623
17179879627,17179871170
17179879850,17179871195
17179880711,17179870110
17179880740,17179873681
17179880789,17179870903
17179881104,17179869708
17179881395,17179875782
17179881427,17179872510
17179881434,17179871915
17179881564,17179875352
17179881721,17179872753
17179882339,17179877838
17179882655,17179873605
17179882665,17179882665
17179882774,17179870885
17179882828,17179869271
17179883409,17179883409
17179883590,17179883590
17179883712,17179869352
17179883844,17179871020
17179884002,17179875726
17179884065,17179884065
17179884387,17179884387
17179884467,17179875391
17179884550,17179881748
17179884834,17179873815
17179884841,17179869230
17179885011,17179881233
17179885284,17179870488
17179885330,17179871112
17179885574,17179872953
17179885862,17179876171
17179886193,17179870221
17179886370,17179886370
17179886515,17179871330
17179886824,17179885963
17179886855,17179878248
17179886956,17179878342
17179886960,17179882445
17179887132,17179871810
17179887189,17179870964
17179887220,17179872919
17179887575,17179869863
17179887753,17179872534
17179888267,17179871672
17179888286,17179869901
17179888357,17179870566
17179888533,17179869562
17179888660,17179871372
17179888731,17179870020
17179888899,17179869893
17179888932,17179874336
17179889190,17179874381
17179889376,17179877642
17179889506,17179869238
17179889540,17179880511
17179889756,17179871647
17179889827,17179889827
17179889832,17179872680
17179889864,17179872145
17179889966,17179878103
17179890027,17179878599
17179890355,17179870973
17179890604,17179890604
17179890727,17179875261
17179890849,17179870372
17179891280,17179891280
17179891529,17179891529
17179891552,17179871797
17179891580,17179885133
17179891597,17179878103
17179891752,17179869239
17179891900,17179891900
17179892286,17179869298
17179892577,17179876286
17179893158,17179869589
17179894187,17179869284
17179894569,17179872716
17179894581,17179869231
17179894838,17179871436
17179895037,17179869967
17179895112,17179878637
17179895131,17179873310
17179895187,17179893206
17179895362,17179870670
17179895450,17179895450
17179896366,17179871626
17179896485,17179884457
17179896774,17179870762
17179896777,17179880167
17179896802,17179874406
17179896821,17179871502
17179897367,17179880960
17179897386,17179870574
17179897387,17179870939
17179897891,17179869715
17179898473,17179871038
17179898667,17179874075
17179898761,17179869764
17179898832,17179888627
17179898945,17179870130
17179899110,17179899110
17179899233,17179894251
17179899691,17179875004
17179899767,17179899767
17179899913,17179869544
17179900034,17179883988
17179901001,17179869697
17179901631,17179869616
17179901756,17179870094
17179901787,17179869992
17179902036,17179870334
17179902069,17179871420
17179902142,17179882009
17179902187,17179871645
17179902230,17179872351
17179902403,17179874284
17179902463,17179877652
17179902469,17179877227
17179902542,17179873548
17179902603,17179902603
17179869260,17179869260
17179869279,17179869249
17179869553,17179869553
17179869735,17179869735
17179869980,17179869715
17179870034,17179870034
17179870107,17179870098
17179870289,17179870289
17179871198,17179871198
17179871521,17179871521
17179871574,17179871574
17179871653,17179869508
17179871897,17179871897
17179872081,17179872081
17179872182,17179872182
17179872282,17179872282
17179872360,17179869386
17179872439,17179872439
17179872595,17179872595
17179872752,17179872752
17179872856,17179872856
17179872964,17179872964
17179873109,17179873109
17179873229,17179870359
17179873716,17179873716
17179874048,17179870682
17179874673,17179874673
17179874716,17179869974
17179874738,17179872791
17179875526,17179870750
17179875528,17179875528
17179875601,17179869394
17179875861,17179873718
17179875995,17179874623
17179876161,17179875092
17179876188,17179870083
17179876201,17179871725
17179876578,17179876578
17179876652,17179872542
17179876843,17179875255
17179877079,17179869753
17179877427,17179877427
17179877554,17179877554
17179877648,17179877648
17179877839,17179873893
17179877920,17179872862
17179878095,17179873053
17179878190,17179873989
17179878330,17179878330
17179878352,17179870803
17179878656,17179873810
17179878690,17179869441
17179879296,17179875459
17179879633,17179871012
17179879769,17179870794
17179879839,17179874150
17179880081,17179880081
17179880645,17179871125
17179880722,17179869623
17179880859,17179877990
17179880906,17179871511
17179881501,17179873307
17179881520,17179881520
17179881611,17179874117
17179881882,17179869354
17179882004,17179871995
17179882169,17179882169
17179882302,17179869972
17179882453,17179882453
17179882626,17179876257
17179882658,17179882232
17179882887,17179870874
17179883125,17179875665
17179883746,17179878665
17179883765,17179871632
17179883778,17179879065
17179883886,17179875849
17179884219,17179884219
17179884727,17179869955
17179884766,17179874802
17179884949,17179870754
17179885104,17179870899
17179885204,17179873940
17179885360,17179873698
17179885402,17179885402
17179885585,17179874191
17179885668,17179870160
17179885927,17179869351
17179886596,17179870397
17179886621,17179869590
17179886814,17179873560
17179887215,17179881424
17179887754,17179878034
17179887960,17179869875
17179887971,17179869562
17179888047,17179871517
17179888191,17179876577
17179888382,17179869496
17179888530,17179871458
17179889321,17179870103
17179889387,17179869649
17179889507,17179870409
17179889591,17179870495
17179889612,17179870833
17179889747,17179873504
17179889767,17179881855
17179890739,17179870273
17179890787,17179870609
17179891132,17179871104
17179891289,17179869574
17179891392,17179877970
17179891449,17179874168
17179891666,17179878249
17179891822,17179886006
17179891824,17179869950
17179891855,17179873750
17179891948,17179869590
17179892061,17179871549
17179892172,17179871192
17179892337,17179892337
17179892379,17179869547
17179892464,17179873507
17179892481,17179870503
17179892517,17179870413
17179892969,17179876271
17179893102,17179886649
17179893122,17179870015
17179893219,17179869616
17179893405,17179878763
17179893560,17179871694
17179893627,17179874869
17179894757,17179894757
17179894812,17179871933
17179895165,17179880297
17179895292,17179871843
17179895483,17179875847
17179895949,17179872534
17179895990,17179874863
17179896022,17179873433
17179896190,17179872258
17179896270,17179872536
17179896320,17179873606
17179896714,17179896714
17179896901,17179872630
17179897897,17179897897
17179898078,17179871805
17179898159,17179869371
17179898167,17179870015
17179898207,17179869578
17179898592,17179869361
17179898714,17179870919
17179898994,17179886060
17179899010,17179899010
17179899171,17179875305
17179899313,17179870552
17179899421,17179871231
17179899435,17179873742
17179899534,17179870397
17179899632,17179871122
17179899672,17179899672
17179899905,17179872981
17179900433,17179886655
17179900549,17179871558
17179901050,17179869677
17179901409,17179872043
17179901461,17179887793
17179901687,17179875114
17179901722,17179872826
17179901834,17179871284
17179902137,17179875064
17179902368,17179902368
17179902556,17179873307
17179902618,17179869868
17179869272,17179869272
17179869284,17179869284
17179869424,17179869424
17179869959,17179869959
17179870186,17179870186
17179870942,17179870942
17179871135,17179871135
17179871151,17179871151
17179871295,17179869448
17179871360,17179869826
17179871568,17179869451
17179871593,17179869578
17179871648,17179871648
17179871895,17179871895
17179872042,17179869601
17179872436,17179872436
17179872748,17179872748
17179873160,17179872863
17179873200,17179870330
17179873346,17179873346
17179873484,17179873484
17179873872,17179871947
17179874050,17179874050
17179874188,17179871874
17179874359,17179874359
17179874733,17179872343
17179874945,17179874945
17179875181,17179870001
17179875216,17179875216
17179875242,17179875242
17179875883,17179874693
17179876025,17179876025
17179876295,17179869636
17179876338,17179872274
17179876407,17179875061
17179876629,17179873454
17179877433,17179877233
17179877510,17179877510
17179877561,17179877561
17179878386,17179878386
17179878846,17179878796
17179878890,17179878890
17179878893,17179869466
17179879273,17179870994
17179879325,17179879325
17179879514,17179870283
17179879791,17179873812
17179879862,17179872896
17179879880,17179869531
17179879948,17179871766
17179880047,17179870149
17179880338,17179870440
17179881045,17179874466
17179881196,17179881196
17179881208,17179881208
17179881290,17179879857
17179881955,17179871691
17179882294,17179876627
17179882358,17179873421
17179882861,17179876541
17179882978,17179869875
17179883141,17179880421
17179883198,17179883198
17179883269,17179870693
17179883371,17179870000
17179883395,17179872324
17179883400,17179870816
17179883532,17179878705
17179883600,17179869286
17179883977,17179880428
17179884254,17179884254
17179884285,17179875647
17179884529,17179876436
17179884562,17179877233
17179884590,17179880175
17179885320,17179877838
17179885427,17179876325
17179885626,17179875790
17179885763,17179875390
17179886042,17179872680
17179886157,17179877068
17179887393,17179882623
17179888069,17179888069
17179888646,17179869313
17179888652,17179875766
17179889386,17179874835
17179889592,17179881533
17179889810,17179870480
17179889974,17179889974
17179890056,17179880360
17179890274,17179872285
17179891595,17179879079
17179891638,17179891638
17179891761,17179891761
17179892583,17179871236
17179892781,17179877724
17179893014,17179886183
17179893719,17179879040
17179894353,17179894353
17179894380,17179871546
17179894422,17179869865
17179894525,17179881167
17179895092,17179869417
17179895135,17179879692
17179895184,17179878785
17179895209,17179895209
17179895232,17179874684
17179895544,17179882445
17179895672,17179870720
17179895930,17179871107
17179896443,17179874348
17179896578,17179869234
17179896709,17179871091
17179896721,17179878606
17179896849,17179869186
17179897091,17179897091
17179897284,17179897284
17179897716,17179873574
17179897858,17179873765
17179898215,17179869625
17179898882,17179870051
17179898914,17179872977
17179899146,17179869890
17179899322,17179872112
17179899378,17179877557
17179899507,17179870818
17179899716,17179873525
17179900027,17179871129
17179900238,17179900238
17179900300,17179876177
17179900362,17179874581
17179900728,17179869455
17179901183,17179870757
17179901364,17179870814
17179901470,17179874695
17179901554,17179869694
17179901721,17179884573
17179901848,17179901848
17179869381,17179869381
17179869701,17179869701
17179869823,17179869823
17179869907,17179869907
17179870207,17179870207
17179870501,17179870501
17179870564,17179869305
17179870668,17179870668
17179870856,17179870856
17179870915,17179870915
17179871539,17179869259
17179872074,17179872074
17179872466,17179870595
17179872698,17179872698
17179872903,17179872903
17179873320,17179873320
17179873511,17179872934
17179873622,17179873305
17179874176,17179873349
17179874282,17179874227
17179874297,17179871507
17179874917,17179870816
17179875032,17179871604
17179875282,17179874891
17179875411,17179872356
17179875428,17179875428
17179875660,17179869734
17179875863,17179874172
17179875959,17179874358
17179876149,17179876149
17179876355,17179871894
17179876470,17179870015
17179876647,17179870160
17179876666,17179874186
17179876918,17179876918
17179877025,17179869650
17179877059,17179877059
17179877289,17179875446
17179877414,17179877414
17179877465,17179869256
17179877586,17179874053
17179877861,17179874700
17179877942,17179877942
17179878340,17179878340
17179878344,17179878344
17179878551,17179872950
17179878646,17179878646
17179879020,17179874306
17179879093,17179879093
17179879334,17179873423
17179879682,17179869717
17179879702,17179877988
17179879842,17179870610
17179879978,17179879978
17179880296,17179870337
17179880648,17179877219
17179881136,17179880241
17179881191,17179869880
17179881231,17179881231
17179881424,17179881424
17179881503,17179870626
17179881566,17179872807
17179882076,17179876732
17179882663,17179875618
17179882694,17179882132
17179882720,17179871139
17179882842,17179880866
17179882877,17179872200
17179883010,17179875561
17179883227,17179882036
17179883597,17179879172
17179883703,17179877755
17179884126,17179871401
17179884160,17179876915
17179884349,17179873245
17179884621,17179876220
17179884978,17179870907
17179885226,17179874983
17179885503,17179869826
17179886276,17179869582
17179886329,17179886329
17179886399,17179878216
17179886551,17179873331
17179886857,17179879099
17179887123,17179869438
17179887408,17179876023
17179887546,17179887546
17179887907,17179887907
17179888574,17179872241
17179888596,17179875354
17179888919,17179869315
17179889178,17179889178
17179889267,17179875672
17179889361,17179876133
17179889495,17179870638
17179889611,17179875436
17179889773,17179879793
17179889805,17179874755
17179889856,17179889856
17179889909,17179872499
17179890421,17179890421
17179890426,17179876133
17179890444,17179871402
17179890616,17179886655
17179890805,17179874670
17179891058,17179871603
17179891611,17179870892
17179891909,17179869197
17179892193,17179874309
17179892321,17179869673
17179892479,17179870804
17179892591,17179879043
17179892785,17179869339
17179893318,17179878513
17179893395,17179877122
17179893412,17179869378
17179893532,17179873903
17179893727,17179873931
17179893956,17179871633
17179894182,17179874284
17179894313,17179882982
17179894489,17179870102
17179894600,17179873283
17179894765,17179870692
17179894858,17179869628
17179895297,17179876360
17179895642,17179876493
17179895860,17179895383
17179896246,17179896246
17179896336,17179896336
17179896355,17179877856
17179896788,17179887077
17179897141,17179879857
17179897302,17179897302
17179897478,17179869389
17179897867,17179897867
17179899333,17179869370
17179899717,17179872856
17179901154,17179880132
17179901330,17179873726
17179901767,17179869233
17179902004,17179875337
17179902221,17179869411
17179902500,17179871762
17179902515,17179870074
17179902537,17179870189
17179902579,17179869455
17179902602,17179869398
17179869530,17179869530
17179869573,17179869573
17179869699,17179869699
17179869940,17179869940
17179870239,17179869694
17179870374,17179870374
17179870457,17179870457
17179870507,17179870507
17179870594,17179869957
17179870701,17179870509
17179870808,17179869778
17179870889,17179870889
17179871033,17179871033
17179871116,17179871116
17179871261,17179869401
17179871319,17179870993
17179871484,17179871484
17179871771,17179869518
17179871891,17179870966
17179872016,17179871112
17179872017,17179871793
17179872061,17179872061
17179872211,17179870325
17179872289,17179871542
17179872298,17179872298
17179872598,17179872598
17179872782,17179872782
17179873270,17179872285
17179873427,17179870381
17179873549,17179873549
17179873656,17179871484
17179873843,17179870001
17179873847,17179873847
17179874378,17179869406
17179874623,17179874623
17179874795,17179873275
17179874817,17179874052
17179875004,17179875004
17179875163,17179875163
17179875315,17179875315
17179875454,17179875454
17179875491,17179873719
17179875743,17179870355
17179875872,17179875872
17179876245,17179869205
17179876266,17179875092
17179876669,17179876669
17179876825,17179876825
17179876831,17179876831
17179876877,17179876877
17179877080,17179872308
17179877137,17179877137
17179877253,17179877253
17179877261,17179877261
17179877440,17179871331
17179877594,17179874571
17179878655,17179878655
17179878907,17179872985
17179878998,17179871009
17179879045,17179869306
17179879317,17179879317
17179879417,17179873742
17179879457,17179874185
17179879585,17179873981
17179879593,17179877942
17179879678,17179873633
17179879681,17179870913
17179879895,17179879304
17179879907,17179870566
17179879962,17179879962
17179880011,17179880011
17179880122,17179880122
17179880368,17179880368
17179880494,17179880494
17179880588,17179870162
17179880834,17179870206
17179880976,17179878773
17179881477,17179872707
17179881496,17179870411
17179881652,17179877233
17179881710,17179869926
17179882032,17179871278
17179882285,17179877241
17179882347,17179869451
17179882531,17179871710
17179882570,17179881228
17179882653,17179877402
17179882951,17179874685
17179882972,17179869444
17179883194,17179876660
17179883278,17179873166
17179883650,17179878550
17179884049,17179878180
17179884415,17179876830
17179884599,17179874822
17179884743,17179869991
17179886023,17179869189
17179886166,17179876740
17179886508,17179870737
17179886756,17179877219
17179886979,17179880199
17179887100,17179883064
17179887502,17179873984
17179887587,17179869644
17179887644,17179875122
17179887836,17179870144
17179888223,17179881618
17179888411,17179888411
17179888497,17179875235
17179888640,17179888640
17179888774,17179875200
17179888858,17179882515
17179889167,17179874675
17179889209,17179878279
17179889965,17179875731
17179890368,17179890368
17179890680,17179879436
17179890953,17179870370
17179890991,17179872285
17179891303,17179873617
17179891518,17179870993
17179891653,17179886628
17179892041,17179890158
17179892518,17179879735
17179892675,17179892675
17179892830,17179880986
17179893037,17179872336
17179893155,17179876545
17179893827,17179886036
17179894072,17179894072
17179894605,17179873291
17179894639,17179869619
17179895040,17179882313
17179895206,17179870009
17179895419,17179874952
17179895622,17179876624
17179895753,17179872978
17179895782,17179893344
17179896014,17179875305
17179896210,17179873493
17179896293,17179870723
17179896365,17179896365
17179896450,17179869903
17179896476,17179879989
17179896750,17179876541
17179896773,17179896773
17179896892,17179876771
17179896907,17179873159
17179897239,17179897239
17179897292,17179871871
17179897587,17179887167
17179897657,17179897657
17179897999,17179870257
17179898173,17179898173
17179898229,17179872633
17179898256,17179873440
17179898522,17179893153
17179898586,17179890226
17179898600,17179873431
17179898633,17179874271
17179899072,17179874278
17179899178,17179871004
17179899211,17179878150
17179899789,17179880986
17179899843,17179871738
17179899868,17179871070
17179899953,17179873256
17179900101,17179889411
17179900137,17179870485
17179900326,17179900326
17179900807,17179874930
17179900812,17179873375
17179901010,17179870786
17179901180,17179870909
17179901538,17179871237
17179901540,17179873153
17179901546,17179873864
17179901758,17179870819
17179902169,17179872417
17179902366,17179869488
17179869267,17179869267
17179869467,17179869467
17179869904,17179869904
17179870437,17179870437
17179870676,17179870676
17179871144,17179871144
17179871591,17179871591
17179871695,17179869630
17179871900,17179871900
17179872085,17179870829
17179872089,17179870448
17179872239,17179870985
17179872575,17179869322
17179873072,17179870822
17179873143,17179871694
17179873375,17179873375
17179873412,17179869213
17179873707,17179873707
17179873859,17179873859
17179874091,17179871064
17179874147,17179872776
17179874241,17179874241
17179875734,17179870995
17179875737,17179875737
17179875913,17179875913
17179875965,17179870711
17179876065,17179869630
17179876469,17179871660
17179876493,17179876493
17179877302,17179877302
17179877311,17179869994
17179877341,17179870112
17179877988,17179877988
17179878043,17179872616
17179878247,17179877211
17179878315,17179869704
17179879170,17179877973
17179879451,17179877846
17179879497,17179872994
17179879523,17179872431
17179879616,17179875443
17179879869,17179879869
17179880060,17179877636
17179880251,17179880251
17179880259,17179871090
17179880317,17179869697
17179880421,17179880421
17179880646,17179878019
17179880852,17179869213
17179880854,17179878954
17179880916,17179874666
17179880938,17179880938
17179881359,17179869465
17179881448,17179879883
17179881789,17179871788
17179881931,17179872509
17179882421,17179879438
17179882648,17179873103
17179882871,17179882871
17179882899,17179869755
17179883387,17179871210
17179883486,17179869779
17179883530,17179870419
17179883801,17179879328
17179884017,17179869999
17179884026,17179872867
17179884090,17179884090
17179884155,17179876541
17179884244,17179873744
17179885002,17179869433
17179885531,17179876514
17179885766,17179870665
17179885984,17179869720
17179886262,17179873207
17179886461,17179873560
17179887052,17179877638
17179887083,17179881287
17179887338,17179887338
17179887999,17179879453
17179888120,17179872907
17179888234,17179886951
17179888307,17179882597
17179888466,17179872832
17179888696,17179874804
17179888953,17179870505
17179889096,17179871793
17179889511,17179876747
17179890206,17179875667
17179891009,17179886396
17179891035,17179874657
17179891541,17179871587
17179891879,17179891879
17179892086,17179874121
17179892561,17179870101
17179893503,17179893503
17179893985,17179869779
17179894097,17179869649
17179894561,17179883365
17179894663,17179876520
17179894689,17179877461
17179894893,17179872712
17179895399,17179873452
17179895972,17179881139
17179896347,17179869682
17179896903,17179879183
17179897042,17179887033
17179897131,17179885939
17179897381,17179871931
17179897477,17179897477
17179897513,17179870124
17179897612,17179879052
17179897878,17179871666
17179897908,17179897908
17179898120,17179888640
17179898264,17179876258
17179898490,17179870637
17179898735,17179870054
17179898892,17179873816
17179898981,17179873679
17179899449,17179874205
17179899619,17179873991
17179899918,17179899918
17179900175,17179878558
17179900491,17179900491
17179900575,17179875007
17179900682,17179878773
17179900963,17179869964
17179901302,17179880103
17179901332,17179879406
17179901394,17179881235
17179901397,17179872840
17179901412,17179873253
17179902095,17179879040
17179902183,17179873810
17179902201,17179883711
17179902518,17179870405
17179869613,17179869613
17179869818,17179869818
17179870000,17179870000
17179870251,17179870251
17179870392,17179870392
17179870493,17179869719
17179870722,17179870722
17179870976,17179870976
17179871002,17179871002
17179871121,17179869377
17179871150,17179871150
17179871239,17179871239
17179871268,17179869714
17179871445,17179871445
17179871622,17179871622
17179872728,17179872397
17179873354,17179871194
17179873689,17179869616
17179873765,17179873765
17179874089,17179870856
17179874289,17179870432
17179874489,17179874489
17179874674,17179874674
17179875034,17179875034
17179875166,17179875166
17179875787,17179875122
17179876150,17179869649
17179876160,17179876160
17179876228,17179876228
17179876543,17179875052
17179876555,17179875708
17179876741,17179872876
17179876886,17179869218
17179876889,17179873423
17179877022,17179870142
17179877068,17179877068
17179877231,17179870476
17179878119,17179869731
17179878164,17179878164
17179878552,17179878552
17179878576,17179878576
17179878880,17179872643
17179878962,17179872138
17179879008,17179878492
17179879267,17179875852
17179879353,17179878317
17179879443,17179879443
17179879591,17179870514
17179879644,17179878599
17179879872,17179877507
17179879989,17179879989
17179880150,17179874164
17179880514,17179872270
17179880620,17179872680
17179880780,17179877288
17179880785,17179873498
17179881070,17179873233
17179881185,17179872361
17179881532,17179869257
17179881580,17179876841
17179881641,17179870506
17179882225,17179869346
17179882362,17179872731
17179882627,17179876291
17179882982,17179882982
17179883047,17179872382
17179883064,17179883064
17179883230,17179882033
17179883245,17179881709
17179883247,17179874755
17179883406,17179872156
17179883478,17179875653
17179883736,17179879201
17179883769,17179870414
17179883896,17179877633
17179883908,17179877193
17179884433,17179884230
17179884681,17179873990
17179884725,17179884725
17179884776,17179870193
17179884987,17179870858
17179885081,17179884992
17179885412,17179876181
17179885442,17179873857
17179885583,17179885583
17179885671,17179879411
17179885961,17179873400
17179886146,17179873307
17179886226,17179873964
17179886452,17179883036
17179886519,17179873381
17179886936,17179874762
17179887051,17179884895
17179887071,17179878879
17179887076,17179872763
17179887115,17179878786
17179887212,17179869193
17179887361,17179877846
17179887730,17179870282
17179888063,17179873042
17179888593,17179874259
17179888608,17179871458
17179888619,17179872482
17179888988,17179878840
17179888995,17179876460
17179889532,17179870269
17179889732,17179870033
17179889834,17179874713
17179890060,17179876056
17179890390,17179869400
17179890463,17179870249
17179891052,17179872388
17179891729,17179873636
17179892486,17179877681
17179892721,17179870670
17179893210,17179870762
17179893404,17179872403
17179893618,17179871195
17179893846,17179870730
17179893894,17179869336
17179893941,17179869299
17179894085,17179882413
17179894449,17179870266
17179894720,17179872206
17179894782,17179871130
17179894830,17179871914
17179894936,17179872564
17179895104,17179880546
17179895141,17179890392
17179895239,17179895239
17179895288,17179875666
17179895391,17179870380
17179895446,17179877283
17179895618,17179870743
17179895995,17179876289
17179896420,17179870597
17179897740,17179897740
17179898091,17179873814
17179898140,17179877077
17179898206,17179886649
17179898413,17179870982
17179898530,17179869911
17179899023,17179899023
17179899048,17179870825
17179899125,17179895567
17179899702,17179873227
17179899892,17179899892
17179900047,17179886339
17179900081,17179882314
17179900114,17179878544
17179900315,17179874965
17179900320,17179877253
17179900508,17179870822
17179900527,17179869670
17179900680,17179873938
17179900808,17179876738
17179900901,17179871838
17179900923,17179872388
17179900939,17179891238
17179901377,17179879625
17179901792,17179872168
17179902039,17179872991
17179902339,17179890362
17179902361,17179884232
17179902495,17179872915
17179869210,17179869210
17179869290,17179869290
17179869317,17179869317
17179869468,17179869468
17179869486,17179869486
17179869496,17179869496
17179869502,17179869502
17179869728,17179869728
17179869772,17179869772
17179869790,17179869790
17179869861,17179869861
17179870567,17179870567
17179870627,17179870627
17179870981,17179869231
17179871171,17179871171
17179871358,17179869827
17179871426,17179871426
17179871716,17179871716
17179871775,17179870327
17179871777,17179871194
17179872156,17179872156
17179872272,17179872272
17179872288,17179871498
17179873815,17179873815
17179873862,17179870483
17179873981,17179873981
17179874223,17179871374
17179874348,17179874348
17179874484,17179873912
17179874792,17179874121
17179875275,17179875275
17179875346,17179875346
17179875432,17179874952
17179875659,17179875659
17179875851,17179875851
17179875944,17179872413
17179876289,17179876289
17179876548,17179876548
17179877037,17179869380
17179877160,17179877160
17179877228,17179869532
17179877291,17179876683
17179877390,17179872679
17179877616,17179869793
17179877729,17179877729
17179877742,17179876324
17179878189,17179870774
17179878248,17179878248
17179878428,17179869660
17179878665,17179878665
17179878811,17179872923
17179878936,17179874560
17179878972,17179872054
17179879323,17179870338
17179879404,17179875666
17179879519,17179872372
17179880548,17179871210
17179880567,17179878180
17179880623,17179871902
17179881037,17179869618
17179881066,17179881066
17179881245,17179878928
17179881670,17179871719
17179881679,17179869939
17179882011,17179871197
17179882832,17179874610
17179883117,17179869465
17179883258,17179871085
17179883428,17179872285
17179883519,17179869491
17179883579,17179883579
17179884016,17179877566
17179884156,17179870746
17179884665,17179874700
17179884833,17179884833
17179884896,17179870994
17179885237,17179880391
17179885241,17179870947
17179885350,17179881297
17179885629,17179870614
17179886017,17179873996
17179886073,17179879456
17179886395,17179873959
17179887296,17179873520
17179887565,17179878595
17179887680,17179878174
17179887742,17179873024
17179888011,17179875459
17179888031,17179877046
17179888391,17179883925
17179888393,17179872077
17179888519,17179877996
17179888781,17179873375
17179889118,17179871206
17179889599,17179883361
17179889821,17179871546
17179890128,17179870170
17179890646,17179890646
17179890785,17179871104
17179890830,17179872316
17179890845,17179873207
17179890950,17179870707
17179891085,17179869991
17179891457,17179870803
17179891504,17179871260
17179891791,17179872876
17179891906,17179883488
17179892694,17179871125
17179892743,17179869967
17179893347,17179869239
17179893580,17179892892
17179894031,17179869484
17179894139,17179881968
17179894425,17179869266
17179894867,17179869888
17179895114,17179895114
17179895390,17179895390
17179895598,17179895598
17179895873,17179875642
17179895966,17179869430
17179896235,17179873681
17179896472,17179870655
17179896474,17179870249
17179896648,17179869537
17179896667,17179873050
17179896839,17179870853
17179896896,17179896896
17179896904,17179896904
17179896906,17179876011
17179897058,17179870848
17179897111,17179897111
17179897112,17179871134
17179897339,17179874057
17179897530,17179869622
17179897543,17179882466
17179897723,17179871943
17179898386,17179873796
17179898428,17179869719
17179898911,17179869950
17179899099,17179872343
17179899198,17179877950
17179899815,17179876377
17179899819,17179872021
17179900254,17179882396
17179900272,17179876094
17179900769,17179869386
17179901197,17179871432
17179901271,17179870382
17179901345,17179871876
17179901349,17179869682
17179901469,17179878552
17179901683,17179880260
17179901782,17179871365
17179901950,17179901950
17179902564,17179891209
17179869234,17179869234
17179869274,17179869274
17179869419,17179869419
17179869909,17179869909
17179870336,17179870336
17179870925,17179870925
17179871279,17179870100
17179871932,17179871932
17179872094,17179871787
17179872209,17179872209
17179872291,17179872291
17179872313,17179869731
17179872453,17179872453
17179872957,17179872957
17179873619,17179873619
17179874009,17179871355
17179874214,17179872351
17179874426,17179869813
17179874496,17179869456
17179874565,17179874565
17179874838,17179872143
17179875148,17179875148
17179875336,17179875336
17179875572,17179872142
17179875693,17179875693
17179875878,17179869929
17179875988,17179875988
17179876134,17179870162
17179876198,17179869779
17179876246,17179876246
17179876377,17179876377
17179876715,17179871675
17179876719,17179876609
17179876911,17179876911
17179877399,17179871994
17179877438,17179869455
17179877515,17179870999
17179877635,17179877635
17179877803,17179870805
17179877936,17179877936
17179877983,17179877983
17179878005,17179871126
17179878296,17179878296
17179878925,17179873436
17179878946,17179872186
17179879500,17179879500
17179879883,17179879883
17179879937,17179872710
17179880133,17179870724
17179880173,17179880173
17179880589,17179880589
17179880783,17179874943
17179880784,17179869584
17179880914,17179873418
17179881220,17179872726
17179881429,17179874451
17179881457,17179870627
17179881685,17179874136
17179881787,17179881583
17179882023,17179875163
17179882748,17179873129
17179882964,17179871388
17179882981,17179882981
17179883266,17179869893
17179883510,17179883510
17179883811,17179870303
17179884087,17179884087
17179884531,17179869954
17179885064,17179870420
17179885070,17179877787
17179885998,17179871621
17179886198,17179879213
17179886364,17179870970
17179886504,17179886504
17179886830,17179880424
17179886870,17179870733
17179886961,17179873912
17179887108,17179874027
17179887119,17179869993
17179887153,17179878980
17179887576,17179870546
17179887633,17179870283
17179887714,17179869849
17179888064,17179876525
17179888536,17179872026
17179888845,17179873617
17179889316,17179872388
17179889743,17179872282
17179889820,17179873147
17179890153,17179877290
17179890281,17179877968
17179890517,17179878897
17179890934,17179870982
17179891300,17179891300
17179891487,17179881946
17179891956,17179874836
17179892138,17179870289
17179892543,17179892543
17179892866,17179873257
17179893045,17179878899
17179893067,17179875797
17179893278,17179875034
17179893425,17179873770
17179893448,17179879732
17179893569,17179871028
17179893713,17179893713
17179893973,17179870152
17179894087,17179871569
17179894280,17179883343
17179894329,17179894329
17179894487,17179874881
17179894940,17179874369
17179894996,17179869459
17179895226,17179874924
17179895230,17179872315
17179895250,17179870931
17179895313,17179873272
17179895343,17179879099
17179895443,17179895443
17179895974,17179883488
17179896005,17179877988
17179896302,17179880529
17179896795,17179878550
17179896842,17179896842
17179896916,17179874311
17179897243,17179874028
17179897445,17179897445
17179897535,17179877946
17179897796,17179897796
17179897843,17179871113
17179897944,17179875393
17179898272,17179885261
17179898444,17179877222
17179899222,17179877431
17179899280,17179875880
17179900322,17179900322
17179900507,17179871946
17179900619,17179885780
17179901346,17179873816
17179901858,17179869202
17179901977,17179901977
17179902065,17179875336
17179869238,17179869238
17179869657,17179869625
17179869678,17179869678
17179869812,17179869812
17179869903,17179869903
17179869992,17179869992
17179870031,17179869249
17179870173,17179870173
17179870358,17179870358
17179870934,17179870934
17179871174,17179871174
17179871604,17179871604
17179871612,17179871612
17179871826,17179871826
17179871868,17179871868
17179872080,17179872080
17179872126,17179870532
17179872293,17179872293
17179872392,17179872392
17179872507,17179872507
17179872894,17179869756
17179872967,17179872967
17179873670,17179873670
17179873749,17179873687
17179873787,17179870118
17179873927,17179873927
17179873935,17179871841
17179874101,17179871809
17179874280,17179874280
17179874523,17179874523
17179874603,17179874603
17179874797,17179874797
17179875374,17179870777
17179875395,17179871759
17179875448,17179870020
17179875750,17179871714
17179875948,17179870786
17179876171,17179876171
17179877145,17179875135
17179877201,17179869715
17179877283,17179877283
17179877407,17179873074
17179877488,17179877488
17179877572,17179871458
17179877788,17179877788
17179877809,17179877809
17179878317,17179878317
17179878323,17179875667
17179878654,17179870221
17179878786,17179878786
17179879159,17179870560
17179879254,17179869964
17179879689,17179870633
17179879985,17179874650
17179880061,17179873824
17179880071,17179875422
17179880119,17179880119
17179880419,17179880419
17179880516,17179869365
17179880582,17179875684
17179880727,17179871404
17179880918,17179869934
17179881111,17179878897
17179881260,17179869935
17179881694,17179869295
17179882298,17179878773
17179882490,17179875378
17179882948,17179877490
17179882977,17179873131
17179883107,17179874534
17179883162,17179869202
17179883622,17179883622
17179883782,17179871284
17179883816,17179871130
17179883833,17179870816
17179883893,17179878009
17179884015,17179873873
17179884044,17179873081
17179884047,17179873668
17179884639,17179869881
17179884650,17179870595
17179884824,17179871448
17179884944,17179871545
17179885003,17179869465
17179885421,17179870858
17179885453,17179877875
17179885647,17179874265
17179885848,17179881542
17179885890,17179885890
17179886676,17179876261
17179886826,17179875305
17179886974,17179877286
17179887247,17179887247
17179887798,17179887798
17179887802,17179870516
17179887875,17179877283
17179887930,17179871174
17179888108,17179869784
17179888471,17179888471
17179888525,17179869350
17179888556,17179876258
17179888681,17179873604
17179888836,17179873986
17179889038,17179869616
17179889143,17179870148
17179889146,17179889146
17179889458,17179889458
17179889501,17179870026
17179889640,17179870576
17179889869,17179871112
17179890072,17179871646
17179890382,17179869465
17179890432,17179870885
17179890603,17179871386
17179891615,17179872052
17179891814,17179870380
17179891842,17179874073
17179892026,17179876404
17179892085,17179876165
17179892311,17179871550
17179892553,17179872296
17179892780,17179871647
17179892922,17179878249
17179893042,17179870174
17179893383,17179869777
17179893790,17179870629
17179893812,17179876632
17179893964,17179877850
17179894510,17179894510
17179894706,17179870988
17179894762,17179869231
17179894833,17179883674
17179894919,17179869619
17179894960,17179870122
17179895138,17179876459
17179895416,17179870839
17179895636,17179878252
17179895730,17179874278
17179896176,17179875072
17179896487,17179876493
17179896813,17179881366
17179896824,17179870142
17179896959,17179875842
17179897136,17179891888
17179897211,17179884837
17179897236,17179870993
17179897473,17179872667
17179898225,17179880242
17179898369,17179872484
17179898372,17179874117
17179898421,17179875376
17179898610,17179877774
17179898628,17179875942
17179898728,17179875561
17179898813,17179869348
17179898856,17179870068
17179898964,17179876483
17179899254,17179875831
17179899354,17179880166
17179899898,17179870444
17179899960,17179872520
17179900136,17179876223
17179900522,17179869929
17179901024,17179872184
17179901045,17179872971
17179901424,17179870457
17179901436,17179877486
17179901552,17179870942
17179901591,17179876135
17179901733,17179869366
17179902061,17179873605
17179902214,17179870931
17179902383,17179874857
17179902453,17179878198
17179902517,17179878756
17179869231,17179869231
17179869316,17179869316
17179869352,17179869352
17179869373,17179869373
17179869410,17179869410
17179869554,17179869554
17179869605,17179869605
17179869669,17179869669
17179869692,17179869692
17179869695,17179869695
17179869866,17179869866
17179870018,17179870018
17179870751,17179869302
17179870885,17179870885
17179871195,17179871195
17179871851,17179871851
17179871888,17179871888
17179872232,17179869599
17179872325,17179872325
17179872343,17179872343
17179872516,17179870089
17179872686,17179872468
17179872704,17179870727
17179872973,17179869629
17179873144,17179873144
17179873156,17179873156
17179873312,17179869434
17179873408,17179873408
17179873491,17179873491
17179873615,17179873615
17179873659,17179869886
17179873873,17179873873
17179873930,17179873930
17179873984,17179873984
17179874367,17179874367
17179874664,17179874664
17179874995,17179874995
17179875039,17179875029
17179875219,17179871125
17179875368,17179869313
17179875417,17179870851
17179875727,17179875727
17179875930,17179870092
17179876125,17179874355
17179876424,17179870248
17179876592,17179870967
17179876700,17179871233
17179876916,17179869423
17179877230,17179870427
17179877492,17179873092
17179877825,17179869417
17179878033,17179869667
17179878072,17179870769
17179878130,17179875894
17179878166,17179870936
17179878241,17179869623
17179878358,17179877227
17179878849,17179870655
17179878874,17179871400
17179878884,17179874020
17179878898,17179878898
17179878969,17179874468
17179879639,17179874722
17179879722,17179873569
17179879771,17179871122
17179879899,17179876678
17179880090,17179869341
17179880310,17179871843
17179880406,17179877078
17179880409,17179872446
17179880413,17179880413
17179880795,17179880795
17179880896,17179869415
17179880982,17179874359
17179881233,17179881233
17179881262,17179873961
17179881733,17179872061
17179881809,17179881809
17179881902,17179870289
17179881980,17179872441
17179882241,17179870029
17179882711,17179870853
17179882791,17179879554
17179884730,17179873146
17179884813,17179869246
17179885167,17179873946
17179885189,17179870818
17179885265,17179885265
17179885424,17179875156
17179885535,17179871943
17179885757,17179872245
17179885809,17179878285
17179886494,17179869791
17179886611,17179872593
17179887109,17179875702
17179887590,17179871234
17179887972,17179887972
17179888219,17179879240
17179888504,17179875992
17179888578,17179869731
17179888857,17179872445
17179888864,17179885346
17179888957,17179871091
17179888967,17179873103
17179889144,17179870585
17179889164,17179872394
17179889201,17179889201
17179889274,17179884992
17179889456,17179880615
17179889517,17179889517
17179889527,17179871401
17179889792,17179889792
17179889860,17179887157
17179889882,17179870735
17179890345,17179872841
17179890434,17179873959
17179890681,17179874114
17179891012,17179891012
17179891059,17179891059
17179891121,17179873027
17179891188,17179870585
17179891218,17179869597
17179891465,17179872027
17179891480,17179870882
17179891556,17179871400
17179891634,17179879315
17179891764,17179876596
17179892381,17179871484
17179892489,17179869484
17179892623,17179880166
17179893344,17179893344
17179893859,17179874309
17179893915,17179870541
17179894164,17179870301
17179894702,17179872899
17179894758,17179876806
17179895364,17179871737
17179895460,17179870272
17179895535,17179872519
17179895864,17179869423
17179895932,17179869727
17179896043,17179871332
17179896142,17179876232
17179896182,17179872364
17179896189,17179869899
17179896416,17179875696
17179896479,17179896479
17179896525,17179883498
17179897095,17179872644
17179897209,17179872302
17179897295,17179872521
17179897398,17179871572
17179897687,17179882820
17179897815,17179869591
17179898048,17179873180
17179898222,17179874913
17179898276,17179875137
17179898360,17179877711
17179898448,17179876133
17179899250,17179879649
17179899271,17179869186
17179899516,17179899516
17179899756,17179875876
17179900145,17179873470
17179900705,17179900705
17179900880,17179871077
17179901460,17179884213
17179901532,17179901532
17179901571,17179871266
17179901693,17179869505
17179901714,17179870531
17179902011,17179869723
17179902154,17179889146
17179902191,17179869283
17179869480,17179869480
17179869645,17179869284
17179869958,17179869958
17179870199,17179870199
17179870538,17179869228
17179870561,17179870561
17179870644,17179870122
17179870823,17179870823
17179871091,17179871091
17179871301,17179869377
17179871754,17179871754
17179871836,17179871836
17179871910,17179871910
17179871955,17179871955
17179872329,17179869932
17179872461,17179872461
17179872497,17179872497
17179872526,17179871567
17179872691,17179872364
17179873228,17179872322
17179873359,17179869777
17179873688,17179873688
17179873761,17179873761
17179874345,17179874345
17179874467,17179874467
17179874699,17179870056
17179874996,17179873379
17179875703,17179873144
17179875904,17179875904
17179875990,17179875990
17179876275,17179869815
17179876438,17179870157
17179876452,17179876452
17179876489,17179872726
17179876839,17179875446
17179877281,17179876228
17179877410,17179871452
17179877773,17179871594
17179877852,17179877852
17179877897,17179869338
17179878504,17179869207
17179878587,17179874446
17179878761,17179869256
17179879014,17179871444
17179879416,17179879416
17179880038,17179869458
17179880268,17179880268
17179880433,17179869423
17179880574,17179877787
17179881188,17179872950
17179881392,17179881392
17179881402,17179881152
17179881948,17179869861
17179882367,17179870289
17179882450,17179875261
17179882617,17179873305
17179882805,17179872910
17179883095,17179876034
17179883207,17179869904
17179883931,17179870982
17179884199,17179870706
17179884679,17179870326
17179884712,17179878325
17179885029,17179884840
17179885333,17179878513
17179885548,17179869423
17179885646,17179875768
17179885721,17179870405
17179885779,17179872070
17179886310,17179877395
17179886510,17179872895
17179886744,17179875016
17179886808,17179869660
17179886880,17179886880
17179886950,17179869367
17179887180,17179887180
17179887318,17179883959
17179887645,17179869883
17179887658,17179873019
17179887760,17179887597
17179887870,17179877538
17179888136,17179870337
17179888210,17179875618
17179888211,17179869820
17179888422,17179870740
17179888658,17179872370
17179889036,17179889036
17179889183,17179889183
17179889312,17179873946
17179889450,17179882314
17179889462,17179869661
17179889646,17179875596
17179890052,17179890052
17179890063,17179872915
17179890251,17179890251
17179890514,17179890514
17179890643,17179885000
17179891350,17179870168
17179891354,17179872127
17179891555,17179884483
17179891576,17179877868
17179891706,17179869332
17179891776,17179869295
17179891786,17179873253
17179891848,17179875606
17179892265,17179884826
17179892926,17179877100
17179893565,17179875302
17179893658,17179878158
17179894032,17179869656
17179894130,17179871356
17179894335,17179875275
17179894883,17179872049
17179894910,17179885874
17179895111,17179884796
17179896139,17179872164
17179896483,17179884255
17179896572,17179873145
17179896573,17179869826
17179896816,17179869748
17179897010,17179872165
17179897033,17179876021
17179897281,17179870693
17179898106,17179870382
17179898425,17179885582
17179898679,17179898679
17179898695,17179869353
17179898726,17179869649
17179898826,17179873809
17179899348,17179877641
17179899653,17179870368
17179899711,17179877090
17179900013,17179875693
17179900120,17179875578
17179900383,17179875672
17179900412,17179900412
17179900423,17179873559
17179900452,17179876431
17179900678,17179869508
17179900726,17179872271
17179901664,17179875088
17179901734,17179870343
17179901826,17179873313
17179902446,17179869328
17179869834,17179869834
17179869997,17179869997
17179870220,17179870220
17179870305,17179870305
17179870584,17179870584
17179870738,17179870664
17179871273,17179871273
17179871339,17179871339
17179871885,17179869398
17179872300,17179872120
17179872470,17179872470
17179872513,17179872513
17179872604,17179872604
17179872825,17179872616
17179872877,17179872877
17179873303,17179869472
17179873793,17179873793
17179874021,17179874021
17179874044,17179872807
17179874085,17179872385
17179874099,17179871125
17179874138,17179873735
17179874752,17179870220
17179874802,17179874802
17179874894,17179870168
17179875355,17179873110
17179876135,17179876135
17179876752,17179869743
17179877109,17179877109
17179877484,17179876747
17179877502,17179871614
17179877550,17179871654
17179877964,17179871666
17179878170,17179871314
17179878228,17179870092
17179878651,17179878651
17179879034,17179876944
17179879040,17179879040
17179879185,17179869214
17179879279,17179869444
17179879543,17179869656
17179879550,17179879550
17179879554,17179879554
17179879555,17179871857
17179879696,17179876540
17179879721,17179872537
17179879853,17179879853
17179879982,17179873937
17179880244,17179880244
17179880614,17179874730
17179880829,17179877468
17179880844,17179874380
17179880900,17179874050
17179881128,17179869187
17179881972,17179881972
17179882106,17179877626
17179882257,17179882257
17179882354,17179873110
17179882381,17179878272
17179882946,17179878606
17179883188,17179876820
17179883972,17179869328
17179884115,17179884115
17179884116,17179869675
17179884342,17179874030
17179884358,17179884358
17179884423,17179870593
17179884474,17179870993
17179884559,17179874740
17179884676,17179879190
17179885462,17179878348
17179885502,17179872652
17179886029,17179872787
17179886076,17179886076
17179886629,17179872841
17179886653,17179870048
17179886990,17179869841
17179887018,17179878153
17179887234,17179873975
17179887292,17179869579
17179887595,17179887595
17179887852,17179870205
17179888025,17179876830
17179888030,17179888030
17179888243,17179879674
17179888403,17179869651
17179888542,17179870221
17179888812,17179886469
17179888895,17179883483
17179889238,17179871746
17179889365,17179869458
17179889395,17179871293
17179889435,17179882820
17179889553,17179883404
17179889643,17179870265
17179889712,17179889146
17179889814,17179872128
17179889895,17179870296
17179889916,17179870707
17179890148,17179871531
17179890240,17179875737
17179890398,17179871127
17179890615,17179869325
17179891231,17179873031
17179891663,17179880340
17179892391,17179871080
17179892748,17179870130
17179893050,17179870280
17179893123,17179874522
17179893568,17179872756
17179893577,17179888290
17179893748,17179873147
17179893872,17179889280
17179893944,17179871317
17179894042,17179872899
17179894924,17179870783
17179895260,17179870789
17179895410,17179871534
17179895530,17179871955
17179897932,17179870357
17179898028,17179873462
17179898082,17179877636
17179898138,17179869875
17179898189,17179869710
17179898411,17179871547
17179898434,17179880426
17179898456,17179877010
17179898721,17179875991
17179898979,17179874080
17179899108,17179897777
17179899140,17179899140
17179899212,17179875064
17179899325,17179873963
17179899462,17179885918
17179899568,17179885838
17179900129,17179874526
17179900268,17179871335
17179901003,17179901003
17179901446,17179885811
17179901795,17179869205
17179901851,17179875216
17179902058,17179872640
17179902059,17179883223
17179902386,17179873469
17179902425,17179871274
17179869341,17179869341
17179869353,17179869353
17179869393,17179869393
17179869533,17179869533
17179869707,17179869707
17179869874,17179869804
17179870036,17179870036
17179870170,17179870170
17179870183,17179870183
17179870452,17179870452
17179870876,17179870876
17179871018,17179869224
17179871312,17179871312
17179871677,17179870999
17179871732,17179871732
17179871824,17179870074
17179872075,17179872075
17179872149,17179872149
17179872433,17179872433
17179872456,17179872456
17179872577,17179871506
17179872774,17179872774
17179872824,17179869481
17179872864,17179872864
17179873393,17179873393
17179873759,17179870106
17179874200,17179872603
17179874555,17179870638
17179874676,17179870621
17179874813,17179874813
17179875022,17179875022
17179875053,17179873589
17179875156,17179875156
17179875407,17179875325
17179875638,17179872798
17179875754,17179872814
17179875854,17179875854
17179875855,17179871897
17179875960,17179874590
17179876148,17179872470
17179876168,17179876168
17179876184,17179876184
17179876393,17179872680
17179877164,17179871475
17179877206,17179873915
17179877285,17179874198
17179877315,17179870124
17179877332,17179869411
17179877422,17179877422
17179877426,17179877426
17179877672,17179870670
17179877747,17179869462
17179878259,17179869440
17179878359,17179878359
17179878717,17179870467
17179878908,17179871841
17179879857,17179879857
17179880084,17179873421
17179880104,17179870736
17179880499,17179874186
17179880539,17179872046
17179880558,17179874307
17179880581,17179869235
17179880688,17179874590
17179880800,17179871444
17179880838,17179880838
17179880855,17179874622
17179881156,17179881156
17179881193,17179873474
17179881266,17179878485
17179881883,17179878595
17179882320,17179869619
17179882368,17179872352
17179882371,17179870952
17179882616,17179873178
17179882688,17179882688
17179882902,17179882902
17179883120,17179882131
17179883155,17179878474
17179883543,17179869291
17179883676,17179872342
17179884484,17179870967
17179884899,17179877990
17179885034,17179869903
17179885555,17179872820
17179885576,17179870189
17179885594,17179876181
17179885875,17179879832
17179886030,17179871467
17179886134,17179874265
17179886135,17179875275
17179886143,17179886143
17179886272,17179875991
17179886420,17179869231
17179886453,17179872895
17179886484,17179871605
17179886554,17179879712
17179887004,17179870983
17179887173,17179870130
17179887404,17179887404
17179888618,17179874050
17179889065,17179872796
17179890259,17179879529
17179890291,17179870910
17179890545,17179890184
17179890565,17179877202
17179890898,17179871901
17179891034,17179873536
17179891209,17179891209
17179891390,17179875557
17179891667,17179878954
17179891857,17179869826
17179892015,17179870413
17179892199,17179873991
17179892551,17179889348
17179892571,17179870533
17179892630,17179870553
17179892777,17179869500
17179892801,17179875500
17179892814,17179878552
17179893035,17179878413
17179893246,17179879033
17179893408,17179871418
17179893583,17179873694
17179894352,17179869336
17179894401,17179877096
17179894417,17179894417
17179894460,17179869426
17179894880,17179874468
17179894928,17179886287
17179894964,17179870539
17179894981,17179894981
17179895098,17179869704
17179895103,17179870405
17179895219,17179869514
17179895376,17179869886
17179895779,17179871512
17179896196,17179896196
17179896496,17179872715
17179896534,17179869469
17179897191,17179870420
17179897235,17179874109
17179897488,17179869591
17179897669,17179869883
17179897746,17179871311
17179897823,17179869699
17179898007,17179871213
17179898043,17179869679
17179898556,17179871150
17179898770,17179869672
17179898825,17179882623
17179899275,17179869423
17179899546,17179875091
17179899555,17179869678
17179899604,17179871276
17179899673,17179875325
17179899750,17179879935
17179899952,17179874936
17179899990,17179877638
17179900139,17179871112
17179900640,17179872039
17179900779,17179875325
17179901262,17179874670
17179901780,17179901780
17179901908,17179873539
17179902145,17179902145
17179902229,17179869387
17179869425,17179869425
17179869509,17179869509
17179870058,17179870058
17179870284,17179870284
17179870292,17179870074
17179870757,17179870757
17179871294,17179870065
17179871307,17179870724
17179871353,17179870248
17179872277,17179871631
17179872318,17179869335
17179872367,17179871266
17179872582,17179872582
17179872907,17179872907
17179872930,17179872930
17179873063,17179873063
17179873122,17179873122
17179873472,17179873472
17179873539,17179873539
17179873674,17179873674
17179873698,17179873698
17179874125,17179870260
17179874311,17179874311
17179874869,17179874869
17179875247,17179875247
17179875350,17179871955
17179875399,17179875399
17179875476,17179871918
17179875796,17179875796
17179875846,17179875846
17179875920,17179870449
17179876172,17179870746
17179876571,17179876571
17179876589,17179869950
17179876997,17179869455
17179877477,17179874279
17179877481,17179875324
17179877619,17179876094
17179877971,17179871393
17179878240,17179876170
17179878493,17179878317
17179878526,17179869740
17179878600,17179878600
17179878749,17179870771
17179879189,17179876739
17179879495,17179877139
17179879622,17179879428
17179879707,17179877921
17179880312,17179871950
17179880977,17179880714
17179881015,17179881015
17179881071,17179881071
17179881306,17179871402
17179881569,17179869875
17179881667,17179873052
17179882018,17179873755
17179882198,17179881139
17179882267,17179877229
17179882519,17179879286
17179882576,17179872601
17179882606,17179874650
17179882682,17179877679
17179882734,17179871493
17179882751,17179875571
17179882796,17179869724
17179882976,17179869559
17179883174,17179871395
17179883303,17179872899
17179883493,17179870464
17179883632,17179871939
17179883944,17179877745
17179884051,17179874266
17179884356,17179869915
17179884939,17179878399
17179884999,17179871112
17179886449,17179871273
17179887197,17179873423
17179887767,17179872731
17179888350,17179879709
17179888432,17179888432
17179888604,17179869976
17179888791,17179873366
17179889125,17179870007
17179889200,17179869830
17179889233,17179872763
17179889803,17179871495
17179889806,17179886637
17179889825,17179874797
17179890112,17179875693
17179890300,17179871195
17179890323,17179870449
17179890324,17179881687
17179890365,17179877330
17179891014,17179871493
17179891821,17179891821
17179891895,17179871651
17179891971,17179872644
17179892025,17179869752
17179892113,17179877879
17179892185,17179874051
17179892284,17179870067
17179892287,17179881119
17179892401,17179879172
17179892892,17179892892
17179893060,17179869413
17179893195,17179886143
17179893206,17179893206
17179893354,17179879197
17179893563,17179883217
17179893756,17179871609
17179894026,17179880747
17179894057,17179869649
17179894151,17179878101
17179894177,17179894177
17179894359,17179870229
17179895009,17179870823
17179895248,17179874006
17179895861,17179872692
17179895880,17179869386
17179896307,17179896307
17179896526,17179870528
17179896681,17179869903
17179896869,17179880449
17179896944,17179873088
17179897104,17179882940
17179897145,17179889827
17179897153,17179871522
17179897345,17179877542
17179897705,17179869973
17179897967,17179875386
17179897971,17179872715
17179898069,17179874740
17179898335,17179886006
17179898828,17179873604
17179898872,17179871477
17179899201,17179870588
17179899471,17179870488
17179899512,17179879554
17179899574,17179869381
17179899795,17179870922
17179899802,17179875571
17179899826,17179872456
17179899912,17179872525
17179900144,17179900144
17179900253,17179877074
17179900286,17179875756
17179900447,17179870670
17179900488,17179892003
17179900606,17179869423
17179900784,17179870119
17179901009,17179879869
17179901087,17179870936
17179901096,17179877558
17179901289,17179873773
17179901317,17179869301
17179902062,17179871198
17179902245,17179873087
17179902549,17179875338
17179902616,17179876739
17179869370,17179869370
17179869523,17179869523
17179869734,17179869734
17179869771,17179869771
17179869817,17179869817
17179870218,17179870218
17179870603,17179870603
17179870648,17179869935
17179870784,17179870168
17179871017,17179871017
17179871211,17179869465
17179871337,17179871337
17179871466,17179871466
17179871598,17179871598
17179871871,17179871871
17179872361,17179872361
17179872811,17179871112
17179873001,17179873001
17179873417,17179873417
17179873419,17179873419
17179874039,17179874039
17179874058,17179874058
17179874074,17179874074
17179874239,17179874239
17179874737,17179874737
17179874777,17179874209
17179874831,17179869533
17179874939,17179874939
17179875121,17179869239
17179875244,17179873230
17179875245,17179875245
17179875700,17179871904
17179875739,17179873199
17179875997,17179871408
17179876053,17179875561
17179876405,17179876405
17179876417,17179876417
17179876509,17179869330
17179876713,17179871195
17179877656,17179869929
17179877749,17179877749
17179878126,17179869693
17179878748,17179876307
17179878881,17179876663
17179879075,17179870005
17179879150,17179871836
17179879182,17179869622
17179879251,17179874724
17179879312,17179874506
17179879314,17179872860
17179879866,17179879866
17179880126,17179871544
17179880303,17179872706
17179880602,17179871207
17179880802,17179869807
17179880877,17179870141
17179880879,17179869732
17179881036,17179871495
17179881327,17179876638
17179881430,17179869629
17179881681,17179872639
17179881687,17179881687
17179881722,17179872324
17179881740,17179881740
17179881966,17179871066
17179882352,17179871674
17179882414,17179870259
17179882522,17179879133
17179882704,17179878192
17179882958,17179869997
17179883898,17179870711
17179883942,17179879824
17179884037,17179873227
17179884053,17179878756
17179884119,17179875536
17179884153,17179874185
17179884357,17179884357
17179884616,17179877193
17179884633,17179875647
17179884667,17179884667
17179884755,17179870767
17179884783,17179884643
17179884950,17179884950
17179885206,17179877455
17179885715,17179882432
17179885934,17179885934
17179886066,17179881592
17179886650,17179886650
17179886663,17179886663
17179886762,17179872038
17179886772,17179873330
17179886818,17179873890
17179887464,17179871491
17179887622,17179875764
17179887737,17179872149
17179887947,17179871408
17179888332,17179877711
17179888371,17179874674
17179888381,17179877335
17179888999,17179875768
17179889092,17179870025
17179889179,17179871347
17179889799,17179870919
17179889835,17179875831
17179890065,17179879690
17179890067,17179874246
17179890103,17179873856
17179890170,17179871829
17179890459,17179878689
17179890475,17179871041
17179890489,17179883974
17179890495,17179872776
17179890626,17179889576
17179890630,17179872292
17179890802,17179870915
17179890897,17179876037
17179891128,17179885811
17179891142,17179881081
17179891298,17179875722
17179891389,17179872690
17179891424,17179884535
17179891450,17179878308
17179891656,17179875907
17179892017,17179872609
17179892416,17179874837
17179892689,17179888221
17179893416,17179879336
17179893745,17179871257
17179893805,17179870148
17179894121,17179875962
17179894298,17179870958
17179894433,17179869544
17179894442,17179874610
17179894553,17179887898
17179894943,17179879308
17179895034,17179869764
17179895056,17179874242
17179895309,17179871532
17179895335,17179889569
17179895453,17179869940
17179895627,17179895627
17179895721,17179879729
17179895758,17179872867
17179895979,17179876298
17179896473,17179870051
17179896897,17179869277
17179897053,17179877603
17179897218,17179872668
17179897457,17179872282
17179897485,17179872727
17179897547,17179870272
17179897871,17179879808
17179898057,17179871665
17179898270,17179875376
17179898506,17179879113
17179898565,17179869439
17179898837,17179869207
17179899058,17179869518
17179899215,17179870652
17179899270,17179870015
17179899279,17179873470
17179899304,17179873304
17179899457,17179869903
17179899484,17179877163
17179899851,17179899851
17179899963,17179870178
17179899981,17179871702
17179900001,17179870224
17179900134,17179886466
17179900298,17179874136
17179900335,17179876702
17179900378,17179870058
17179900632,17179879529
17179900710,17179869623
17179900869,17179878148
17179900902,17179892874
17179901237,17179877794
17179901410,17179869840
17179901415,17179871923
17179901489,17179870221
17179901827,17179871195
17179902594,17179882466
17179869716,17179869716
17179869750,17179869455
17179869791,17179869791
17179870096,17179870096
17179870270,17179870270
17179870463,17179870463
17179870530,17179870530
17179871115,17179870043
17179871201,17179871201
17179871522,17179871522
17179871642,17179871642
17179871827,17179871827
17179871875,17179871875
17179872067,17179871896
17179872082,17179871179
17179872162,17179872162
17179872219,17179872219
17179872226,17179869342
17179872323,17179872323
17179872509,17179872509
17179872599,17179869394
17179872628,17179872628
17179872661,17179869375
17179872987,17179869515
17179873167,17179873167
17179873440,17179873440
17179873450,17179873450
17179873587,17179873587
17179873594,17179873594
17179874272,17179870055
17179874406,17179874406
17179874526,17179874526
17179874610,17179874610
17179874635,17179874635
17179874824,17179871599
17179875295,17179870451
17179876098,17179871430
17179876361,17179871351
17179876667,17179876667
17179877001,17179870028
17179877125,17179870948
17179877290,17179877290
17179877551,17179873563
17179877654,17179869698
17179877901,17179869774
17179878052,17179878052
17179878333,17179878333
17179878372,17179872549
17179879149,17179869495
17179879343,17179869269
17179879352,17179879352
17179879498,17179877936
17179879770,17179879770
17179879792,17179873010
17179879944,17179871626
17179880075,17179878513
17179880289,17179871525
17179880500,17179872471
17179880513,17179869950
17179880601,17179869861
17179880762,17179872603
17179880931,17179880931
17179880945,17179880945
17179881145,17179880225
17179881218,17179872293
17179881254,17179872518
17179881332,17179874329
17179881337,17179870324
17179881382,17179871152
17179881662,17179871317
17179881746,17179881746
17179881751,17179872561
17179882364,17179873320
17179882495,17179880546
17179882721,17179869343
17179882996,17179872200
17179883276,17179883276
17179883332,17179883332
17179883447,17179876615
17179883595,17179871448
17179883654,17179875950
17179883929,17179883929
17179884278,17179884278
17179884327,17179875901
17179885164,17179885164
17179885342,17179870418
17179885457,17179877152
17179885590,17179869787
17179885605,17179878116
17179885619,17179883006
17179885728,17179871382
17179885770,17179873839
17179885873,17179869277
17179886292,17179882925
17179886360,17179872458
17179886581,17179875122
17179886837,17179869381
17179887073,17179876248
17179887101,17179869421
17179887449,17179873375
17179887527,17179880349
17179887833,17179887833
17179887912,17179887912
17179888374,17179874988
17179888913,17179871435
17179888973,17179871543
17179889040,17179873748
17179889044,17179877838
17179889418,17179876828
17179889430,17179878807
17179890046,17179878379
17179890401,17179872272
17179890574,17179879808
17179891174,17179881687
17179891395,17179878282
17179891608,17179872075
17179892134,17179870804
17179892330,17179869553
17179892496,17179870550
17179892610,17179870585
17179892690,17179892690
17179892703,17179871177
17179892766,17179892766
17179892936,17179869455
17179893071,17179870413
17179893202,17179878174
17179893308,17179872726
17179893486,17179873601
17179893593,17179880426
17179893807,17179884826
17179894112,17179872446
17179894215,17179876223
17179894545,17179875949
17179894632,17179871788
17179894682,17179869757
17179894825,17179871642
17179895196,17179884427
17179895424,17179878571
17179895575,17179873285
17179896219,17179876868
17179896261,17179873307
17179897066,17179873450
17179897224,17179874020
17179897725,17179872999
17179897748,17179873824
17179897960,17179876158
17179898088,17179877219
17179898367,17179870636
17179898830,17179879764
17179898980,17179880511
17179898984,17179872397
17179899034,17179899034
17179899281,17179874875
17179899713,17179870880
17179900125,17179872565
17179900204,17179870168
17179900427,17179878786
17179900987,17179884081
17179901144,17179873256
17179901232,17179875038
17179901495,17179872436
17179901531,17179879883
17179901655,17179870000
17179901797,17179872397
17179901883,17179873256
17179902018,17179876084
17179902075,17179873905
17179902140,17179873896
17179902161,17179875502
17179902350,17179872336
17179902372,17179885133
17179869563,17179869563
17179869673,17179869673
17179869770,17179869770
17179869906,17179869906
17179870006,17179869375
17179870008,17179869205
17179870027,17179870027
17179870481,17179870481
17179870582,17179870330
17179870634,17179870555
17179870783,17179870783
17179871029,17179871029
17179871080,17179871080
17179871084,17179871084
17179871602,17179871602
17179872261,17179870001
17179872322,17179872322
17179872331,17179871997
17179873277,17179873277
17179873376,17179870242
17179873550,17179870397
17179873763,17179873763
17179874845,17179873949
17179874947,17179869285
17179875196,17179875196
17179875206,17179870650
17179875257,17179873271
17179875989,17179875989
17179876309,17179876309
17179876835,17179876835
17179877000,17179877000
17179877348,17179873477
17179877391,17179873964
17179877585,17179869719
17179877728,17179869697
17179877928,17179877928
17179877940,17179872717
17179878000,17179878000
17179878066,17179870474
17179878198,17179878198
17179878395,17179878395
17179878728,17179870312
17179879039,17179877884
17179879390,17179870609
17179879411,17179879411
17179879461,17179871598
17179879607,17179876235
17179879753,17179879753
17179879946,17179873990
17179880236,17179869515
17179880552,17179872610
17179880930,17179880930
17179881272,17179881272
17179881361,17179872574
17179881445,17179871399
17179881841,17179872343
17179882041,17179882041
17179882156,17179882156
17179882282,17179873007
17179882679,17179877176
17179882888,17179871197
17179882894,17179871404
17179882913,17179870746
17179883318,17179873117
17179883410,17179880368
17179883424,17179869544
17179883448,17179870704
17179883655,17179869715
17179884684,17179884684
17179884688,17179870118
17179884827,17179874924
17179884937,17179879266
17179885041,17179875337
17179885348,17179871000
17179885455,17179870427
17179886183,17179886183
17179886773,17179875364
17179887271,17179883297
17179887310,17179871937
17179887538,17179869814
17179887815,17179869568
17179887970,17179870059
17179887998,17179874547
17179888154,17179888154
17179888281,17179876124
17179888287,17179869807
17179888449,17179869738
17179888493,17179874706
17179888782,17179873024
17179889866,17179883353
17179889988,17179876321
17179890104,17179886303
17179890109,17179872166
17179890773,17179871787
17179890983,17179869922
17179891050,17179876186
17179891071,17179875317
17179891109,17179877566
17179891149,17179871388
17179891477,17179874381
17179891620,17179875846
17179891689,17179877812
17179891713,17179878488
17179891903,17179869849
17179892016,17179880708
17179892647,17179872468
17179892823,17179872783
17179893128,17179871617
17179893298,17179893298
17179894219,17179876133
17179894413,17179870416
17179894482,17179870575
17179894577,17179881999
17179894673,17179894673
17179895084,17179875232
17179895097,17179872054
17179895164,17179877631
17179895259,17179874649
17179895625,17179878209
17179896010,17179870170
17179896140,17179872932
17179896230,17179875693
17179896269,17179878600
17179896554,17179878697
17179896604,17179875118
17179896664,17179883996
17179896799,17179874673
17179896885,17179870757
17179896982,17179875659
17179897116,17179875901
17179897314,17179877696
17179897337,17179883580
17179897364,17179871651
17179897453,17179872935
17179897496,17179897496
17179897528,17179869678
17179897780,17179878899
17179898249,17179883968
17179898359,17179882250
17179898647,17179875031
17179898702,17179877812
17179899123,17179871605
17179899162,17179872803
17179899862,17179899862
17179900209,17179869998
17179900435,17179876170
17179900448,17179869717
17179900564,17179900564
17179900596,17179883571
17179901116,17179869214
17179901296,17179901296
17179901338,17179874958
17179901499,17179883240
17179901760,17179877639
17179901882,17179883279
17179902148,17179871029
17179902249,17179879178
17179902274,17179873939
17179902547,17179872387
17179869251,17179869251
17179869516,17179869516
17179869697,17179869697
17179869900,17179869900
17179869920,17179869920
17179869929,17179869929
17179869966,17179869702
17179870443,17179869578
17179870542,17179870360
17179870978,17179869826
17179871760,17179870881
17179871784,17179869272
17179871991,17179870313
17179872043,17179872043
17179872240,17179872240
17179872296,17179872296
17179872606,17179870036
17179872662,17179872524
17179872766,17179872766
17179872942,17179872942
17179873069,17179869381
17179873151,17179873151
17179873269,17179873269
17179873559,17179873559
17179873827,17179869811
17179873909,17179871207
17179874065,17179869770
17179874420,17179874420
17179874566,17179870737
17179874735,17179870173
17179874773,17179873959
17179874794,17179874238
17179874803,17179874803
17179874948,17179869226
17179875123,17179869511
17179875471,17179875471
17179875496,17179871705
17179875640,17179875640
17179875773,17179869423
17179875797,17179875797
17179875826,17179870358
17179876079,17179873162
17179876093,17179871112
17179876285,17179876116
17179876343,17179870805
17179876379,17179876379
17179876553,17179876553
17179876772,17179875672
17179876924,17179870408
17179877200,17179871076
17179877327,17179875533
17179877377,17179872077
17179877453,17179869262
17179877571,17179869423
17179877584,17179871054
17179877638,17179877638
17179877924,17179870035
17179878062,17179869448
17179878209,17179878209
17179878579,17179870993
17179878960,17179871518
17179879302,17179869709
17179879345,17179871926
17179879405,17179872401
17179879454,17179869453
17179880279,17179870601
17179880297,17179880297
17179881135,17179881135
17179881195,17179872559
17179881713,17179881713
17179881813,17179874402
17179881824,17179881824
17179882467,17179877973
17179882547,17179875421
17179882614,17179881071
17179882804,17179881143
17179882868,17179882868
17179883142,17179869423
17179883405,17179874564
17179883474,17179869715
17179883503,17179871886
17179883766,17179874459
17179883829,17179883829
17179884214,17179871063
17179884373,17179869907
17179884873,17179884873
17179885252,17179880479
17179885785,17179873032
17179885810,17179872383
17179885858,17179883332
17179886110,17179886110
17179886161,17179873623
17179886442,17179873796
17179886750,17179873058
17179887564,17179870988
17179887805,17179870818
17179887937,17179883579
17179888090,17179870999
17179888283,17179873927
17179888400,17179872939
17179888549,17179870575
17179888724,17179871233
17179888802,17179876669
17179889284,17179870737
17179889644,17179873218
17179889780,17179875600
17179889801,17179879098
17179890000,17179869701
17179890151,17179870609
17179890530,17179874248
17179890750,17179870999
17179890970,17179871681
17179891157,17179870818
17179892074,17179882232
17179892161,17179884535
17179892183,17179888776
17179892516,17179892516
17179892546,17179873991
17179892646,17179869348
17179892825,17179892825
17179892973,17179878051
17179892987,17179892987
17179893277,17179893277
17179893903,17179881003
17179894501,17179894501
17179895078,17179878772
17179895151,17179873277
17179895279,17179872113
17179895505,17179873090
17179895566,17179871437
17179895645,17179876493
17179895986,17179875034
17179896660,17179869912
17179896675,17179874205
17179896915,17179872441
17179897540,17179897540
17179897595,17179873255
17179898854,17179870257
17179898932,17179872403
17179898992,17179878004
17179899016,17179880611
17179899032,17179873551
17179899639,17179869208
17179899671,17179876387
17179899724,17179886143
17179899758,17179890052
17179899968,17179871558
17179900118,17179873133
17179900186,17179873520
17179900235,17179879494
17179900319,17179873254
17179900547,17179870381
17179900768,17179870670
17179900829,17179869256
17179900876,17179869358
17179900926,17179870289
17179901081,17179873902
17179901147,17179870695
17179901418,17179873378
17179901633,17179877075
17179901836,17179878633
17179901934,17179870532
17179902216,17179872630
17179869242,17179869242
17179869439,17179869439
17179869829,17179869829
17179869924,17179869924
17179870141,17179870141
17179870547,17179870545
17179870728,17179869285
17179870793,17179870736
17179870832,17179870832
17179870836,17179870836
17179870852,17179870145
17179870854,17179869615
17179870855,17179870855
17179871087,17179869996
17179871233,17179871233
17179871511,17179871511
17179871638,17179871638
17179871861,17179871861
17179872430,17179869665
17179872703,17179872703
17179872731,17179872731
17179873009,17179873009
17179873058,17179873058
17179873159,17179873159
17179873669,17179873087
17179873714,17179873714
17179873741,17179873741
17179874053,17179874053
17179874102,17179874102
17179874455,17179869755
17179874786,17179873639
17179874800,17179874800
17179874883,17179874883
17179874908,17179870384
17179875002,17179872806
17179875226,17179870025
17179875400,17179870085
17179875490,17179871573
17179875713,17179870120
17179875720,17179875720
17179875889,17179869441
17179875970,17179872308
17179876485,17179876485
17179876606,17179876606
17179876895,17179876895
17179877420,17179871322
17179878105,17179869893
17179878345,17179872324
17179878460,17179873029
17179878613,17179873793
17179878818,17179878818
17179878977,17179870683
17179879173,17179879173
17179879228,17179873735
17179879281,17179870233
17179879316,17179872131
17179879328,17179879328
17179879571,17179874526
17179879580,17179879580
17179880340,17179880340
17179880618,17179874670
17179880907,17179880907
17179880963,17179870405
17179881025,17179880102
17179881212,17179877639
17179881344,17179879093
17179881811,17179876231
17179881827,17179872104
17179881862,17179881862
17179882332,17179882332
17179882415,17179869649
17179882984,17179878987
17179883082,17179876101
17179883084,17179870914
17179883085,17179882905
17179883115,17179878725
17179883236,17179883236
17179883442,17179883442
17179883812,17179883812
17179883999,17179881439
17179884052,17179871698
17179884179,17179872784
17179884200,17179869824
17179884388,17179874799
17179884448,17179871053
17179884461,17179870809
17179884533,17179877105
17179884657,17179884657
17179884808,17179880067
17179885030,17179870252
17179885334,17179881225
17179885673,17179870658
17179885696,17179885696
17179886480,17179876679
17179886549,17179874946
17179886591,17179871951
17179886770,17179871558
17179886805,17179879600
17179887525,17179869630
17179887616,17179869440
17179887858,17179870409
17179888297,17179874434
17179888559,17179872574
17179888689,17179880426
17179888814,17179871820
17179888933,17179870858
17179889246,17179870406
17179889384,17179889384
17179889607,17179889607
17179889624,17179870199
17179890031,17179878734
17179890224,17179872220
17179890383,17179872985
17179890588,17179883959
17179890895,17179873366
17179891029,17179878844
17179891045,17179880076
17179891313,17179871041
17179891323,17179883586
17179891373,17179873781
17179891422,17179876991
17179891926,17179889974
17179891939,17179875354
17179891941,17179869369
17179892237,17179874821
17179892519,17179871769
17179892592,17179889475
17179892635,17179870234
17179893677,17179893677
17179894027,17179870856
17179894075,17179885105
17179894512,17179873476
17179894892,17179869192
17179895665,17179873676
17179895678,17179870469
17179895770,17179881848
17179895960,17179871978
17179896125,17179870267
17179896153,17179876578
17179896232,17179879744
17179896244,17179873808
17179896362,17179870057
17179896504,17179871895
17179896622,17179881935
17179896900,17179873269
17179896919,17179872747
17179896966,17179872464
17179896990,17179891790
17179897205,17179873062
17179897214,17179872996
17179897907,17179871766
17179897910,17179874876
17179898204,17179898204
17179898210,17179876827
17179898340,17179898340
17179898588,17179877127
17179898678,17179882705
17179898731,17179869213
17179899649,17179869430
17179899920,17179869431
17179899928,17179872774
17179899930,17179869192
17179899959,17179874805
17179900525,17179871172
17179900553,17179877403
17179900910,17179900910
17179901125,17179872953
17179901754,17179870384
17179901773,17179887121
17179901993,17179883146
17179902147,17179869893
17179902558,17179882063
17179869319,17179869319
17179869455,17179869455
17179869517,17179869201
17179869548,17179869504
17179869679,17179869679
17179869756,17179869756
17179870077,17179869926
17179870172,17179870172
17179870476,17179870476
17179870673,17179869484
17179870877,17179870877
17179871032,17179869343
17179871095,17179869580
17179871106,17179871106
17179871131,17179869731
17179871161,17179871125
17179871277,17179871277
17179871422,17179870498
17179871739,17179871739
17179871742,17179871346
17179871834,17179870186
17179871889,17179871889
17179871958,17179871569
17179872113,17179872113
17179872396,17179872396
17179872485,17179872485
17179872503,17179872503
17179872639,17179872639
17179872696,17179872696
17179872863,17179872863
17179873390,17179873390
17179873465,17179873465
17179873958,17179873399
17179874004,17179869728
17179874018,17179870381
17179874206,17179869303
17179874303,17179873690
17179874319,17179874319
17179874961,17179874882
17179875451,17179875451
17179875650,17179875650
17179876126,17179873061
17179876688,17179875324
17179876871,17179870912
17179876949,17179875987
17179877149,17179873893
17179877151,17179877151
17179877166,17179871780
17179877539,17179877539
17179877552,17179877552
17179877673,17179877673
17179877748,17179872200
17179877805,17179877805
17179878118,17179874366
17179878180,17179878180
17179878249,17179878249
17179878401,17179875378
17179878505,17179877168
17179879041,17179872536
17179879048,17179869716
17179879196,17179879196
17179879841,17179877906
17179879967,17179871820
17179879977,17179870054
17179880118,17179872104
17179880166,17179880166
17179880928,17179880928
17179881312,17179869969
17179881371,17179881371
17179881440,17179874356
17179881449,17179877636
17179881886,17179869458
17179882376,17179878620
17179882437,17179871496
17179882600,17179869522
17179883024,17179882232
17179883074,17179876165
17179883435,17179872426
17179883533,17179871130
17179883544,17179874829
17179883561,17179871404
17179883673,17179879624
17179883772,17179870284
17179883879,17179875084
17179884121,17179869968
17179884225,17179871502
17179885459,17179885459
17179885582,17179885582
17179885625,17179872829
17179885718,17179872716
17179886208,17179886208
17179886248,17179873090
17179886260,17179875165
17179886309,17179886309
17179886643,17179870273
17179886731,17179877472
17179886833,17179877636
17179886967,17179874360
17179887097,17179871923
17179887198,17179879130
17179887501,17179887501
17179887641,17179870933
17179887848,17179880375
17179888177,17179873169
17179888360,17179873879
17179888560,17179869637
17179888625,17179871986
17179888708,17179874857
17179888830,17179879658
17179889021,17179875971
17179889109,17179875809
17179889206,17179870059
17179889241,17179870718
17179889315,17179873109
17179889648,17179870990
17179890230,17179869201
17179890436,17179878600
17179890440,17179878939
17179890686,17179869875
17179890809,17179883488
17179890888,17179871900
17179891015,17179877422
17179891130,17179874815
17179891287,17179873022
17179891290,17179881258
17179891348,17179873400
17179891407,17179877686
17179891464,17179890052
17179891538,17179870015
17179891598,17179870206
17179891723,17179871059
17179891742,17179884667
17179892368,17179870485
17179892421,17179872509
17179892564,17179870102
17179892575,17179874650
17179892606,17179871904
17179892632,17179872395
17179893025,17179886545
17179893076,17179871502
17179893196,17179878987
17179893251,17179872340
17179893556,17179879374
17179893698,17179876596
17179893747,17179877255
17179893850,17179870985
17179894062,17179873603
17179894070,17179894070
17179894178,17179894178
17179894227,17179870001
17179894309,17179869455
17179894399,17179869500
17179894407,17179871737
17179894652,17179874336
17179894704,17179874360
17179895520,17179871400
17179895537,17179874369
17179895867,17179876596
17179895875,17179878449
17179896239,17179872978
17179896297,17179870328
17179896428,17179873346
17179896691,17179896691
17179896783,17179878406
17179896973,17179896973
17179897850,17179875517
17179898015,17179878840
17179898349,17179879336
17179898384,17179873129
17179898812,17179872614
17179898874,17179886540
17179899157,17179869716
17179899216,17179872245
17179899737,17179874129
17179899762,17179873336
17179899890,17179870772
17179900067,17179874684
17179900201,17179876663
17179900453,17179874742
17179900800,17179885391
17179900883,17179869534
17179901519,17179872424
17179902002,17179873123
17179902234,17179870455
17179902324,17179869955
17179902477,17179880485
17179902528,17179880649
17179869617,17179869617
17179869672,17179869672
17179869935,17179869935
17179870104,17179870104
17179870198,17179870198
17179870841,17179870841
17179870911,17179869262
17179870960,17179870093
17179871260,17179871260
17179871271,17179869240
17179871725,17179871725
17179872666,17179869880
17179873307,17179873307
17179873515,17179872004
17179873922,17179870867
17179874258,17179869831
17179874967,17179870020
17179875028,17179870092
17179875370,17179870098
17179875377,17179870000
17179875536,17179875536
17179875551,17179875551
17179875853,17179869412
17179875890,17179869297
17179876759,17179869670
17179876762,17179870931
17179876805,17179870709
17179876933,17179876933
17179877009,17179877009
17179877501,17179877501
17179877863,17179870915
17179877906,17179877906
17179878009,17179878009
17179878117,17179870655
17179878455,17179878455
17179878619,17179878619
17179878812,17179875029
17179878901,17179869900
17179879087,17179872482
17179879154,17179869625
17179879162,17179879162
17179879371,17179877255
17179879382,17179870885
17179879873,17179879873
17179880050,17179869716
17179880196,17179873294
17179880203,17179874755
17179880399,17179879541
17179880408,17179880408
17179881173,17179872474
17179881213,17179871233
17179881612,17179869616
17179882025,17179873387
17179882072,17179870400
17179882186,17179871139
17179882194,17179872508
17179882399,17179870430
17179882780,17179871588
17179882969,17179876451
17179883279,17179883279
17179883300,17179869852
17179883690,17179871128
17179883874,17179878376
17179883969,17179871491
17179884203,17179878436
17179884210,17179877994
17179884253,17179872784
17179884685,17179870023
17179884892,17179875561
17179885052,17179874952
17179885312,17179885312
17179885346,17179885346
17179885380,17179876841
17179885587,17179872245
17179885677,17179877122
17179885742,17179876966
17179885990,17179877490
17179886140,17179871808
17179886254,17179872487
17179886677,17179876624
17179886777,17179876537
17179886865,17179874929
17179886890,17179870611
17179886951,17179886951
17179887468,17179869413
17179887963,17179869535
17179888071,17179878753
17179888481,17179869627
17179888822,17179872787
17179889037,17179874666
17179889500,17179875990
17179889843,17179869220
17179889889,17179870507
17179889907,17179877980
17179889947,17179869519
17179890653,17179890653
17179890867,17179870214
17179891154,17179878246
17179891299,17179869580
17179891351,17179873233
17179891546,17179871241
17179891797,17179874119
17179892121,17179881380
17179892142,17179871159
17179892262,17179870973
17179892306,17179870737
17179892557,17179882858
17179892661,17179873159
17179892874,17179892874
17179893177,17179870324
17179893227,17179870580
17179893432,17179869285
17179894111,17179870331
17179894197,17179874305
17179894441,17179872019
17179894646,17179869620
17179895503,17179882019
17179896030,17179878980
17179896162,17179872062
17179896491,17179871418
17179897118,17179870900
17179897409,17179876515
17179897415,17179875533
17179897708,17179875325
17179897924,17179897924
17179898348,17179882925
17179898657,17179870506
17179899105,17179869336
17179899464,17179878054
17179899613,17179870899
17179899805,17179888821
17179899943,17179876992
17179900291,17179869475
17179900997,17179876056
17179901427,17179873945
17179901777,17179871826
17179901838,17179871689
17179901859,17179872915
17179901891,17179869649
17179902223,17179902223
17179902308,17179873462
17179902381,17179875807
17179869342,17179869342
17179869413,17179869413
17179869570,17179869570
17179869621,17179869621
17179869713,17179869713
17179869845,17179869845
17179870042,17179870042
17179870149,17179870149
17179870184,17179870184
17179870568,17179869230
17179870591,17179870591
17179870711,17179870711
17179871350,17179869619
17179871577,17179871577
17179871681,17179871681
17179871744,17179871744
17179871979,17179871599
17179872161,17179870425
17179872371,17179871465
17179872823,17179869669
17179872868,17179872099
17179873188,17179871417
17179873481,17179873481
17179873482,17179873482
17179873495,17179873495
17179873628,17179873628
17179874122,17179874122
17179874371,17179874371
17179874637,17179869646
17179874920,17179869982
17179875240,17179873946
17179875251,17179873681
17179875331,17179870243
17179875694,17179875694
17179875873,17179870110
17179876210,17179873775
17179876755,17179872756
17179876761,17179876761
17179877104,17179872525
17179877566,17179877566
17179878211,17179873480
17179878300,17179874073
17179878589,17179872614
17179878703,17179871127
17179878766,17179870590
17179879243,17179871027
17179879445,17179870585
17179879656,17179871658
17179879729,17179879729
17179879816,17179873706
17179879836,17179879836
17179880440,17179880440
17179880502,17179871023
17179880564,17179878474
17179880696,17179880696
17179880768,17179874412
17179880979,17179869715
17179881321,17179881321
17179881366,17179881366
17179881492,17179874588
17179881817,17179881817
17179881876,17179869483
17179881894,17179881894
17179881950,17179873539
17179882311,17179882311
17179882370,17179882370
17179882470,17179873400
17179882739,17179873241
17179882765,17179871440
17179883204,17179870733
17179883220,17179872419
17179883275,17179873714
17179883449,17179870979
17179883602,17179874990
17179883691,17179877428
17179884095,17179884095
17179884475,17179874105
17179884578,17179884578
17179884724,17179876423
17179884941,17179869926
17179885133,17179885133
17179885168,17179879980
17179885199,17179885199
17179885709,17179870893
17179885941,17179875073
17179886013,17179886013
17179886493,17179869855
17179886578,17179882667
17179887267,17179873370
17179887346,17179874482
17179887769,17179873565
17179887846,17179873679
17179888175,17179869899
17179888229,17179877040
17179888327,17179869967
17179888586,17179869482
17179888710,17179869411
17179888764,17179871926
17179888829,17179875799
17179889011,17179876830
17179889095,17179869801
17179889421,17179889421
17179889705,17179877402
17179889858,17179869777
17179890590,17179871452
17179890647,17179870619
17179890711,17179885537
17179891070,17179874829
17179891525,17179871754
17179891532,17179875904
17179891958,17179870656
17179892526,17179875299
17179892684,17179881366
17179892709,17179870714
17179892776,17179869458
17179892867,17179874528
17179893024,17179883825
17179893107,17179872561
17179893313,17179875596
17179893400,17179877371
17179894259,17179869922
17179894344,17179871064
17179894478,17179869423
17179894574,17179883959
17179894790,17179880080
17179894828,17179894828
17179894873,17179878785
17179895366,17179874586
17179895560,17179877176
17179895720,17179873520
17179895922,17179876654
17179896115,17179872178
17179896375,17179889381
17179896435,17179878337
17179896484,17179875459
17179896581,17179896581
17179896610,17179870015
17179896909,17179876235
17179896931,17179871640
17179896958,17179870480
17179896969,17179886183
17179896975,17179873967
17179897509,17179897509
17179897786,17179875672
17179897838,17179870098
17179897982,17179870716
17179898145,17179890158
17179898258,17179869533
17179898363,17179873703
17179898597,17179878027
17179898746,17179887175
17179899093,17179870315
17179899437,17179878649
17179900020,17179869702
17179900444,17179876220
17179901046,17179869336
17179901209,17179880866
17179901549,17179870484
17179901649,17179870647
17179901766,17179879989
17179901865,17179871080
17179902023,17179872449
17179902085,17179870833
17179869217,17179869217
17179869567,17179869567
17179869587,17179869587
17179869604,17179869604
17179870028,17179870028
17179870413,17179870413
17179870424,17179870424
17179870462,17179870280
17179870497,17179870497
17179870506,17179870506
17179870626,17179870626
17179870679,17179870269
17179871168,17179871168
17179871187,17179870480
17179871375,17179871375
17179871425,17179871425
17179871514,17179869511
17179871976,17179871976
17179872274,17179872274
17179872537,17179872537
17179873152,17179872630
17179873247,17179873247
17179873311,17179870157
17179873509,17179873509
17179873608,17179872680
17179873710,17179869508
17179873789,17179870907
17179873803,17179870315
17179873967,17179873967
17179873979,17179873979
17179874275,17179873162
17179874326,17179874326
17179875092,17179875092
17179875250,17179869253
17179875515,17179869875
17179875606,17179875606
17179875871,17179870191
17179876018,17179875238
17179876312,17179876312
17179876362,17179876362
17179876374,17179869320
17179876429,17179870610
17179876529,17179876529
17179876593,17179876271
17179876723,17179872934
17179876745,17179876745
17179876766,17179876766
17179877004,17179872409
17179877016,17179877016
17179877018,17179871489
17179877086,17179869821
17179877424,17179872356
17179877664,17179873205
17179877771,17179869616
17179877778,17179876878
17179878670,17179873057
17179878731,17179878731
17179878994,17179873362
17179879001,17179870765
17179879367,17179870455
17179879824,17179879824
17179880151,17179872159
17179880222,17179880222
17179880472,17179869511
17179880781,17179880647
17179881186,17179881186
17179881705,17179878281
17179881965,17179869343
17179882083,17179870120
17179882266,17179882266
17179882411,17179871600
17179882487,17179882487
17179882645,17179869649
17179882819,17179874983
17179882845,17179872733
17179882922,17179882922
17179882937,17179873432
17179883413,17179883413
17179883415,17179873110
17179883644,17179871491
17179883757,17179881201
17179883956,17179883956
17179883957,17179876830
17179884411,17179884411
17179884610,17179873677
17179884655,17179884655
17179885182,17179871392
17179885246,17179874729
17179885306,17179873647
17179885405,17179884992
17179885490,17179870372
17179885880,17179877919
17179885950,17179885950
17179886282,17179873309
17179886574,17179871449
17179887254,17179871518
17179887497,17179873315
17179887551,17179869329
17179887922,17179878303
17179888061,17179869697
17179888101,17179882692
17179888240,17179869203
17179888515,17179869902
17179888679,17179888679
17179888970,17179869608
17179888987,17179874159
17179889466,17179879300
17179889477,17179889477
17179889479,17179885811
17179889537,17179881276
17179889549,17179880356
17179889551,17179875446
17179889623,17179872469
17179889816,17179874391
17179889818,17179883044
17179889830,17179873092
17179890037,17179886396
17179890070,17179875191
17179890246,17179869940
17179890763,17179870424
17179890843,17179869441
17179891562,17179871483
17179891581,17179869423
17179891664,17179891664
17179891964,17179873125
17179892035,17179871814
17179892054,17179892054
17179892066,17179871590
17179892508,17179869940
17179892729,17179875507
17179892854,17179872441
17179892887,17179880272
17179892925,17179869381
17179893069,17179870932
17179893119,17179881933
17179893127,17179875126
17179893709,17179883366
17179894183,17179870392
17179894360,17179872508
17179894436,17179879837
17179894541,17179879853
17179894937,17179882559
17179895480,17179875419
17179895856,17179869435
17179896255,17179896255
17179896263,17179872899
17179896555,17179873995
17179896589,17179874883
17179896786,17179872303
17179897166,17179897166
17179897541,17179877233
17179897550,17179876013
17179897635,17179871523
17179897651,17179874394
17179897702,17179881424
17179898053,17179870131
17179898223,17179898223
17179898485,17179884539
17179898507,17179872296
17179898920,17179869544
17179899147,17179870104
17179899488,17179870902
17179899967,17179870448
17179900407,17179876921
17179900684,17179874172
17179901682,17179886627
17179902267,17179870579
17179869562,17179869562
17179870189,17179870189
17179870204,17179870204
17179870354,17179870202
17179870383,17179870383
17179870520,17179870520
17179870559,17179870559
17179870575,17179870575
17179870636,17179870636
17179870692,17179870692
17179871188,17179871188
17179871203,17179871203
17179871424,17179871424
17179871594,17179871594
17179871666,17179871666
17179871766,17179871766
17179871923,17179871923
17179872169,17179869610
17179872481,17179869703
17179872812,17179872812
17179872834,17179872601
17179872883,17179872883
17179873172,17179871977
17179873280,17179872756
17179873814,17179873814
17179873836,17179869861
17179874121,17179874121
17179874356,17179874356
17179874444,17179872072
17179874448,17179874448
17179874449,17179870817
17179874552,17179872670
17179874588,17179874588
17179874649,17179874649
17179874764,17179871732
17179875208,17179869925
17179875445,17179869186
17179875552,17179870985
17179875565,17179870666
17179876112,17179870257
17179876137,17179872440
17179876159,17179870280
17179876239,17179869463
17179876251,17179872378
17179876323,17179870686
17179876461,17179869197
17179876674,17179874469
17179877343,17179877343
17179877667,17179872397
17179878850,17179874621
17179878910,17179873617
17179878973,17179878973
17179879322,17179879322
17179879428,17179879428
17179879487,17179872826
17179879763,17179870645
17179880142,17179880142
17179880163,17179873864
17179880278,17179872950
17179880315,17179869410
17179880423,17179875881
17179880438,17179877973
17179880522,17179875642
17179880540,17179870257
17179880555,17179869447
17179880720,17179876915
17179880824,17179880824
17179881020,17179875851
17179881642,17179881642
17179881878,17179881878
17179882401,17179882401
17179882552,17179882552
17179882591,17179875694
17179882681,17179869530
17179882708,17179872644
17179882798,17179869566
17179883002,17179873698
17179883005,17179869661
17179883369,17179883369
17179883716,17179873305
17179883897,17179883897
17179884460,17179876724
17179885464,17179877796
17179885569,17179871138
17179885614,17179880353
17179885682,17179873526
17179885887,17179877952
17179885957,17179878995
17179886001,17179869198
17179886342,17179886342
17179886558,17179872200
17179886802,17179886802
17179887002,17179869634
17179887203,17179878655
17179887363,17179887363
17179887373,17179871222
17179887420,17179877486
17179887440,17179887440
17179887479,17179879040
17179887563,17179870406
17179888299,17179873310
17179888418,17179870851
17179888585,17179884882
17179888716,17179877648
17179888872,17179870770
17179889283,17179872352
17179889892,17179885402
17179890142,17179870478
17179891237,17179871125
17179891488,17179869328
17179891528,17179873765
17179891691,17179878114
17179891700,17179877887
17179891774,17179874743
17179892002,17179892002
17179892270,17179869528
17179892285,17179870853
17179892376,17179870041
17179892771,17179892084
17179892860,17179877950
17179893199,17179872745
17179893230,17179879753
17179893509,17179871431
17179894065,17179871734
17179894126,17179875324
17179894133,17179875816
17179894235,17179877603
17179894391,17179873636
17179894633,17179869365
17179894683,17179871570
17179895039,17179895039
17179895081,17179869208
17179895316,17179874053
17179895413,17179882471
17179895467,17179869233
17179895762,17179870405
17179895767,17179895767
17179895862,17179871125
17179896208,17179871473
17179896251,17179879147
17179896253,17179877887
17179896280,17179889569
17179896405,17179896405
17179896451,17179872796
17179896458,17179874035
17179896640,17179870487
17179896698,17179879133
17179897038,17179872128
17179897068,17179870101
17179897102,17179871144
17179897107,17179896887
17179897130,17179897130
17179897405,17179869362
17179897448,17179871034
17179898301,17179879657
17179899200,17179872979
17179899241,17179869591
17179899603,17179881358
17179899659,17179878651
17179899822,17179878200
17179899944,17179879837
17179900140,17179873340
17179900492,17179873946
17179900497,17179873310
17179900763,17179876327
17179900786,17179873712
17179900867,17179870893
17179901037,17179872474
17179901607,17179869567
17179902017,17179880511
17179902073,17179886183
17179902225,17179871180
17179902548,17179869886
17179869655,17179869655
17179869717,17179869717
17179869975,17179869557
17179870076,17179870076
17179870108,17179870108
17179870307,17179870257
17179870326,17179870326
17179870361,17179870361
17179870365,17179870365
17179870874,17179870874
17179871016,17179870015
17179871235,17179871235
17179871264,17179871264
17179871330,17179871330
17179871393,17179871393
17179871634,17179871634
17179871705,17179871705
17179871810,17179871810
17179871990,17179870074
17179872078,17179871730
17179872168,17179872168
17179872352,17179872352
17179872397,17179872397
17179872398,17179871857
17179873048,17179873048
17179873080,17179873080
17179873240,17179872422
17179873282,17179870324
17179873361,17179871523
17179873503,17179871125
17179873542,17179873542
17179873865,17179870372
17179874876,17179874876
17179875115,17179875115
17179875344,17179871836
17179875468,17179875468
17179876934,17179871981
17179877110,17179877110
17179877711,17179877711
17179877723,17179875134
17179877955,17179877955
17179877972,17179871400
17179878144,17179870430
17179878365,17179878365
17179878715,17179874040
17179878917,17179875451
17179879126,17179873977
17179879152,17179874396
17179879208,17179878544
17179879255,17179874288
17179879399,17179869780
17179879939,17179879939
17179879996,17179875844
17179880493,17179876533
17179880837,17179872665
17179881417,17179881417
17179881792,17179879308
17179881842,17179869376
17179881911,17179872679
17179882287,17179871410
17179882508,17179871028
17179882556,17179882556
17179882610,17179869534
17179883009,17179879508
17179883195,17179874185
17179883235,17179872098
17179883761,17179871715
17179883790,17179870352
17179884055,17179884055
17179885082,17179879443
17179885138,17179874559
17179885249,17179883388
17179885471,17179879315
17179885492,17179873250
17179885689,17179869284
17179885944,17179875581
17179886036,17179886036
17179886389,17179875533
17179886533,17179872937
17179886706,17179886706
17179886957,17179877010
17179886978,17179871227
17179887014,17179870948
17179887039,17179869186
17179887255,17179887255
17179887257,17179871170
17179887313,17179872243
17179887491,17179869263
17179887996,17179887996
17179888020,17179878926
17179888041,17179870927
17179888095,17179871375
17179888161,17179870724
17179888459,17179874371
17179888666,17179870272
17179888955,17179869919
17179889158,17179872349
17179889291,17179875473
17179889463,17179877277
17179889908,17179871943
17179890094,17179870003
17179890581,17179890581
17179891137,17179873365
17179891163,17179891163
17179891246,17179869285
17179891385,17179872876
17179891410,17179878581
17179891694,17179872072
17179891800,17179875115
17179892399,17179872981
17179892550,17179885583
17179892666,17179872887
17179892841,17179870065
17179893044,17179875644
17179893174,17179869619
17179894294,17179871400
17179894531,17179875992
17179894956,17179869715
17179895108,17179869992
17179895198,17179889475
17179895325,17179869270
17179895515,17179876380
17179895769,17179874450
17179895833,17179878522
17179895928,17179895928
17179896480,17179870826
17179896630,17179896630
17179896729,17179896729
17179896962,17179873007
17179897439,17179889362
17179898014,17179870931
17179898146,17179870000
17179898621,17179871024
17179898720,17179898720
17179899080,17179870947
17179899115,17179869367
17179899264,17179870586
17179900165,17179891888
17179900197,17179873431
17179900317,17179878879
17179900624,17179884080
17179900712,17179879190
17179900780,17179873413
17179900802,17179869834
17179901025,17179870707
17179901230,17179882081
17179901257,17179872335
17179901356,17179879980
17179901534,17179879197
17179901634,17179874446
17179901796,17179872411
17179902083,17179870441
17179902184,17179870595
17179902580,17179876341
17179902605,17179902605
17179869366,17179869366
17179869814,17179869814
17179869921,17179869579
17179869978,17179869898
17179869984,17179869984
17179870544,17179870330
17179870739,17179870405
17179871010,17179870388
17179871049,17179870273
17179871381,17179871381
17179871557,17179870740
17179871637,17179871637
17179872000,17179872000
17179872101,17179872101
17179872125,17179872125
17179872185,17179869625
17179872527,17179872527
17179872556,17179870742
17179872724,17179872446
17179872754,17179872754
17179873003,17179873003
17179873339,17179869626
17179873487,17179873487
17179873548,17179873548
17179873623,17179873623
17179873748,17179873748
17179873888,17179869989
17179874049,17179874049
17179874217,17179874217
17179874362,17179870368
17179874409,17179869227
17179874486,17179872928
17179874850,17179870816
17179875125,17179870423
17179875178,17179875178
17179875520,17179870211
17179875726,17179875726
17179875922,17179870875
17179875950,17179875950
17179876235,17179876235
17179876327,17179876327
17179876382,17179876382
17179877089,17179869649
17179877321,17179871372
17179877446,17179872332
17179877523,17179873003
17179877615,17179870288
17179877696,17179877696
17179877705,17179872422
17179878154,17179870576
17179878307,17179872463
17179878478,17179870692
17179878508,17179878508
17179878596,17179871179
17179879140,17179878318
17179879630,17179873826
17179880216,17179877913
17179880275,17179880275
17179880809,17179875135
17179881539,17179880222
17179881774,17179872361
17179882184,17179877179
17179882386,17179882386
17179883144,17179873326
17179883309,17179872405
17179883667,17179869434
17179883764,17179883764
17179884359,17179876711
17179884450,17179874026
17179884611,17179872534
17179884748,17179869543
17179884762,17179884762
17179884886,17179870847
17179884970,17179869989
17179885112,17179869304
17179885383,17179880263
17179885554,17179869864
17179885657,17179870932
17179885851,17179874336
17179886270,17179869756
17179886446,17179884492
17179886698,17179886698
17179886882,17179870752
17179886945,17179871525
17179887178,17179887178
17179887193,17179873452
17179888339,17179876184
17179888506,17179888506
17179888733,17179888733
17179888753,17179871933
17179889081,17179869950
17179889330,17179872672
17179889396,17179875950
17179889557,17179869649
17179889748,17179869625
17179890058,17179870244
17179891914,17179876578
17179892510,17179892510
17179892685,17179879653
17179892811,17179875662
17179892965,17179870421
17179893005,17179893005
17179893006,17179874901
17179893054,17179875571
17179893666,17179869909
17179894091,17179870110
17179894311,17179873558
17179894589,17179870534
17179894621,17179870451
17179894824,17179875597
17179894853,17179869927
17179894904,17179874882
17179895347,17179869288
17179895441,17179878689
17179895563,17179872994
17179895866,17179869715
17179895931,17179895931
17179896119,17179883150
17179896635,17179873153
17179896646,17179871645
17179896740,17179871053
17179897026,17179870979
17179897413,17179870740
17179897809,17179877648
17179898124,17179886306
17179898547,17179869661
17179898777,17179869487
17179898962,17179873605
17179899041,17179882762
17179899287,17179876292
17179899505,17179880988
17179899814,17179874336
17179899838,17179869646
17179900064,17179879732
17179900103,17179872265
17179900623,17179870143
17179900633,17179900633
17179900652,17179877642
17179900858,17179872953
17179901698,17179886681
17179901744,17179876669
17179901772,17179891727
17179901869,17179872716
17179901972,17179869412
17179902054,17179902054
17179902127,17179876981
17179902424,17179900705
17179902452,17179876099
17179869442,17179869442
17179870233,17179870233
17179870319,17179870319
17179870399,17179869447
17179870657,17179869491
17179870662,17179870662
17179870939,17179870939
17179871056,17179871056
17179871066,17179871066
17179871415,17179869845
17179871467,17179871467
17179871493,17179871493
17179871684,17179869716
17179871999,17179871300
17179872095,17179872095
17179872151,17179871334
17179872311,17179872043
17179872373,17179870114
17179872475,17179872475
17179872688,17179869654
17179872716,17179872716
17179873149,17179869188
17179873299,17179873299
17179873420,17179873420
17179873785,17179873486
17179873813,17179873813
17179873868,17179873868
17179873926,17179871997
17179874226,17179874226
17179874563,17179870650
17179874985,17179870017
17179875234,17179873498
17179875255,17179875255
17179875299,17179875299
17179875342,17179870936
17179875413,17179875413
17179875420,17179871113
17179875486,17179872784
17179875794,17179875794
17179875812,17179875812
17179875986,17179874429
17179876170,17179876170
17179876473,17179876473
17179876477,17179871613
17179876757,17179871598
17179876807,17179873169
17179877092,17179869732
17179877267,17179872021
17179877428,17179877428
17179877785,17179876529
17179877831,17179869623
17179877949,17179870818
17179877986,17179877830
17179878385,17179878385
17179878659,17179873245
17179879007,17179869713
17179880219,17179869369
17179880343,17179878773
17179880481,17179870247
17179881192,17179870423
17179881380,17179881380
17179881390,17179878722
17179881869,17179876111
17179881926,17179881926
17179882057,17179875419
17179883118,17179872064
17179883130,17179872826
17179883193,17179882406
17179883806,17179883806
17179883935,17179870409
17179884150,17179875275
17179884295,17179878614
17179884340,17179884340
17179884731,17179873516
17179884734,17179878860
17179884878,17179874933
17179884895,17179884895
17179884936,17179870584
17179885022,17179873879
17179885106,17179869860
17179885285,17179870614
17179885400,17179880069
17179885409,17179875991
17179885450,17179871954
17179886136,17179886136
17179886351,17179883536
17179886775,17179877063
17179887140,17179871547
17179887261,17179881935
17179887282,17179887282
17179887498,17179871141
17179887579,17179870650
17179887652,17179871143
17179887755,17179873431
17179887915,17179879717
17179888336,17179872612
17179888395,17179870162
17179888433,17179873580
17179888803,17179877928
17179889194,17179869875
17179889239,17179870408
17179889429,17179873010
17179889539,17179875166
17179889637,17179870423
17179889817,17179877561
17179889989,17179873079
17179890268,17179890268
17179890525,17179878606
17179890661,17179869883
17179890832,17179873309
17179890994,17179873336
17179891229,17179879857
17179891453,17179881401
17179891696,17179891696
17179891815,17179871153
17179892100,17179870966
17179892244,17179892244
17179892604,17179878200
17179892875,17179887440
17179892911,17179870405
17179892939,17179879650
17179892972,17179870682
17179892989,17179871545
17179893109,17179893109
17179893235,17179874451
17179893446,17179893446
17179893512,17179874040
17179893599,17179893599
17179893696,17179882250
17179893705,17179873641
17179893710,17179893710
17179893741,17179874875
17179894220,17179877237
17179894411,17179874050
17179894456,17179877256
17179894590,17179875640
17179894598,17179871195
17179895304,17179869400
17179895484,17179870576
17179895576,17179870023
17179895655,17179873432
17179895717,17179874126
17179895804,17179870122
17179896061,17179871044
17179896402,17179894212
17179896671,17179875269
17179896818,17179896818
17179897124,17179869392
17179897229,17179897229
17179897324,17179870480
17179897373,17179878096
17179897463,17179871440
17179897591,17179869486
17179897668,17179871922
17179897928,17179869702
17179898023,17179870840
17179898287,17179898287
17179898601,17179870861
17179899002,17179899002
17179899461,17179871197
17179899501,17179871883
17179899566,17179870714
17179899621,17179899621
17179899739,17179869475
17179899858,17179869458
17179900288,17179875294
17179900303,17179869518
17179900350,17179872064
17179900436,17179872397
17179900511,17179875112
17179900704,17179874115
17179900909,17179871265
17179901198,17179869583
17179901383,17179886006
17179901520,17179872574
17179901592,17179883536
17179901757,17179872233
17179901918,17179893206
17179901951,17179873794
17179902003,17179870944
17179902028,17179875138
17179902040,17179874930
17179902041,17179872648
17179902103,17179871629
17179902437,17179872518
17179902569,17179869580
17179869278,17179869278
17179869514,17179869514
17179869852,17179869852
17179869991,17179869991
17179870082,17179869619
17179870113,17179869544
17179870461,17179870461
17179870813,17179869556
17179870891,17179870891
17179871100,17179871100
17179871372,17179871372
17179871791,17179871791
17179872048,17179872048
17179872490,17179869241
17179873006,17179869412
17179873044,17179873044
17179873302,17179869386
17179873556,17179871424
17179873784,17179873784
17179873852,17179873852
17179873869,17179873869
17179874209,17179874209
17179874512,17179873378
17179874643,17179874643
17179874823,17179874823
17179874853,17179871125
17179875193,17179871707
17179875371,17179875371
17179875437,17179872754
17179875609,17179872943
17179875781,17179875781
17179876001,17179869434
17179876400,17179872988
17179876491,17179869598
17179876512,17179869715
17179876810,17179876541
17179876834,17179876537
17179877034,17179875731
17179877196,17179869940
17179877262,17179870133
17179877297,17179869280
17179877300,17179877300
17179877750,17179870829
17179877947,17179874513
17179877999,17179869508
17179878084,17179871630
17179878148,17179878148
17179878188,17179869186
17179878396,17179875625
17179878770,17179878770
17179879100,17179874431
17179879711,17179870170
17179879751,17179870162
17179879865,17179871659
17179880053,17179878340
17179880280,17179880280
17179880401,17179873652
17179880417,17179872030
17179880449,17179880449
17179880460,17179874229
17179880478,17179870026
17179880529,17179880529
17179880658,17179873484
17179880763,17179870724
17179881006,17179881006
17179881227,17179872148
17179881506,17179881506
17179881686,17179869467
17179881758,17179872101
17179881993,17179875062
17179882291,17179882291
17179882384,17179877987
17179883293,17179883293
17179883325,17179869844
17179883571,17179883571
17179883698,17179874896
17179883775,17179880529
17179883868,17179870324
17179884263,17179884263
17179884348,17179871280
17179884483,17179884483
17179884499,17179871723
17179884689,17179869562
17179884840,17179884840
17179884888,17179874348
17179884943,17179870799
17179885159,17179875902
17179885180,17179880615
17179885388,17179870289
17179885396,17179869860
17179885578,17179885578
17179885678,17179883238
17179885690,17179877168
17179886229,17179871776
17179886478,17179874269
17179886831,17179880222
17179886859,17179884566
17179886863,17179869858
17179886896,17179869950
17179886941,17179870129
17179887365,17179872081
17179887543,17179872768
17179887559,17179869614
17179887606,17179869450
17179887936,17179887936
17179888114,17179875756
17179888242,17179869465
17179888461,17179871700
17179888702,17179882311
17179888775,17179875134
17179889098,17179883571
17179889289,17179878209
17179889296,17179871610
17179889329,17179889329
17179889357,17179882351
17179889406,17179875662
17179889424,17179877774
17179889633,17179870071
17179889635,17179881152
17179889952,17179871875
17179889975,17179882217
17179890335,17179869206
17179890635,17179890635
17179890729,17179880349
17179890769,17179881144
17179890842,17179874829
17179890986,17179869306
17179891079,17179870092
17179891138,17179869356
17179891187,17179870740
17179891206,17179875854
17179891516,17179871651
17179891980,17179891980
17179892110,17179877444
17179892126,17179872325
17179892576,17179869518
17179892810,17179882597
17179892845,17179879857
17179892891,17179872038
17179892924,17179870580
17179892957,17179869419
17179893028,17179886419
17179893482,17179878367
17179893984,17179873756
17179894284,17179878865
17179894878,17179869826
17179895019,17179895019
17179895204,17179872293
17179895502,17179876122
17179895512,17179895512
17179895765,17179874417
17179895927,17179869625
17179896327,17179870352
17179896445,17179872632
17179896708,17179869423
17179897174,17179874932
17179897427,17179872144
17179897695,17179875961
17179897840,17179870000
17179897853,17179897853
17179897925,17179869710
17179898125,17179876431
17179898165,17179880765
17179898393,17179872985
17179898609,17179875659
17179898762,17179877724
17179898794,17179869328
17179898904,17179870203
17179899068,17179871126
17179899163,17179872023
17179899365,17179869207
17179899583,17179876249
17179899684,17179874121
17179899907,17179869544
17179900090,17179900090
17179900263,17179871112
17179900702,17179870219
17179900707,17179878840
17179900836,17179879113
17179900875,17179869421
17179901095,17179870805
17179901161,17179870572
17179901184,17179880088
17179901203,17179901203
17179901297,17179869623
17179901596,17179873703
17179901828,17179879079
17179901984,17179872586
17179902164,17179875790
17179902396,17179870249
17179902471,17179869533
17179869209,17179869209
17179869271,17179869271
17179869363,17179869363
17179869804,17179869804
17179870026,17179870026
17179870459,17179870459
17179870562,17179870319
17179870819,17179870819
17179871148,17179871148
17179871402,17179871402
17179871584,17179869370
17179871953,17179871953
17179872409,17179872409
17179873271,17179873271
17179873428,17179873428
17179873466,17179871745
17179873720,17179870038
17179873861,17179869453
17179873907,17179873907
17179874008,17179870051
17179874436,17179874436
17179874867,17179870436
17179874921,17179874921
17179875040,17179872712
17179875150,17179875150
17179875207,17179875207
17179875591,17179875591
17179875617,17179870297
17179875635,17179875635
17179875822,17179869935
17179875843,17179873563
17179876115,17179871552
17179876391,17179869649
17179876448,17179876448
17179876595,17179869292
17179876697,17179870814
17179876991,17179876991
17179877074,17179877074
17179877308,17179869284
17179877713,17179871466
17179877780,17179869723
17179878011,17179869880
17179878016,17179878016
17179878329,17179878329
17179878641,17179877000
17179878794,17179871099
17179879038,17179873812
17179879053,17179875809
17179879211,17179873420
17179879299,17179873423
17179879319,17179872956
17179879510,17179870853
17179879734,17179879734
17179879813,17179874141
17179880382,17179871263
17179880756,17179880756
17179880866,17179880866
17179880867,17179875111
17179880873,17179877879
17179881068,17179878140
17179881285,17179878899
17179881418,17179871080
17179881630,17179869994
17179881657,17179875088
17179881855,17179881855
17179881887,17179870805
17179881944,17179880945
17179882345,17179872213
17179882351,17179882351
17179882502,17179874689
17179882568,17179872747
17179882989,17179871130
17179883184,17179869458
17179883328,17179871192
17179883346,17179869197
17179883670,17179876394
17179884197,17179872413
17179884312,17179875672
17179884318,17179869396
17179884456,17179884456
17179884708,17179884708
17179884737,17179870982
17179884825,17179878807
17179884957,17179869698
17179885234,17179873008
17179885369,17179872885
17179885398,17179883099
17179885513,17179869391
17179885553,17179878797
17179885983,17179879753
17179886249,17179877641
17179886460,17179882689
17179886759,17179882795
17179886875,17179873134
17179887355,17179887355
17179887531,17179875895
17179887672,17179881567
17179887707,17179871679
17179887772,17179875785
17179887842,17179887842
17179887890,17179887890
17179888024,17179874707
17179888642,17179871406
17179888833,17179874665
17179888926,17179873856
17179889009,17179872843
17179889033,17179871321
17179889271,17179874306
17179889523,17179879494
17179890083,17179871715
17179890171,17179869826
17179890214,17179871812
17179890962,17179875135
17179890988,17179869649
17179891054,17179876170
17179891075,17179874068
17179891639,17179872252
17179891778,17179884081
17179891799,17179874389
17179891850,17179869275
17179892111,17179871233
17179892119,17179878781
17179892282,17179873174
17179892779,17179892779
17179892966,17179879826
17179893047,17179893047
17179893225,17179874278
17179893485,17179870020
17179893720,17179876133
17179893864,17179893864
17179894015,17179869824
17179894357,17179872444
17179894395,17179879304
17179894418,17179894418
17179894613,17179873168
17179894722,17179884906
17179894826,17179869311
17179894860,17179870210
17179894997,17179871574
17179895270,17179872680
17179895521,17179871351
17179895908,17179870754
17179896311,17179875062
17179896513,17179896513
17179896672,17179869374
17179896923,17179896923
17179897699,17179882058
17179897977,17179871180
17179898009,17179872060
17179898182,17179885537
17179898388,17179870440
17179899154,17179877110
17179899332,17179871212
17179899412,17179872690
17179899428,17179872270
17179899714,17179878552
17179900210,17179871559
17179900276,17179870505
17179900541,17179880615
17179900612,17179872394
17179900643,17179869391
17179900906,17179870383
17179901223,17179901223
17179901392,17179870580
17179901491,17179872886
17179901647,17179876145
17179902434,17179871795
17179902458,17179875261
17179869235,17179869235
17179869379,17179869379
17179870316,17179870316
17179870619,17179870619
17179870872,17179870872
17179870938,17179870938
17179871039,17179871039
17179871059,17179871059
17179871437,17179871437
17179871728,17179871728
17179871756,17179871756
17179871769,17179871769
17179872165,17179872165
17179872469,17179872469
17179873012,17179873012
17179873131,17179873131
17179873256,17179873256
17179873502,17179873502
17179873574,17179873574
17179873646,17179871776
17179873878,17179870054
17179874075,17179874075
17179874078,17179874078
17179874184,17179870051
17179874208,17179872565
17179874361,17179870272
17179874404,17179870193
17179875203,17179875203
17179875384,17179875364
17179875462,17179875462
17179875677,17179871153
17179875983,17179873525
17179875993,17179874159
17179875996,17179873974
17179876081,17179872018
17179876503,17179870678
17179876627,17179876627
17179876707,17179873265
17179876793,17179871230
17179876813,17179872286
17179877165,17179870646
17179877336,17179877336
17179877560,17179871274
17179877633,17179877633
17179877725,17179877725
17179878175,17179874743
17179878194,17179878194
17179878199,17179878199
17179878469,17179878200
17179878767,17179869630
17179878891,17179871455
17179879033,17179879033
17179879074,17179879033
17179879331,17179879331
17179879590,17179872819
17179879674,17179879674
17179879788,17179873088
17179879795,17179874930
17179880194,17179869470
17179880748,17179870288
17179881018,17179880931
17179881486,17179874982
17179882026,17179878447
17179882040,17179874115
17179882393,17179870950
17179882398,17179872860
17179882405,17179882405
17179882557,17179869459
17179883161,17179870022
17179883370,17179869829
17179883464,17179869926
17179883523,17179870321
17179883627,17179870233
17179883982,17179877035
17179884642,17179876778
17179884829,17179876415
17179884871,17179880375
17179885419,17179870207
17179885615,17179870626
17179885631,17179885631
17179886849,17179882383
17179887530,17179882383
17179887627,17179874087
17179887765,17179871759
17179887774,17179882230
17179887780,17179870918
17179888078,17179888078
17179888230,17179873765
17179888655,17179875667
17179888798,17179876868
17179888834,17179869649
17179888956,17179872630
17179889193,17179877580
17179889252,17179870970
17179889692,17179876569
17179889695,17179875904
17179889725,17179884457
17179889884,17179871028
17179889929,17179881250
17179890016,17179872103
17179890204,17179874673
17179890222,17179871827
17179890677,17179879290
17179890759,17179889535
17179890789,17179877035
17179890801,17179869423
17179890848,17179885939
17179890995,17179875337
17179891687,17179877414
17179891721,17179871733
17179891795,17179871405
17179891877,17179876178
17179891934,17179870302
17179892132,17179869649
17179892171,17179871139
17179892667,17179883488
17179892732,17179882892
17179893156,17179872888
17179893172,17179882406
17179893216,17179874616
17179893291,17179878058
17179893379,17179871039
17179893777,17179870120
17179893803,17179893803
17179894059,17179878409
17179894307,17179869186
17179894394,17179869216
17179894450,17179872276
17179894784,17179871926
17179895046,17179871917
17179895123,17179871733
17179895150,17179872137
17179895294,17179883674
17179895351,17179873925
17179895358,17179873580
17179895403,17179869875
17179895420,17179872680
17179895517,17179869919
17179895526,17179878318
17179895564,17179895564
17179895674,17179869673
17179895848,17179873507
17179896001,17179875004
17179896183,17179870289
17179896575,17179874412
17179896757,17179874286
17179897004,17179871912
17179897442,17179897442
17179898510,17179875846
17179898529,17179885893
17179898898,17179869423
17179898960,17179871421
17179899070,17179871588
17179899346,17179869386
17179899396,17179869965
17179899403,17179873117
17179899481,17179874203
17179899799,17179888471
17179899850,17179877919
17179899926,17179899926
17179900242,17179869719
17179900410,17179880162
17179900771,17179870040
17179900892,17179871717
17179900975,17179869823
17179901165,17179882892
17179901269,17179874670
17179901479,17179881872
17179901731,17179870859
17179901878,17179879734
17179902033,17179880377
17179902091,17179870296
17179902209,17179869545
17179902322,17179872033
17179902627,17179872281
17179869185,17179869185
17179869408,17179869408
17179869443,17179869434
17179869729,17179869729
17179869794,17179869794
17179870068,17179870068
17179870100,17179870100
17179870145,17179870145
17179870153,17179870153
17179870554,17179870554
17179870853,17179870853
17179870998,17179870998
17179871383,17179871383
17179871669,17179869248
17179872096,17179870296
17179872132,17179872132
17179872369,17179871467
17179872612,17179872612
17179873480,17179873480
17179874033,17179869484
17179874414,17179871914
17179874529,17179874529
17179874835,17179874835
17179874872,17179869727
17179875107,17179873860
17179875351,17179871497
17179875934,17179875934
17179876058,17179874278
17179877052,17179871086
17179877436,17179871029
17179877506,17179874758
17179877621,17179876177
17179878294,17179878294
17179878559,17179876702
17179878858,17179871629
17179879028,17179871112
17179879358,17179870576
17179879787,17179876298
17179879914,17179875198
17179880473,17179871473
17179880612,17179873235
17179880668,17179880668
17179881083,17179872820
17179881471,17179875325
17179881516,17179872321
17179881551,17179872942
17179882109,17179882109
17179882574,17179869629
17179882697,17179877968
17179882897,17179875576
17179882947,17179870000
17179883043,17179881936
17179883380,17179876223
17179884092,17179884092
17179884176,17179881066
17179884206,17179870888
17179884430,17179873726
17179884619,17179877673
17179884794,17179884794
17179884853,17179872246
17179885374,17179874154
17179885730,17179883579
17179885814,17179877357
17179885830,17179877673
17179886002,17179869974
17179886080,17179886080
17179886230,17179885582
17179886284,17179882148
17179886299,17179874605
17179886437,17179882689
17179886608,17179881817
17179886665,17179874602
17179886844,17179871663
17179887080,17179869412
17179887144,17179876211
17179887356,17179873291
17179887424,17179873346
17179887463,17179875167
17179887605,17179874319
17179888007,17179879729
17179888009,17179882311
17179888670,17179870308
17179889077,17179881006
17179889257,17179880442
17179889436,17179869462
17179889597,17179869678
17179889598,17179871142
17179889697,17179876211
17179889746,17179875904
17179889967,17179869386
17179890217,17179870273
17179890633,17179878773
17179890715,17179876732
17179891458,17179873174
17179891978,17179876029
17179892098,17179878116
17179892300,17179869338
17179892502,17179874822
17179892691,17179872998
17179892738,17179883361
17179892758,17179870650
17179892833,17179879735
17179892858,17179882466
17179893106,17179869328
17179893212,17179869271
17179893242,17179872692
17179893371,17179885313
17179893604,17179876895
17179893630,17179869715
17179894061,17179894061
17179894273,17179869389
17179894414,17179879832
17179894803,17179883369
17179895886,17179869625
17179895907,17179895907
17179896395,17179874815
17179896806,17179878599
17179897109,17179871273
17179897354,17179877191
17179897534,17179874643
17179897753,17179879667
17179897766,17179881573
17179898042,17179869340
17179898346,17179869354
17179898839,17179871386
17179898900,17179869715
17179899027,17179874178
17179899204,17179870486
17179899242,17179869340
17179899324,17179889381
17179899398,17179882466
17179899409,17179878839
17179899744,17179883283
17179899747,17179873155
17179899895,17179878689
17179900007,17179900007
17179900659,17179875095
17179900740,17179875148
17179900819,17179875294
17179900916,17179869392
17179901047,17179877919
17179901932,17179869553
17179901941,17179873557
17179902190,17179874535
17179902226,17179872692
17179902315,17179869710
17179902507,17179870243
17179869214,17179869214
17179869299,17179869299
17179869351,17179869351
17179869456,17179869456
17179869597,17179869597
17179869712,17179869712
17179869820,17179869820
17179869987,17179869938
17179870039,17179869868
17179870091,17179870091
17179870675,17179870675
17179871053,17179871053
17179871842,17179871842
17179871859,17179869465
17179871954,17179871954
17179872025,17179872025
17179872112,17179872112
17179872134,17179872134
17179872217,17179870977
17179872265,17179872265
17179872321,17179872321
17179872952,17179871543
17179874064,17179874064
17179874263,17179869189
17179874269,17179874269
17179874273,17179874273
17179874585,17179874585
17179874654,17179869713
17179874731,17179869187
17179874858,17179872098
17179874916,17179873147
17179874978,17179872541
17179875164,17179873927
17179875238,17179875238
17179875594,17179873147
17179875733,17179873159
17179875918,17179872726
17179876009,17179873690
17179876163,17179869212
17179876284,17179869752
17179876460,17179876460
17179876687,17179872622
17179877062,17179877062
17179877174,17179877174
17179877239,17179873915
17179877357,17179877357
17179877406,17179877406
17179877597,17179876224
17179877841,17179869741
17179878026,17179871871
17179878034,17179878034
17179878090,17179870944
17179878157,17179878157
17179878225,17179877068
17179878525,17179870029
17179878798,17179878798
17179878904,17179876072
17179879482,17179872273
17179879581,17179874217
17179879952,17179871804
17179880096,17179872529
17179880252,17179876613
17179880361,17179871065
17179880403,17179869715
17179880865,17179877142
17179881004,17179877985
17179881154,17179872397
17179881851,17179870908
17179882006,17179869327
17179882045,17179873850
17179882129,17179873932
17179882363,17179882363
17179882903,17179872411
17179883089,17179873418
17179883093,17179870743
17179883599,17179876527
17179883637,17179871570
17179883677,17179874821
17179883796,17179871113
17179883824,17179869851
17179883992,17179877458
17179884106,17179874255
17179884198,17179876948
17179884205,17179872954
17179884252,17179882132
17179884277,17179879429
17179884317,17179872112
17179884479,17179880937
17179884511,17179884511
17179884565,17179872391
17179884764,17179878791
17179884884,17179873698
17179884912,17179871733
17179885301,17179871947
17179885425,17179870959
17179885539,17179869858
17179885563,17179869783
17179885729,17179869623
17179885904,17179871633
17179886144,17179876529
17179886561,17179869544
17179886610,17179871408
17179886689,17179871574
17179886694,17179871548
17179886754,17179870897
17179887066,17179871604
17179887248,17179887248
17179887326,17179872118
17179887382,17179872449
17179887435,17179879355
17179887558,17179874287
17179887702,17179873413
17179887736,17179878755
17179887826,17179869969
17179887925,17179874693
17179888326,17179871491
17179888338,17179887008
17179889027,17179870123
17179889063,17179874722
17179889256,17179871209
17179889955,17179871531
17179890003,17179872081
17179890038,17179890038
17179890066,17179870993
17179890158,17179890158
17179890175,17179890175
17179890308,17179886649
17179890338,17179876526
17179890685,17179870348
17179890859,17179872761
17179891168,17179873062
17179891326,17179869456
17179891370,17179870645
17179891624,17179872296
17179891738,17179870675
17179891754,17179871738
17179891995,17179871227
17179892194,17179871233
17179892716,17179871908
17179893402,17179880175
17179893835,17179873226
17179894345,17179883221
17179894521,17179869646
17179894571,17179883929
17179894837,17179876463
17179895155,17179874812
17179895176,17179869434
17179895603,17179869500
17179895792,17179881933
17179895832,17179869539
17179895877,17179870326
17179896116,17179869319
17179896518,17179880488
17179896548,17179878722
17179896761,17179869709
17179896769,17179896769
17179896927,17179874241
17179897167,17179870034
17179897394,17179897394
17179897608,17179879245
17179897652,17179869650
17179897693,17179870948
17179897788,17179875514
17179897948,17179869625
17179898062,17179873742
17179898698,17179871423
17179898768,17179869525
17179898793,17179875198
17179898847,17179870414
17179898885,17179879597
17179899261,17179871513
17179899315,17179869890
17179899402,17179869547
17179899413,17179869200
17179899497,17179875064
17179899657,17179873421
17179899976,17179879178
17179900439,17179871024
17179900777,17179884882
17179900933,17179900933
17179900943,17179870177
17179901080,17179874191
17179901082,17179882314
17179901185,17179888891
17179901312,17179869989
17179901407,17179870947
17179901454,17179872966
17179901697,17179873389
17179901728,17179870765
17179901910,17179869940
17179902045,17179872060
17179869875,17179869875
17179870103,17179870103
17179870161,17179870161
17179870240,17179870240
17179870321,17179870321
17179870523,17179870523
17179870611,17179870611
17179870921,17179870921
17179871163,17179869721
17179871962,17179871962
17179871995,17179871995
17179872262,17179872262
17179872381,17179872381
17179872554,17179872554
17179872979,17179872979
17179873005,17179871464
17179873251,17179869604
17179873547,17179870173
17179873826,17179873826
17179874116,17179869950
17179874557,17179871971
17179874970,17179872954
17179875249,17179875249
17179875514,17179875514
17179875791,17179875791
17179875816,17179875816
17179875967,17179875967
17179876041,17179870522
17179876326,17179869737
17179876663,17179876663
17179877108,17179877108
17179877119,17179871039
17179877197,17179869416
17179877403,17179877403
17179877529,17179871757
17179877600,17179873508
17179877643,17179877643
17179877944,17179871195
17179877951,17179875031
17179878276,17179878276
17179878452,17179871085
17179878568,17179874420
17179878768,17179869719
17179878868,17179869858
17179879064,17179876289
17179879238,17179871971
17179879480,17179869434
17179879547,17179873869
17179879708,17179870867
17179879990,17179872576
17179880323,17179880323
17179880354,17179878879
17179880670,17179873147
17179880885,17179880885
17179881329,17179873316
17179881435,17179874369
17179881463,17179872644
17179881484,17179872060
17179881537,17179873900
17179881737,17179879163
17179882331,17179874930
17179882361,17179870336
17179882385,17179869185
17179882566,17179869383
17179883609,17179877811
17179883639,17179875968
17179884175,17179872220
17179884486,17179881225
17179884701,17179877892
17179884854,17179877538
17179885255,17179873604
17179885257,17179885257
17179885923,17179882063
17179886009,17179871506
17179886185,17179876177
17179886195,17179871565
17179886352,17179869862
17179886477,17179870100
17179886483,17179870982
17179886649,17179886649
17179886712,17179869737
17179886728,17179874522
17179887022,17179873393
17179887031,17179887031
17179887069,17179872842
17179887137,17179869826
17179887460,17179872406
17179888148,17179869715
17179888279,17179875118
17179888412,17179870569
17179888487,17179878303
17179888698,17179888698
17179888759,17179870164
17179888823,17179869261
17179889000,17179870020
17179889273,17179874302
17179889281,17179869404
17179889609,17179872182
17179889721,17179880404
17179889999,17179875111
17179890260,17179873905
17179890496,17179883867
17179890567,17179869649
17179890678,17179877105
17179890775,17179870597
17179891146,17179869845
17179891250,17179875443
17179891884,17179869637
17179892254,17179869755
17179892397,17179883296
17179892428,17179869644
17179892613,17179873443
17179892616,17179873000
17179892809,17179874506
17179892837,17179882329
17179892865,17179877316
17179893043,17179870071
17179893381,17179878807
17179893700,17179876948
17179893870,17179869630
17179894275,17179881999
17179894420,17179873703
17179894527,17179871436
17179894604,17179873771
17179894699,17179877494
17179894773,17179877793
17179894802,17179870372
17179894872,17179881926
17179895018,17179886504
17179895030,17179870937
17179895033,17179879669
17179895220,17179895220
17179895334,17179870474
17179896016,17179869648
17179896846,17179888640
17179897037,17179869386
17179897238,17179870279
17179897332,17179875428
17179897947,17179879347
17179897973,17179869678
17179898192,17179872411
17179898282,17179898282
17179898303,17179870796
17179898383,17179869382
17179898451,17179873180
17179898792,17179873392
17179899035,17179899035
17179899051,17179875846
17179899143,17179875933
17179899169,17179876292
17179899469,17179879105
17179899915,17179872196
17179900696,17179869415
17179901017,17179878950
17179901268,17179872833
17179901732,17179883586
17179901831,17179877035
17179902035,17179869861
17179902278,17179885918
17179869264,17179869264
17179869407,17179869407
17179869564,17179869564
17179869726,17179869726
17179869863,17179869863
17179870035,17179870035
17179870105,17179870105
17179870225,17179870225
17179870439,17179869188
17179870850,17179870009
17179870949,17179870381
17179870999,17179870999
17179871143,17179871143
17179871877,17179871877
17179872390,17179870372
17179872551,17179869834
17179872647,17179872647
17179873406,17179870091
17179873567,17179871854
17179873876,17179870982
17179873904,17179869377
17179873966,17179870792
17179874322,17179870741
17179874477,17179874477
17179874530,17179870076
17179874669,17179870670
17179874703,17179874703
17179874723,17179874014
17179874741,17179874741
17179874966,17179874966
17179875345,17179871108
17179875736,17179875246
17179875969,17179875969
17179876038,17179876038
17179876305,17179869615
17179876369,17179876369
17179876508,17179876508
17179876579,17179869455
17179877663,17179870402
17179877980,17179877980
17179878120,17179871195
17179878560,17179870652
17179879338,17179870269
17179879360,17179879360
17179879370,17179874433
17179879423,17179875981
17179879653,17179879653
17179879742,17179872667
17179880242,17179880242
17179880274,17179869881
17179880611,17179880611
17179880723,17179869832
17179881568,17179870131
17179881629,17179876335
17179881659,17179881533
17179882251,17179870737
17179882340,17179877559
17179882377,17179870092
17179882442,17179872531
17179882496,17179869322
17179882900,17179880695
17179883030,17179869491
17179883281,17179879456
17179883388,17179883388
17179883461,17179873996
17179883668,17179869769
17179883849,17179869873
17179884135,17179884135
17179884297,17179870908
17179884586,17179876123
17179884625,17179871125
17179884856,17179883045
17179885289,17179884139
17179885726,17179878027
17179885802,17179876463
17179885832,17179871609
17179885953,17179875727
17179886339,17179886339
17179886434,17179869405
17179887055,17179870114
17179887146,17179869748
17179887262,17179869253
17179887591,17179875904
17179887841,17179887841
17179887892,17179879634
17179887904,17179877633
17179887984,17179885108
17179888093,17179886701
17179888142,17179873594
17179888547,17179888547
17179888584,17179888584
17179888704,17179887890
17179888770,17179885511
17179888837,17179875187
17179888867,17179869888
17179888942,17179881945
17179889004,17179870955
17179889016,17179872459
17179889032,17179871464
17179889499,17179872368
17179889672,17179889672
17179889673,17179883510
17179890144,17179874465
17179890476,17179870619
17179890520,17179870867
17179890543,17179874119
17179890722,17179870893
17179890767,17179876950
17179891101,17179891101
17179891227,17179876771
17179891539,17179875666
17179891709,17179875327
17179891770,17179891770
17179891912,17179877138
17179891942,17179875679
17179892214,17179892214
17179892255,17179887912
17179892440,17179869389
17179892487,17179884134
17179892756,17179875336
17179892782,17179870773
17179892954,17179883580
17179893074,17179876648
17179893141,17179874737
17179893424,17179874090
17179893600,17179870841
17179893678,17179871070
17179893800,17179870184
17179893990,17179893990
17179894104,17179869423
17179894337,17179873180
17179894502,17179869881
17179894547,17179873605
17179894557,17179870909
17179894727,17179894727
17179894822,17179882230
17179894861,17179886552
17179895137,17179870184
17179895201,17179870197
17179895238,17179870572
17179895329,17179895329
17179895690,17179876003
17179895933,17179871170
17179896055,17179870015
17179896101,17179883580
17179896173,17179896173
17179896631,17179871954
17179896680,17179872113
17179896720,17179873977
17179896977,17179896977
17179897317,17179873967
17179897401,17179869462
17179897707,17179883665
17179897710,17179884139
17179897895,17179869395
17179898391,17179870415
17179898422,17179870818
17179898608,17179873400
17179898644,17179869967
17179898659,17179898659
17179898869,17179871946
17179898893,17179869298
17179899268,17179879315
17179899311,17179872440
17179899411,17179871335
17179899417,17179897588
17179899945,17179874615
17179900477,17179871666
17179900649,17179870257
17179900671,17179900671
17179900686,17179869307
17179900751,17179900751
17179901118,17179876921
17179901483,17179882205
17179901608,17179872186
17179901650,17179871130
17179901853,17179901853
17179901949,17179886451
17179902119,17179902119
17179902317,17179883056
17179902456,17179875981
17179902538,17179878413
17179869368,17179869368
17179870296,17179870296
17179870315,17179870315
17179870801,17179870801
17179871081,17179869950
17179871127,17179871127
17179871341,17179871341
17179871578,17179871578
17179871741,17179871741
17179871821,17179869544
17179871903,17179871462
17179871926,17179871926
17179871996,17179871491
17179872183,17179872183
17179872281,17179872281
17179873004,17179871351
17179873033,17179873033
17179873100,17179873100
17179873281,17179870257
17179873319,17179872422
17179873436,17179873436
17179873606,17179873606
17179873733,17179873733
17179873762,17179873147
17179873896,17179873896
17179874025,17179870686
17179874344,17179870844
17179874485,17179869574
17179874808,17179870159
17179875174,17179870211
17179875663,17179875663
17179875943,17179870176
17179876055,17179875442
17179876108,17179875315
17179876130,17179869817
17179876936,17179870790
17179877118,17179869629
17179877225,17179877137
17179877669,17179877669
17179877806,17179874529
17179878271,17179872933
17179878414,17179869665
17179878463,17179870656
17179878595,17179878595
17179878608,17179873937
17179878732,17179869805
17179879190,17179879190
17179879217,17179877566
17179879288,17179874906
17179879756,17179873166
17179879916,17179874053
17179880123,17179869327
17179880135,17179869518
17179880704,17179869190
17179880858,17179872178
17179880899,17179880899
17179881100,17179874609
17179881165,17179872240
17179881194,17179870874
17179881203,17179877444
17179881499,17179871347
17179881543,17179869470
17179881804,17179874968
17179882062,17179870670
17179882112,17179872254
17179882383,17179882383
17179882823,17179879172
17179883039,17179880647
17179883373,17179869497
17179883678,17179876943
17179883905,17179872494
17179883962,17179872409
17179884427,17179884427
17179884629,17179870839
17179884926,17179878290
17179885013,17179871833
17179885075,17179877696
17179885229,17179869333
17179885595,17179872189
17179885866,17179874629
17179886201,17179877542
17179886330,17179879022
17179886436,17179883483
17179886607,17179876745
17179886690,17179883322
17179887407,17179871234
17179887713,17179870906
17179888098,17179884539
17179888194,17179883388
17179888750,17179876991
17179888756,17179872791
17179888832,17179888832
17179888904,17179882351
17179889026,17179878376
17179889548,17179872027
17179889701,17179871351
17179889852,17179875968
17179890061,17179871472
17179890388,17179869230
17179890485,17179872480
17179890620,17179881454
17179890944,17179873746
17179890947,17179870324
17179891001,17179869764
17179891006,17179872821
17179891165,17179869511
17179891368,17179869861
17179891418,17179881824
17179892060,17179871466
17179892226,17179869231
17179892250,17179874117
17179892384,17179880067
17179892522,17179877464
17179893232,17179871277
17179893274,17179879186
17179893299,17179883897
17179893429,17179869941
17179893535,17179873606
17179894236,17179872559
17179894651,17179881533
17179895085,17179871807
17179895355,17179869676
17179895620,17179877652
17179895726,17179871125
17179895844,17179883968
17179895853,17179869779
17179895964,17179869722
17179896037,17179871518
17179896441,17179878153
17179896547,17179870268
17179896707,17179870426
17179896754,17179873892
17179896911,17179872354
17179897690,17179872397
17179897877,17179869826
17179897887,17179869898
17179898286,17179898286
17179898465,17179879890
17179898520,17179870212
17179898673,17179872249
17179898684,17179871197
17179898931,17179870114
17179899828,17179899828
17179900250,17179900250
17179900341,17179900341
17179900668,17179900668
17179900903,17179877928
17179901451,17179875805
17179901545,17179869578
17179901947,17179877907
17179902012,17179876052
17179902080,17179873170
17179902087,17179878753
17179902398,17179870152
17179902561,17179872127
17179902615,17179869356
17179869327,17179869327
17179869671,17179869600
17179870079,17179870079
17179870278,17179870278
17179870470,17179869615
17179871013,17179870653
17179871293,17179871293
17179871573,17179871573
17179871599,17179871599
17179871780,17179871780
17179872251,17179869715
17179872544,17179870922
17179872660,17179872557
17179872912,17179870175
17179873014,17179869458
17179873174,17179873174
17179873329,17179871426
17179873968,17179869801
17179874165,17179869649
17179874221,17179871570
17179874491,17179869380
17179874519,17179869470
17179874533,17179874533
17179874644,17179874644
17179874719,17179873175
17179874730,17179874730
17179874736,17179874736
17179874925,17179874564
17179874971,17179872733
17179875152,17179871908
17179875288,17179872785
17179876027,17179870724
17179876241,17179871754
17179876363,17179873907
17179877039,17179877039
17179877387,17179871265
17179877690,17179877690
17179877880,17179869926
17179878371,17179872385
17179878507,17179871222
17179879080,17179876208
17179879219,17179870283
17179879534,17179879534
17179879666,17179870446
17179879808,17179879808
17179879924,17179876575
17179879995,17179875836
17179880474,17179880474
17179880553,17179880553
17179880625,17179878473
17179880671,17179873349
17179880729,17179876740
17179881102,17179881102
17179881282,17179871233
17179881347,17179871599
17179881475,17179872826
17179881990,17179871179
17179882014,17179874984
17179882272,17179877558
17179882637,17179873147
17179883094,17179870092
17179883111,17179872391
17179883164,17179869476
17179883468,17179871094
17179883663,17179883663
17179884076,17179871982
17179884274,17179875415
17179884298,17179869683
17179884463,17179878399
17179884508,17179877895
17179884549,17179871646
17179885217,17179870056
17179885297,17179872907
17179885391,17179885391
17179885478,17179885133
17179885568,17179870275
17179885707,17179885707
17179885781,17179873292
17179885808,17179885808
17179886047,17179871093
17179886053,17179874559
17179886102,17179886102
17179886792,17179885780
17179886816,17179883000
17179886846,17179884845
17179886907,17179870130
17179887281,17179874130
17179887615,17179880866
17179887862,17179874052
17179888155,17179884647
17179888244,17179886504
17179888268,17179873486
17179888650,17179888650
17179888707,17179869817
17179888741,17179888110
17179888979,17179872335
17179888993,17179880449
17179889082,17179879123
17179889123,17179880695
17179889446,17179873925
17179889851,17179884837
17179889873,17179871280
17179890076,17179874374
17179890199,17179888154
17179890384,17179869355
17179890732,17179870714
17179890837,17179873159
17179891401,17179869427
17179891851,17179874836
17179892034,17179870054
17179892042,17179869900
17179892051,17179878513
17179892177,17179870715
17179892325,17179886540
17179892750,17179877510
17179893036,17179873110
17179893038,17179873079
17179893097,17179871464
17179893492,17179872475
17179893770,17179869565
17179893913,17179881534
17179894346,17179872971
17179894365,17179872242
17179894428,17179878693
17179894868,17179873833
17179895243,17179873780
17179895373,17179869739
17179895442,17179873254
17179895538,17179869534
17179895735,17179874068
17179895794,17179870559
17179895852,17179869766
17179896029,17179896029
17179896250,17179873310
17179896338,17179874755
17179897234,17179890247
17179897397,17179869579
17179897436,17179877662
17179897787,17179878807
17179898700,17179878004
17179898916,17179874476
17179899098,17179897207
17179899395,17179882615
17179899515,17179873307
17179899539,17179871101
17179900230,17179875459
17179900402,17179870397
17179900470,17179877868
17179900762,17179876050
17179900898,17179877629
17179901020,17179878729
17179901079,17179871606
17179901387,17179874276
17179901621,17179901621
17179901974,17179874328
17179902163,17179870152
17179869187,17179869187
17179869203,17179869203
17179869205,17179869205
17179869371,17179869371
17179869512,17179869512
17179869708,17179869708
17179869887,17179869887
17179869938,17179869938
17179870539,17179870539
17179870583,17179870489
17179870593,17179870593
17179871134,17179871134
17179871709,17179869625
17179871786,17179871590
17179872193,17179870095
17179872535,17179871646
17179872656,17179870907
17179872670,17179872670
17179873061,17179873061
17179874232,17179874232
17179874352,17179873703
17179874459,17179874459
17179874471,17179869186
17179874679,17179874679
17179874833,17179872022
17179875111,17179875111
17179875815,17179871681
17179876103,17179875635
17179876158,17179876158
17179876315,17179870385
17179876404,17179876404
17179876453,17179876453
17179876799,17179874164
17179876803,17179870249
17179876955,17179871123
17179877020,17179874722
17179877278,17179873988
17179877369,17179870528
17179877950,17179877950
17179878208,17179874273
17179878281,17179878281
17179878465,17179878465
17179878598,17179872202
17179878713,17179878713
17179878885,17179870829
17179878900,17179869827
17179879348,17179870092
17179879528,17179874259
17179879640,17179879640
17179879692,17179879692
17179879794,17179877317
17179879893,17179879893
17179880373,17179880055
17179880523,17179880523
17179880642,17179872910
17179881412,17179879624
17179881423,17179876830
17179881504,17179877624
17179881595,17179872436
17179881604,17179878392
17179881820,17179874435
17179882341,17179869285
17179882373,17179878016
17179882388,17179876008
17179882532,17179882532
17179882543,17179869940
17179882808,17179869318
17179882814,17179878772
17179882919,17179882919
17179883557,17179871877
17179883864,17179877494
17179884376,17179869363
17179884593,17179876165
17179884778,17179879429
17179884831,17179870579
17179885055,17179870272
17179885300,17179874744
17179885324,17179871230
17179885849,17179873379
17179885891,17179877641
17179885986,17179873551
17179886116,17179873773
17179886316,17179871159
17179886506,17179886506
17179886586,17179882620
17179886817,17179872460
17179887202,17179870054
17179887401,17179876426
17179888088,17179885768
17179888189,17179872717
17179888445,17179870955
17179888464,17179872164
17179888797,17179878726
17179888866,17179871808
17179888965,17179869894
17179889307,17179870423
17179889437,17179869998
17179889464,17179872471
17179890480,17179871894
17179890781,17179880272
17179890884,17179878249
17179890921,17179870638
17179890968,17179870924
17179891019,17179885864
17179891486,17179870106
17179891652,17179870147
17179892816,17179874249
17179892920,17179877090
17179893018,17179877090
17179893370,17179879623
17179893754,17179869642
17179893773,17179870802
17179894023,17179870556
17179894024,17179871840
17179894148,17179887459
17179894564,17179870489
17179895061,17179879508
17179895434,17179869542
17179895632,17179871285
17179896121,17179872469
17179896868,17179877107
17179896882,17179871490
17179896941,17179896941
17179897007,17179870197
17179897049,17179873696
17179898110,17179870522
17179898460,17179880741
17179898616,17179898616
17179898649,17179877636
17179899128,17179875298
17179899251,17179879175
17179899357,17179880989
17179899645,17179876165
17179899808,17179874497
17179899927,17179869797
17179900249,17179871258
17179900593,17179873259
17179900782,17179869827
17179900970,17179874367
17179901134,17179870249
17179901239,17179878485
17179901411,17179876101
17179901564,17179901564
17179901695,17179874087
17179901805,17179883818
17179902197,17179872148
17179902347,17179871080
17179902522,17179872330
17179902570,17179883906
17179869391,17179869391
17179869506,17179869197
17179869680,17179869680
17179869702,17179869702
17179869897,17179869897
17179869998,17179869998
17179870139,17179869368
17179870283,17179870283
17179870466,17179870466
17179870579,17179870579
17179870762,17179870762
17179870901,17179869468
17179871009,17179871009
17179871093,17179871093
17179871169,17179871169
17179871314,17179871314
17179871346,17179871346
17179871691,17179871691
17179871762,17179871762
17179872130,17179869649
17179872245,17179872245
17179872683,17179871101
17179872878,17179871586
17179873326,17179873326
17179873699,17179870742
17179873792,17179872405
17179874288,17179874288
17179874559,17179874559
17179874569,17179874569
17179875086,17179872150
17179875158,17179870191
17179875386,17179875386
17179875461,17179869646
17179875667,17179875667
17179875860,17179875360
17179876202,17179875459
17179876230,17179872604
17179876860,17179871195
17179876983,17179870160
17179877050,17179877050
17179877171,17179872065
17179877237,17179877237
17179877684,17179874813
17179877765,17179871128
17179877886,17179877886
17179878018,17179875007
17179878027,17179878027
17179878158,17179878158
17179878380,17179869250
17179878436,17179878436
17179878705,17179878705
17179879051,17179870214
17179879071,17179879071
17179879344,17179873256
17179879424,17179871160
17179879587,17179874386
17179879611,17179869319
17179879847,17179872422
17179880105,17179880105
17179880107,17179880107
17179880604,17179874010
17179880665,17179871137
17179880706,17179874336
17179881022,17179870428
17179881125,17179870064
17179881274,17179875514
17179881336,17179881336
17179881488,17179881488
17179881665,17179870236
17179881675,17179872033
17179881763,17179873514
17179882067,17179882067
17179882080,17179882080
17179882174,17179878786
17179882343,17179869320
17179882461,17179869423
17179882553,17179870015
17179882781,17179870530
17179882918,17179869703
17179883016,17179869857
17179883099,17179883099
17179883210,17179877895
17179883656,17179883656
17179884103,17179884103
17179884717,17179870416
17179884857,17179869927
17179884986,17179869571
17179884988,17179874977
17179885158,17179869441
17179885616,17179873366
17179886101,17179886101
17179886314,17179872461
17179886852,17179869615
17179887160,17179875095
17179887679,17179877357
17179887866,17179887866
17179887913,17179872774
17179887923,17179869589
17179888080,17179888080
17179888181,17179873735
17179888289,17179870818
17179888428,17179879419
17179888453,17179876340
17179888564,17179872454
17179888591,17179869991
17179888736,17179872397
17179889163,17179877342
17179889349,17179889349
17179890009,17179869423
17179890416,17179869487
17179890461,17179872842
17179890566,17179877633
17179890572,17179890572
17179890580,17179870670
17179890585,17179872038
17179890776,17179870788
17179890930,17179873804
17179891419,17179879734
17179891771,17179879105
17179891892,17179869376
17179892007,17179880505
17179892030,17179869205
17179892197,17179872451
17179892714,17179871237
17179892959,17179892959
17179893661,17179869353
17179893685,17179886307
17179893728,17179869940
17179894054,17179869231
17179894083,17179870816
17179894234,17179880067
17179894377,17179876426
17179894431,17179875672
17179895211,17179877279
17179895451,17179874335
17179895499,17179873330
17179895504,17179883924
17179895793,17179870375
17179896074,17179870479
17179896258,17179869799
17179896306,17179880080
17179896312,17179877330
17179896415,17179874035
17179896502,17179870203
17179897057,17179897057
17179897814,17179874210
17179897915,17179873940
17179898141,17179876436
17179898164,17179898164
17179898266,17179876133
17179898613,17179876360
17179898754,17179892252
17179898808,17179872966
17179899174,17179876168
17179899480,17179869737
17179899528,17179875600
17179899605,17179872907
17179899608,17179871331
17179899979,17179871658
17179900025,17179900025
17179900239,17179871174
17179900267,17179880961
17179900718,17179871871
17179900813,17179871204
17179900816,17179873864
17179901117,17179878644
17179901246,17179879631
17179901680,17179874550
17179901704,17179887793
17179902029,17179879898
17179902093,17179880275
17179902509,17179880851
17179869550,17179869550
17179869594,17179869594
17179869802,17179869802
17179869856,17179869856
17179869899,17179869899
17179870274,17179870036
17179870792,17179870792
17179871040,17179871040
17179871752,17179871752
17179871767,17179869649
17179871925,17179869795
17179872755,17179872755
17179873170,17179873170
17179873881,17179873881
17179874187,17179874187
17179874197,17179872796
17179874438,17179869677
17179874646,17179874646
17179874864,17179869967
17179874919,17179874919
17179875352,17179875352
17179875654,17179875654
17179875956,17179875956
17179876277,17179873331
17179876290,17179873180
17179876328,17179871645
17179876451,17179876451
17179876587,17179875528
17179876782,17179872930
17179877042,17179875369
17179877139,17179877139
17179877250,17179876178
17179877286,17179877286
17179877322,17179870919
17179877373,17179877373
17179878197,17179872928
17179878337,17179878337
17179878804,17179874209
17179879058,17179876683
17179879625,17179879625
17179880065,17179870430
17179880362,17179870022
17179880803,17179871841
17179880987,17179875364
17179881383,17179879300
17179881411,17179869433
17179881528,17179869957
17179881619,17179881619
17179882094,17179872003
17179882239,17179869447
17179882466,17179882466
17179882577,17179874605
17179882650,17179870400
17179884006,17179883150
17179884614,17179872455
17179884653,17179871649
17179885282,17179875653
17179885332,17179871547
17179885501,17179871942
17179885806,17179869526
17179885867,17179882244
17179886206,17179880162
17179886642,17179886642
17179886874,17179882148
17179886920,17179869579
17179887371,17179869330
17179887381,17179875731
17179887447,17179876222
17179887467,17179874675
17179887927,17179871668
17179888116,17179872582
17179888273,17179869677
17179888317,17179888221
17179888361,17179877017
17179888694,17179872710
17179889071,17179873274
17179889453,17179877468
17179889502,17179870360
17179889509,17179877875
17179889680,17179873310
17179889940,17179876842
17179890154,17179873824
17179890155,17179890155
17179890293,17179890293
17179890322,17179881668
17179890743,17179869685
17179890815,17179871112
17179891122,17179883974
17179891228,17179870683
17179891243,17179879918
17179891411,17179869625
17179891817,17179877351
17179892105,17179873945
17179892335,17179871503
17179892422,17179876307
17179892523,17179889280
17179892562,17179880076
17179892612,17179879122
17179893466,17179871665
17179893559,17179877561
17179893969,17179883099
17179894073,17179877444
17179894123,17179879286
17179894384,17179888935
17179894760,17179894760
17179894982,17179883296
17179895013,17179876857
17179895227,17179869558
17179895763,17179875702
17179895796,17179878955
17179896021,17179871024
17179896073,17179872543
17179896465,17179871257
17179896950,17179876680
17179896965,17179880344
17179897073,17179875635
17179897411,17179874766
17179897475,17179879186
17179897650,17179869984
17179897790,17179870711
17179898064,17179876483
17179898231,17179870048
17179898257,17179883293
17179898440,17179898440
17179898589,17179877497
17179898757,17179898757
17179898875,17179869796
17179899025,17179873222
17179899224,17179871323
17179899380,17179870357
17179899456,17179873147
17179899466,17179870114
17179899618,17179872853
17179899650,17179873679
17179899844,17179899844
17179900269,17179885451
17179900342,17179885799
17179900457,17179877787
17179900794,17179873266
17179901142,17179876596
17179901290,17179870035
17179901370,17179901370
17179901482,17179869463
17179901626,17179873796
17179901681,17179883369
17179902240,17179869434
17179902243,17179902243
17179902343,17179882615
17179869666,17179869666
17179869752,17179869752
17179869813,17179869813
17179869842,17179869579
17179869864,17179869864
17179870144,17179870144
17179870158,17179870158
17179870447,17179870068
17179870685,17179870597
17179870870,17179870870
17179871031,17179870198
17179871114,17179869386
17179871322,17179871322
17179871368,17179871368
17179871377,17179871377
17179871411,17179871411
17179871439,17179871439
17179871500,17179871500
17179871849,17179870316
17179872279,17179870821
17179872459,17179872459
17179872488,17179871293
17179872674,17179872674
17179872953,17179872953
17179873079,17179873079
17179873341,17179873325
17179873373,17179872642
17179873662,17179871050
17179873854,17179873854
17179874059,17179871987
17179874060,17179871127
17179874271,17179874271
17179874368,17179874368
17179874372,17179870235
17179874407,17179870674
17179874617,17179870723
17179874953,17179870119
17179875286,17179869912
17179875424,17179875424
17179875655,17179872754
17179875981,17179875981
17179876299,17179876299
17179876421,17179872543
17179876591,17179872401
17179876660,17179876660
17179877064,17179869375
17179877152,17179877152
17179877226,17179870267
17179877727,17179876158
17179877830,17179877830
17179878193,17179872028
17179878363,17179869272
17179878688,17179878688
17179878692,17179871367
17179878733,17179873890
17179878976,17179878976
17179879090,17179870381
17179879163,17179879163
17179879234,17179879234
17179879449,17179871915
17179879476,17179874983
17179879509,17179871236
17179879732,17179879732
17179879780,17179873151
17179879826,17179879826
17179879930,17179878406
17179880116,17179869484
17179880269,17179870259
17179880550,17179871492
17179881253,17179870409
17179881354,17179870020
17179881376,17179873605
17179881577,17179873076
17179882698,17179869798
17179883206,17179871011
17179883262,17179883262
17179883385,17179878557
17179883675,17179870514
17179883694,17179869295
17179883914,17179883914
17179884235,17179869243
17179884435,17179871833
17179884605,17179884605
17179884820,17179874753
17179884925,17179878807
17179884959,17179878191
17179885049,17179871127
17179885163,17179869534
17179885530,17179878132
17179885618,17179872644
17179885705,17179871542
17179885995,17179876534
17179886039,17179878955
17179886112,17179882386
17179886170,17179878522
17179886410,17179876586
17179886835,17179884524
17179886912,17179874505
17179886927,17179879043
17179886954,17179878725
17179887008,17179887008
17179887030,17179872222
17179887244,17179869404
17179887473,17179871257
17179887854,17179869649
17179887911,17179880241
17179887946,17179884539
17179887991,17179869815
17179888334,17179871642
17179888352,17179874534
17179888467,17179874523
17179889197,17179878473
17179889216,17179878620
17179889261,17179869686
17179889582,17179874631
17179890455,17179873393
17179890587,17179869903
17179891007,17179874924
17179891062,17179880147
17179891275,17179874114
17179891476,17179872907
17179891642,17179873147
17179892472,17179876902
17179892638,17179892638
17179892742,17179875854
17179892974,17179892974
17179893103,17179870490
17179893292,17179881384
17179893399,17179886303
17179893578,17179872736
17179893885,17179871074
17179893940,17179871487
17179894063,17179870656
17179894274,17179889381
17179894494,17179871558
17179894532,17179874797
17179894719,17179869899
17179894914,17179877931
17179895286,17179880404
17179895542,17179877365
17179895562,17179876342
17179895818,17179869739
17179895973,17179877853
17179896113,17179896113
17179896350,17179875785
17179896461,17179890364
17179896727,17179869601
17179897069,17179871077
17179897159,17179871240
17179897391,17179897391
17179897428,17179871130
17179897454,17179870302
17179897631,17179883711
17179897801,17179873900
17179898243,17179884457
17179898688,17179870791
17179898790,17179898790
17179899055,17179869198
17179899101,17179882301
17179899246,17179873907
17179899347,17179884213
17179899768,17179869660
17179899980,17179869255
17179900152,17179869286
17179900177,17179878756
17179900358,17179889564
17179900375,17179871174
17179900464,17179891672
17179900512,17179876645
17179900573,17179872826
17179900603,17179882313
17179900747,17179882263
17179900790,17179869950
17179900861,17179870365
17179901000,17179873365
17179901614,17179869617
17179901916,17179870376
17179902034,17179888733
17179902289,17179870015
17179902365,17179883420
17179902374,17179875337
17179902574,17179875571
17179869252,17179869252
17179869696,17179869696
17179869850,17179869850
17179870056,17179870056
17179870415,17179870415
17179870435,17179870435
17179870516,17179870516
17179870910,17179870910
17179871845,17179870915
17179871858,17179869715
17179871998,17179871732
17179872523,17179871097
17179872564,17179872564
17179872783,17179872783
17179873018,17179871159
17179873682,17179873682
17179873794,17179873794
17179874036,17179872422
17179874380,17179874380
17179874401,17179874401
17179874550,17179874550
17179874634,17179869583
17179874828,17179870931
17179875688,17179872482
17179875946,17179869867
17179875972,17179871660
17179876071,17179873549
17179876140,17179873621
17179876182,17179873216
17179876471,17179876471
17179876956,17179869679
17179876969,17179876969
17179876998,17179876998
17179877362,17179873548
17179877770,17179871638
17179877813,17179872680
17179877930,17179870829
17179878099,17179869500
17179878425,17179878425
17179878577,17179870272
17179878601,17179878601
17179878940,17179869336
17179878951,17179877955
17179879036,17179874374
17179879124,17179879124
17179879181,17179879181
17179879321,17179872312
17179879578,17179873027
17179879928,17179869803
17179879987,17179878133
17179880087,17179870928
17179880125,17179873912
17179880199,17179880199
17179880498,17179869738
17179880534,17179880534
17179880694,17179871559
17179880775,17179876426
17179880981,17179869766
17179880985,17179880985
17179881058,17179869687
17179881162,17179870355
17179881498,17179881446
17179881500,17179876828
17179881893,17179876431
17179881921,17179875766
17179881933,17179881933
17179881999,17179881999
17179882313,17179882313
17179882449,17179869835
17179883179,17179871137
17179883189,17179870791
17179883249,17179877952
17179883354,17179878482
17179883414,17179877516
17179884289,17179869684
17179884382,17179872540
17179884644,17179872574
17179885071,17179885071
17179885274,17179873335
17179885572,17179876451
17179885886,17179871157
17179885931,17179870207
17179886121,17179871086
17179886179,17179870142
17179886223,17179884036
17179886374,17179878087
17179886562,17179871034
17179886743,17179869649
17179886782,17179874348
17179886908,17179876615
17179887301,17179870372
17179887476,17179871608
17179887773,17179877486
17179887786,17179874550
17179888137,17179870041
17179888203,17179874052
17179888421,17179875309
17179888634,17179871318
17179889022,17179883420
17179889393,17179871543
17179889606,17179877579
17179889650,17179871506
17179890048,17179879729
17179890287,17179872093
17179890449,17179872321
17179890582,17179879770
17179890899,17179890899
17179890957,17179872461
17179891069,17179874074
17179891197,17179875726
17179891359,17179891359
17179891535,17179871449
17179891622,17179872513
17179891755,17179875934
17179891943,17179883006
17179892095,17179870092
17179892125,17179879346
17179892131,17179870687
17179892385,17179871851
17179892433,17179869729
17179892594,17179875581
17179892688,17179875961
17179892730,17179869336
17179892813,17179873476
17179892919,17179874284
17179892997,17179869569
17179893003,17179869425
17179893586,17179869490
17179893676,17179875640
17179893681,17179877739
17179893876,17179872942
17179894050,17179869455
17179894082,17179869805
17179894295,17179894295
17179894626,17179870259
17179895299,17179869723
17179895518,17179871626
17179895572,17179869744
17179895805,17179874057
17179896097,17179879380
17179896193,17179869515
17179896643,17179869255
17179897087,17179869290
17179897099,17179882036
17179897223,17179888685
17179897706,17179869649
17179897718,17179877253
17179898405,17179875369
17179898557,17179873464
17179898671,17179869431
17179899076,17179874742
17179899388,17179874679
17179899774,17179878848
17179900055,17179870377
17179900131,17179876459
17179900556,17179874299
17179900560,17179872574
17179900611,17179877331
17179901220,17179874010
17179901283,17179888654
17179901619,17179873574
17179901652,17179888935
17179902178,17179870890
17179902238,17179870794
17179902483,17179870947
17179902487,17179869687
17179902582,17179875136
17179869753,17179869753
17179869816,17179869816
17179870098,17179870098
17179870271,17179869544
17179870288,17179870288
17179870331,17179870331
17179870373,17179870373
17179870632,17179870261
17179871129,17179871129
17179871154,17179871154
17179871548,17179871548
17179871606,17179871606
17179871610,17179871610
17179871615,17179869315
17179871901,17179871901
17179871957,17179869471
17179872026,17179872026
17179872306,17179870779
17179872569,17179869616
17179872923,17179872923
17179873074,17179873074
17179873475,17179873475
17179873686,17179873686
17179873758,17179872585
17179874123,17179872099
17179874315,17179874315
17179874463,17179870309
17179874591,17179874591
17179875027,17179871282
17179875278,17179875278
17179875340,17179870633
17179875612,17179870602
17179875784,17179871617
17179875838,17179869967
17179875915,17179869396
17179876106,17179870061
17179876136,17179876136
17179876231,17179876231
17179876325,17179876325
17179876536,17179873299
17179876569,17179876569
17179876746,17179876746
17179877193,17179877193
17179877207,17179869597
17179877324,17179872765
17179877444,17179877444
17179877595,17179870229
17179877695,17179870792
17179877703,17179871388
17179877918,17179870905
17179878006,17179869830
17179878252,17179878252
17179878322,17179872138
17179878433,17179870885
17179878476,17179871699
17179879657,17179879657
17179879885,17179869945
17179879923,17179879923
17179879974,17179869769
17179880201,17179872574
17179880356,17179880356
17179881297,17179881297
17179881313,17179881313
17179881369,17179881369
17179882069,17179879621
17179882460,17179875324
17179882579,17179872665
17179882589,17179870591
17179882993,17179874880
17179883017,17179871588
17179883076,17179880541
17179883950,17179872184
17179884587,17179881619
17179884942,17179870084
17179885193,17179873557
17179885266,17179876037
17179885354,17179885354
17179885735,17179870848
17179885778,17179869902
17179885968,17179876224
17179886197,17179871802
17179886235,17179886235
17179886404,17179879421
17179886659,17179873869
17179886829,17179870013
17179886949,17179873490
17179886994,17179876132
17179887226,17179878731
17179887278,17179874675
17179887345,17179870581
17179887395,17179870289
17179887743,17179869475
17179887918,17179870931
17179888083,17179875831
17179888199,17179876217
17179888353,17179870627
17179888624,17179871833
17179888647,17179871245
17179888668,17179881201
17179888810,17179877879
17179888939,17179878689
17179889080,17179873791
17179889154,17179889154
17179889276,17179889276
17179889455,17179889455
17179889859,17179869878
17179889931,17179878603
17179889951,17179876540
17179889964,17179882383
17179890446,17179876084
17179890627,17179877921
17179890799,17179873893
17179890834,17179869621
17179891129,17179870847
17179891200,17179870913
17179891210,17179871624
17179891432,17179883536
17179891540,17179870080
17179891544,17179870355
17179892181,17179870882
17179892256,17179869684
17179892263,17179876423
17179892581,17179869434
17179893484,17179875797
17179893590,17179871112
17179894336,17179872962
17179894558,17179873514
17179894597,17179872248
17179894737,17179872468
17179894748,17179879123
17179894789,17179870724
17179894890,17179872426
17179895265,17179877931
17179895392,17179876258
17179895418,17179876013
17179895623,17179873292
17179895771,17179875942
17179896082,17179896082
17179896544,17179879453
17179897021,17179871717
17179897028,17179881081
17179897491,17179878928
17179897643,17179874701
17179897712,17179886183
17179897783,17179875132
17179897795,17179871311
17179897942,17179882432
17179898178,17179874057
17179898466,17179869614
17179898508,17179891901
17179898643,17179869374
17179898930,17179876184
17179898936,17179877312
17179899074,17179877223
17179899088,17179874843
17179899374,17179869365
17179899384,17179873310
17179899669,17179869229
17179899992,17179872308
17179900039,17179874724
17179900085,17179871524
17179900261,17179900261
17179900430,17179869991
17179900521,17179876124
17179900833,17179872965
17179900984,17179869379
17179901273,17179878285
17179901529,17179873147
17179901544,17179885312
17179901584,17179877879
17179901670,17179872644
17179901899,17179901899
17179901915,17179873853
17179901927,17179870992
17179901968,17179874623
17179902378,17179870928
17179902485,17179902485
17179869431,17179869431
17179869738,17179869738
17179869827,17179869827
17179869860,17179869860
17179870089,17179870089
17179870535,17179870535
17179871175,17179871175
17179871212,17179871212
17179871276,17179871276
17179871740,17179870025
17179872024,17179871728
17179872128,17179872128
17179872152,17179869699
17179872307,17179872307
17179872420,17179869989
17179872480,17179872480
17179873055,17179870366
17179873831,17179873831
17179873890,17179873890
17179874082,17179870324
17179874193,17179874193
17179874210,17179874210
17179874257,17179870154
17179874310,17179873241
17179874584,17179871599
17179874640,17179872445
17179874975,17179874975
17179875112,17179875112
17179875521,17179869271
17179875676,17179871440
17179875939,17179872304
17179876014,17179871487
17179876386,17179872842
17179876422,17179876422
17179876531,17179872503
17179876912,17179876912
17179876927,17179869189
17179876946,17179871374
17179877368,17179875324
17179877475,17179871570
17179877740,17179877740
17179877783,17179869610
17179877974,17179872248
17179878086,17179875318
17179878224,17179869712
17179878398,17179873677
17179878695,17179870774
17179878724,17179872934
17179878820,17179870166
17179879422,17179879422
17179879568,17179873233
17179880020,17179869455
17179880044,17179869262
17179880074,17179880074
17179880153,17179870655
17179880158,17179875807
17179880369,17179875891
17179880814,17179876678
17179881719,17179875571
17179881975,17179873441
17179882086,17179876405
17179882230,17179882230
17179882767,17179882767
17179882770,17179869873
17179883113,17179872998
17179883140,17179869367
17179883215,17179872166
17179883537,17179879125
17179883638,17179874896
17179883827,17179875650
17179884234,17179869890
17179884928,17179881512
17179885225,17179871723
17179885247,17179876492
17179885496,17179876578
17179886766,17179886766
17179887354,17179879052
17179887448,17179873454
17179887982,17179871099
17179888149,17179869950
17179888233,17179869827
17179888785,17179874412
17179889060,17179889060
17179889172,17179872116
17179889343,17179881583
17179889482,17179879327
17179889485,17179875336
17179889596,17179881609
17179889702,17179889702
17179890026,17179869771
17179890035,17179869471
17179890113,17179883835
17179890359,17179890359
17179890385,17179870897
17179890670,17179872509
17179891125,17179878576
17179891205,17179873514
17179891874,17179869289
17179892056,17179871181
17179892407,17179892407
17179892418,17179871754
17179892468,17179869925
17179892762,17179881207
17179892953,17179872477
17179893511,17179877426
17179893687,17179872582
17179893702,17179872132
17179894125,17179870955
17179894146,17179869617
17179894270,17179875535
17179894355,17179884232
17179894761,17179869606
17179894794,17179869352
17179895244,17179871238
17179895245,17179869708
17179895439,17179893277
17179895777,17179879213
17179895826,17179869649
17179895899,17179872554
17179896040,17179872669
17179896145,17179874313
17179896290,17179891359
17179896602,17179875903
17179896674,17179896674
17179896785,17179872348
17179896796,17179877497
17179896922,17179871564
17179897001,17179878192
17179897517,17179897517
17179897589,17179880931
17179897884,17179870217
17179897911,17179897911
17179897936,17179897936
17179898130,17179870530
17179898158,17179881592
17179898432,17179898432
17179898480,17179873525
17179898504,17179870931
17179898544,17179898336
17179898782,17179877601
17179898870,17179886142
17179898935,17179877931
17179899451,17179899451
17179899567,17179877524
17179899598,17179877127
17179900356,17179870142
17179900399,17179892736
17179900404,17179877795
17179900667,17179879196
17179901040,17179876988
17179901174,17179870702
17179901241,17179876921
17179901251,17179876992
17179901270,17179869262
17179901565,17179869336
17179901799,17179870327
17179902048,17179875797
17179902352,17179872867
17179902356,17179883795
17179869266,17179869266
17179869719,17179869719
17179869720,17179869720
17179869721,17179869721
17179869723,17179869723
17179869885,17179869885
17179870377,17179870377
17179870512,17179870103
17179870698,17179869887
17179870704,17179870704
17179870721,17179870721
17179870825,17179870825
17179871050,17179871050
17179871152,17179871152
17179871221,17179869552
17179871284,17179871284
17179871657,17179869329
17179871764,17179871051
17179871781,17179871781
17179872027,17179872027
17179872066,17179871969
17179872107,17179872107
17179872141,17179869234
17179872508,17179872508
17179873067,17179870905
17179873585,17179873585
17179873746,17179873746
17179873851,17179872077
17179873969,17179873969
17179874061,17179870221
17179874130,17179874130
17179874395,17179874395
17179874594,17179870102
17179874681,17179874681
17179874778,17179874778
17179874974,17179871239
17179875050,17179872221
17179875264,17179871743
17179875527,17179870035
17179875630,17179870180
17179876118,17179869638
17179876534,17179876534
17179876552,17179876552
17179876750,17179876750
17179876817,17179869502
17179876930,17179876025
17179877150,17179869439
17179877233,17179877233
17179877366,17179877366
17179877456,17179872974
17179877549,17179869336
17179877609,17179873122
17179877721,17179875973
17179877847,17179874635
17179877965,17179869470
17179878110,17179878110
17179878258,17179870045
17179878312,17179870704
17179878434,17179878434
17179878480,17179877519
17179878521,17179871214
17179878527,17179873972
17179879339,17179872953
17179879694,17179873817
17179879783,17179877669
17179879901,17179879901
17179880375,17179880375
17179880450,17179880450
17179880507,17179872121
17179880613,17179869984
17179881008,17179880961
17179881034,17179874755
17179881113,17179877127
17179881189,17179875809
17179881586,17179870001
17179881997,17179872985
17179882070,17179870180
17179882517,17179870133
17179883014,17179877872
17179883172,17179871608
17179883180,17179870463
17179883459,17179875517
17179883508,17179873279
17179883888,17179883888
17179884316,17179869902
17179884395,17179877490
17179884923,17179883000
17179885592,17179874693
17179885630,17179883146
17179886018,17179877566
17179886063,17179869388
17179886120,17179883045
17179886163,17179876825
17179886323,17179885451
17179886678,17179869470
17179887062,17179875816
17179887213,17179879129
17179887571,17179877794
17179887777,17179877365
17179888156,17179869912
17179888552,17179883510
17179888620,17179874997
17179888701,17179871883
17179888940,17179869968
17179889141,17179881198
17179889382,17179871122
17179889631,17179871020
17179889676,17179881446
17179889763,17179869869
17179889906,17179874106
17179890057,17179872285
17179890161,17179874497
17179890215,17179877787
17179890509,17179880244
17179891061,17179877488
17179891078,17179891078
17179891118,17179871810
17179891140,17179869700
17179891346,17179869967
17179891574,17179875110
17179891831,17179883045
17179891858,17179870211
17179892008,17179871125
17179892453,17179869861
17179892529,17179872715
17179893566,17179874451
17179893619,17179870787
17179893652,17179870593
17179893731,17179870198
17179894101,17179872737
17179894389,17179872978
17179894398,17179869715
17179894649,17179872212
17179894866,17179869578
17179895014,17179872818
17179895035,17179872123
17179895411,17179881797
17179895506,17179869367
17179895553,17179881269
17179895681,17179872061
17179895750,17179870024
17179895924,17179876624
17179896369,17179873563
17179896414,17179870507
17179896615,17179872008
17179896893,17179869941
17179896995,17179873289
17179897016,17179875651
17179897050,17179872791
17179897306,17179875422
17179898025,17179870356
17179898100,17179870020
17179898199,17179870220
17179898293,17179871513
17179898307,17179870575
17179898820,17179878508
17179898858,17179898858
17179899124,17179875214
17179899470,17179881035
17179899556,17179878603
17179900280,17179869904
17179900307,17179871561
17179900426,17179869926
17179900467,17179893843
17179900882,17179900882
17179900899,17179869233
17179901057,17179872413
17179901253,17179870168
17179901366,17179887433
17179901521,17179876235
17179901742,17179872819
17179902248,17179870777
17179902251,17179869784
17179869211,17179869211
17179869688,17179869465
17179869910,17179869910
17179870059,17179870059
17179870385,17179870385
17179870974,17179870974
17179871120,17179871120
17179871446,17179869678
17179872021,17179872021
17179872069,17179870368
17179872076,17179870198
17179872266,17179869539
17179872426,17179872426
17179872432,17179870725
17179872609,17179872609
17179872753,17179872753
17179872833,17179872833
17179872898,17179872898
17179873123,17179873123
17179873259,17179873259
17179873602,17179871874
17179873724,17179869756
17179873769,17179869207
17179873818,17179869352
17179873889,17179873889
17179874192,17179874192
17179874709,17179874709
17179874805,17179874805
17179874842,17179870129
17179874881,17179874881
17179875335,17179871871
17179875616,17179870288
17179875774,17179875774
17179875789,17179870472
17179875842,17179875842
17179875926,17179870908
17179876645,17179876645
17179876703,17179876703
17179876818,17179872476
17179876823,17179873571
17179876845,17179872586
17179876992,17179876992
17179876993,17179874226
17179877057,17179877057
17179877173,17179874309
17179877219,17179877219
17179877776,17179869896
17179877790,17179873716
17179877954,17179877954
17179878684,17179870545
17179878965,17179874136
17179879120,17179879120
17179879432,17179873134
17179879539,17179879539
17179879610,17179870989
17179880360,17179880360
17179880483,17179870212
17179880557,17179870858
17179880616,17179874311
17179881121,17179875178
17179881232,17179870067
17179881896,17179881896
17179881913,17179869943
17179882015,17179870315
17179882284,17179879197
17179883283,17179883283
17179883912,17179875665
17179883943,17179873392
17179884163,17179884163
17179884606,17179870218
17179885466,17179871541
17179885571,17179870257
17179885909,17179874825
17179886068,17179886068
17179886098,17179880260
17179886376,17179874497
17179886520,17179870585
17179886761,17179869879
17179887339,17179871408
17179887372,17179875376
17179888040,17179881273
17179888105,17179872783
17179888343,17179869197
17179888838,17179888838
17179888997,17179878840
17179889048,17179874802
17179889166,17179877913
17179889219,17179870342
17179889428,17179879131
17179889461,17179872927
17179889497,17179871880
17179889520,17179889520
17179889605,17179889605
17179889636,17179871787
17179889762,17179869489
17179889963,17179878474
17179890013,17179870253
17179890371,17179887186
17179890380,17179869630
17179890404,17179877501
17179890409,17179890409
17179890439,17179890439
17179890513,17179890513
17179890731,17179870626
17179890835,17179870296
17179890860,17179875573
17179891190,17179873015
17179891353,17179873471
17179891364,17179870089
17179891601,17179891601
17179891609,17179875464
17179891968,17179871094
17179892473,17179869649
17179892490,17179870754
17179892537,17179870289
17179892935,17179880931
17179893493,17179873809
17179893927,17179884240
17179894107,17179870702
17179894145,17179870489
17179894434,17179874569
17179894522,17179872818
17179894580,17179871263
17179894628,17179870015
17179894712,17179869674
17179894772,17179874689
17179895031,17179886307
17179895181,17179879857
17179895581,17179872241
17179895693,17179894251
17179896276,17179869598
17179896913,17179877988
17179897006,17179878122
17179897061,17179881085
17179897294,17179871186
17179897460,17179877917
17179897479,17179874411
17179897551,17179869632
17179897586,17179884427
17179897724,17179879260
17179897828,17179870450
17179898213,17179898213
17179898399,17179881273
17179898818,17179879734
17179899056,17179886006
17179899252,17179870481
17179899622,17179873538
17179899687,17179879554
17179899721,17179875600
17179899736,17179872298
17179899788,17179872519
17179900285,17179875640
17179900408,17179869482
17179900535,17179881102
17179900613,17179872933
17179900616,17179871386
17179900622,17179900622
17179900745,17179878595
17179901112,17179873670
17179901120,17179874128
17179902026,17179902026
17179902044,17179872456
17179902141,17179874914
17179902499,17179882851
17179869483,17179869483
17179869505,17179869505
17179869979,17179869979
17179870210,17179870210
17179870299,17179870299
17179870382,17179870382
17179870518,17179870518
17179870782,17179870782
17179870936,17179870936
17179871302,17179869202
17179871530,17179869826
17179871616,17179871616
17179872199,17179871977
17179873691,17179872766
17179873870,17179870391
17179874600,17179871909
17179874862,17179871341
17179874924,17179874924
17179874972,17179872670
17179875082,17179872965
17179875161,17179869465
17179875409,17179875409
17179875955,17179869243
17179876002,17179869221
17179876028,17179870352
17179876029,17179876029
17179876114,17179871148
17179876252,17179875643
17179876306,17179869813
17179876356,17179876356
17179876409,17179876409
17179876442,17179869376
17179876484,17179874995
17179876790,17179874744
17179877198,17179872919
17179877236,17179873539
17179877646,17179875436
17179877661,17179872070
17179877736,17179869771
17179877938,17179875337
17179878032,17179869669
17179878042,17179870268
17179878250,17179878250
17179878664,17179870005
17179879130,17179879130
17179879224,17179879224
17179880284,17179871498
17179880333,17179880333
17179880832,17179874366
17179880933,17179870488
17179881155,17179873703
17179881230,17179874104
17179881514,17179870872
17179881711,17179872162
17179881839,17179878101
17179882061,17179882061
17179882079,17179872832
17179882686,17179869365
17179882736,17179882736
17179882920,17179879040
17179883038,17179877208
17179883168,17179872291
17179883322,17179883322
17179883649,17179874429
17179883890,17179878395
17179883984,17179872476
17179884078,17179869724
17179884239,17179870706
17179885394,17179875746
17179885667,17179883365
17179886564,17179869502
17179886742,17179872510
17179887035,17179869967
17179887436,17179871904
17179887562,17179870249
17179887609,17179869999
17179887611,17179876822
17179887898,17179887898
17179887986,17179871179
17179888180,17179869858
17179888247,17179871172
17179888777,17179872201
17179888929,17179873898
17179889115,17179889115
17179889134,17179869513
17179889346,17179877955
17179889655,17179885989
17179889768,17179889768
17179889844,17179875647
17179889913,17179875493
17179889987,17179875500
17179890010,17179889411
17179890117,17179873408
17179890414,17179873090
17179890420,17179870114
17179890473,17179872711
17179890641,17179869395
17179891041,17179891041
17179891356,17179871421
17179891403,17179871528
17179891890,17179871622
17179892063,17179870697
17179892620,17179874047
17179892870,17179870969
17179893011,17179874227
17179893131,17179881660
17179893539,17179869617
17179893602,17179875696
17179893638,17179879298
17179893660,17179890135
17179894037,17179870614
17179895208,17179871717
17179895507,17179869665
17179895876,17179872020
17179896039,17179871637
17179896104,17179870711
17179896154,17179869590
17179896175,17179878522
17179896370,17179886236
17179896376,17179869625
17179896464,17179873939
17179896731,17179869603
17179897080,17179873100
17179897197,17179872931
17179897271,17179870745
17179897359,17179881573
17179898016,17179871349
17179898304,17179872991
17179898345,17179872644
17179898415,17179898415
17179898672,17179874565
17179898996,17179883361
17179899111,17179876291
17179899305,17179869715
17179899490,17179870409
17179899498,17179869599
17179899545,17179869540
17179899764,17179893206
17179899832,17179870001
17179899894,17179872561
17179900016,17179873636
17179900159,17179869629
17179900506,17179870386
17179900664,17179870067
17179900698,17179872183
17179900776,17179880684
17179900835,17179873548
17179900879,17179874670
17179901005,17179873025
17179901308,17179870861
17179901319,17179871941
17179901468,17179875632
17179901684,17179878324
17179901912,17179870844
17179901956,17179870653
17179902544,17179873039
17179869324,17179869324
17179869445,17179869445
17179869911,17179869911
17179870309,17179870309
17179870393,17179869927
17179870712,17179869624
17179870820,17179870820
17179870980,17179869500
17179871215,17179871215
17179871487,17179871487
17179871896,17179871896
17179872037,17179872037
17179872053,17179869247
17179872090,17179869216
17179872103,17179872103
17179872190,17179872190
17179872330,17179872330
17179872585,17179872585
17179872669,17179872669
17179872931,17179872931
17179872936,17179869940
17179873125,17179873125
17179873620,17179869649
17179873645,17179871364
17179873739,17179873739
17179873753,17179873753
17179873934,17179872874
17179873980,17179871315
17179874472,17179873145
17179874579,17179869245
17179874680,17179871276
17179874986,17179874986
17179875396,17179872804
17179875583,17179873076
17179875907,17179875907
17179876086,17179876086
17179876294,17179876294
17179876648,17179876648
17179876902,17179876902
17179877041,17179869648
17179877112,17179874560
17179877425,17179873050
17179877701,17179877701
17179877767,17179870802
17179878339,17179878339
17179878638,17179872128
17179878788,17179869739
17179878980,17179878980
17179879275,17179874812
17179879436,17179879436
17179879453,17179879453
17179879502,17179873062
17179879525,17179874932
17179879642,17179875443
17179879669,17179879669
17179879755,17179872400
17179879764,17179879764
17179879854,17179872268
17179879912,17179876548
17179880412,17179873079
17179880528,17179880528
17179880734,17179869483
17179880787,17179873310
17179880959,17179873641
17179881002,17179870450
17179881097,17179875776
17179881450,17179871233
17179881590,17179869423
17179881736,17179872644
17179881849,17179874087
17179881958,17179869710
17179881994,17179869858
17179882422,17179870340
17179882625,17179873984
17179883124,17179869710
17179883349,17179874377
17179883514,17179871523
17179883612,17179869603
17179883779,17179876052
17179883845,17179881668
17179883937,17179883937
17179883945,17179874958
17179884227,17179873860
17179884267,17179869185
17179884307,17179877050
17179884585,17179873186
17179884640,17179880866
17179884651,17179875895
17179884769,17179877994
17179884797,17179874952
17179885095,17179880424
17179885472,17179869275
17179885638,17179869649
17179885800,17179874983
17179886300,17179872255
17179886632,17179872110
17179887152,17179869378
17179887398,17179871528
17179887409,17179883764
17179887425,17179887425
17179887512,17179871732
17179888086,17179872895
17179888187,17179873119
17179888331,17179873050
17179888446,17179874074
17179888927,17179879365
17179889107,17179882925
17179889168,17179879325
17179889441,17179875625
17179889613,17179889613
17179889774,17179871690
17179889812,17179878926
17179889945,17179889945
17179890182,17179870789
17179890211,17179870814
17179890812,17179874884
17179890874,17179869461
17179891064,17179872028
17179891100,17179869369
17179891143,17179872848
17179891520,17179880192
17179891737,17179883835
17179891832,17179878348
17179892006,17179869594
17179892241,17179878052
17179892279,17179874434
17179892555,17179879621
17179892918,17179892918
17179892985,17179871705
17179893140,17179876606
17179893419,17179870124
17179894253,17179872397
17179894548,17179872788
17179894662,17179877316
17179894791,17179875796
17179894854,17179894854
17179894876,17179870507
17179894985,17179870020
17179895326,17179873925
17179895532,17179895532
17179895701,17179875093
17179895732,17179879308
17179895929,17179895929
17179896066,17179879507
17179896214,17179871895
17179896252,17179870843
17179896495,17179874964
17179896528,17179878899
17179896538,17179870609
17179897017,17179870474
17179897200,17179869495
17179897384,17179872554
17179897493,17179881247
17179897500,17179897500
17179897522,17179871586
17179897532,17179880360
17179897722,17179877739
17179898305,17179870754
17179898336,17179898336
17179898683,17179882597
17179898778,17179870993
17179898991,17179871562
17179899193,17179870183
17179899358,17179872061
17179899588,17179876325
17179899617,17179870735
17179900409,17179871386
17179900922,17179872196
17179900988,17179873859
17179900996,17179872219
17179901294,17179901294
17179901372,17179877711
17179901475,17179901475
17179901511,17179869442
17179901581,17179871578
17179901806,17179875393
17179902273,17179869915
17179902447,17179870353
17179902448,17179902448
17179902472,17179870405
17179869477,17179869477
17179869612,17179869612
17179869916,17179869916
17179869949,17179869949
17179869953,17179869953
17179870099,17179870099
17179870110,17179870110
17179870491,17179870491
17179870923,17179870923
17179871179,17179871179
17179871210,17179871210
17179871369,17179871369
17179871444,17179871444
17179871462,17179871462
17179871713,17179870670
17179871863,17179871863
17179871973,17179871763
17179872097,17179869505
17179872206,17179872206
17179872339,17179871112
17179873161,17179869947
17179873262,17179873262
17179873325,17179873325
17179873731,17179869557
17179873802,17179871152
17179873885,17179873885
17179874002,17179870028
17179874076,17179870324
17179874168,17179874168
17179874394,17179874394
17179874697,17179870218
17179875291,17179869406
17179875325,17179875325
17179875470,17179873326
17179875648,17179875648
17179875656,17179873326
17179875895,17179875895
17179876036,17179871210
17179876066,17179873643
17179876142,17179874192
17179876151,17179873061
17179876217,17179876217
17179876283,17179876283
17179877203,17179877203
17179877472,17179877472
17179877693,17179877693
17179878077,17179871876
17179878146,17179870074
17179878407,17179878034
17179878693,17179878693
17179878795,17179873305
17179878807,17179878807
17179879086,17179869839
17179879183,17179879183
17179879706,17179872458
17179879772,17179870392
17179880052,17179880052
17179880215,17179875502
17179880294,17179869404
17179880346,17179880265
17179880429,17179870090
17179880463,17179871609
17179880545,17179876527
17179881316,17179871462
17179881497,17179872848
17179881556,17179881556
17179881690,17179881690
17179882017,17179869594
17179882158,17179873855
17179882240,17179869535
17179882482,17179882482
17179882801,17179873218
17179883031,17179870366
17179883182,17179871829
17179883304,17179872680
17179883430,17179869523
17179883713,17179877638
17179883714,17179870458
17179883822,17179871228
17179884056,17179870975
17179884189,17179874470
17179884600,17179869458
17179884632,17179884632
17179884958,17179873901
17179885108,17179885108
17179885385,17179874010
17179885649,17179875237
17179885746,17179873714
17179885987,17179872463
17179886082,17179873369
17179886167,17179873265
17179886281,17179880404
17179886686,17179880894
17179886991,17179886991
17179887196,17179870028
17179887809,17179870071
17179889066,17179888143
17179889069,17179869630
17179889438,17179877973
17179889480,17179869919
17179889580,17179889580
17179889660,17179874345
17179889730,17179875991
17179889796,17179875058
17179890018,17179871057
17179890086,17179875134
17179890443,17179871757
17179890668,17179869439
17179890687,17179872668
17179890741,17179890741
17179890880,17179873146
17179890894,17179871231
17179891095,17179891095
17179891179,17179870836
17179891196,17179869231
17179891559,17179872785
17179891565,17179869938
17179891571,17179891571
17179891647,17179870486
17179891777,17179874649
17179891789,17179870130
17179891944,17179891944
17179891960,17179871571
17179892031,17179892031
17179892215,17179876471
17179892272,17179870000
17179892444,17179871054
17179892579,17179874936
17179893098,17179876841
17179893223,17179877755
17179893302,17179875280
17179893521,17179893521
17179893781,17179870143
17179893922,17179871237
17179893993,17179882205
17179894312,17179873685
17179894666,17179875115
17179894670,17179869919
17179894832,17179894832
17179894950,17179870219
17179895328,17179872314
17179895339,17179869651
17179895495,17179874360
17179895543,17179879055
17179895570,17179877437
17179895814,17179873027
17179895992,17179884134
17179896026,17179880227
17179896194,17179875299
17179896834,17179874609
17179897155,17179874712
17179897194,17179870507
17179897358,17179879079
17179897545,17179897545
17179898109,17179871033
17179898382,17179875004
17179898587,17179872470
17179899064,17179872352
17179899117,17179885000
17179899131,17179871720
17179899500,17179870336
17179899631,17179875211
17179899646,17179873230
17179899735,17179882688
17179899993,17179880779
17179901013,17179877899
17179901129,17179869623
17179901228,17179880957
17179901325,17179872378
17179901334,17179875191
17179901723,17179876072
17179901785,17179878027
17179902153,17179869345
17179902281,17179874037
17179902382,17179869186
17179902523,17179874368
17179869288,17179869288
17179869360,17179869360
17179869498,17179869498
17179869986,17179869983
17179870552,17179870552
17179870708,17179869495
17179870943,17179870943
17179870982,17179870982
17179871069,17179869899
17179871118,17179871044
17179871122,17179871122
17179871185,17179870416
17179871386,17179871386
17179871475,17179871475
17179871773,17179871773
17179871789,17179871789
17179871862,17179871862
17179872349,17179872349
17179872757,17179872711
17179872797,17179872797
17179873022,17179873022
17179873138,17179873138
17179873301,17179873301
17179873560,17179873560
17179873727,17179871181
17179873883,17179873883
17179873990,17179873990
17179874135,17179874135
17179874148,17179873226
17179874727,17179872001
17179874840,17179874840
17179875272,17179872963
17179875310,17179869256
17179875339,17179869283
17179875625,17179875625
17179875875,17179875875
17179875927,17179875877
17179876138,17179874685
17179876308,17179870818
17179876346,17179873199
17179876423,17179876423
17179876475,17179871269
17179876541,17179876541
17179876664,17179874713
17179877026,17179875171
17179877046,17179877046
17179877065,17179870302
17179877434,17179872596
17179877447,17179877447
17179877764,17179869715
17179877872,17179877872
17179877931,17179877931
17179877945,17179873263
17179878008,17179873421
17179878243,17179877724
17179878585,17179869446
17179878637,17179878637
17179878939,17179878939
17179879076,17179870026
17179879359,17179872768
17179879493,17179874014
17179879579,17179879579
17179880156,17179880156
17179880381,17179878693
17179880608,17179874211
17179880813,17179870473
17179880941,17179869949
17179880974,17179869775
17179881183,17179872655
17179881324,17179873694
17179881485,17179870997
17179882235,17179882235
17179882242,17179869759
17179882262,17179882262
17179882413,17179882413
17179882417,17179869858
17179882714,17179874997
17179882821,17179875907
17179882865,17179870162
17179882867,17179870977
17179882901,17179874990
17179883209,17179871852
17179883252,17179876133
17179883416,17179869301
17179883429,17179869660
17179883496,17179874977
17179883570,17179869616
17179883911,17179869585
17179884009,17179871714
17179884013,17179871531
17179884068,17179879911
17179884107,17179883322
17179884122,17179869715
17179884630,17179883217
17179884670,17179880391
17179885454,17179869295
17179885826,17179869418
17179885835,17179884095
17179886171,17179870902
17179886228,17179869423
17179886345,17179869620
17179886433,17179870829
17179886555,17179869684
17179886701,17179886701
17179886746,17179883818
17179887277,17179878839
17179887288,17179869630
17179887364,17179875326
17179887556,17179872249
17179888456,17179881297
17179888521,17179872459
17179888954,17179872164
17179889052,17179871433
17179889208,17179869303
17179889409,17179884837
17179889467,17179872540
17179889720,17179870000
17179890166,17179879406
17179890340,17179873136
17179890568,17179870636
17179890612,17179875146
17179890755,17179869381
17179891446,17179870280
17179891686,17179873794
17179891697,17179871745
17179891719,17179869630
17179891905,17179870431
17179891961,17179869591
17179892488,17179869190
17179893075,17179871809
17179893349,17179893349
17179893732,17179869404
17179894243,17179873315
17179894315,17179880080
17179894539,17179872555
17179894654,17179872763
17179894766,17179879898
17179894835,17179872670
17179895047,17179873642
17179895179,17179874064
17179895200,17179870407
17179895235,17179876827
17179895653,17179874229
17179895959,17179871381
17179895976,17179869719
17179896201,17179874360
17179896216,17179880898
17179896401,17179873995
17179896616,17179878000
17179896633,17179869386
17179896703,17179869452
17179897598,17179881534
17179897670,17179869826
17179897717,17179890362
17179897941,17179897941
17179898517,17179888891
17179898724,17179872754
17179898939,17179873133
17179899467,17179882538
17179899579,17179880323
17179899704,17179870257
17179899776,17179873717
17179899782,17179884995
17179900160,17179877077
17179900352,17179879286
17179900376,17179874840
17179900462,17179882230
17179900635,17179870801
17179900797,17179869661
17179901368,17179875668
17179901431,17179878841
17179901839,17179870695
17179901861,17179871792
17179901887,17179889145
17179902327,17179878031
17179902588,17179875715
17179869195,17179869195
17179869354,17179869354
17179869398,17179869398
17179869634,17179869634
17179869768,17179869353
17179869902,17179869902
17179870208,17179870208
17179870505,17179870505
17179871689,17179871689
17179871737,17179871737
17179872867,17179872867
17179873452,17179873452
17179873554,17179871927
17179873632,17179870114
17179873943,17179872143
17179873976,17179869919
17179874450,17179874450
17179874538,17179870711
17179874583,17179869715
17179874729,17179874729
17179875159,17179869836
17179875262,17179871280
17179875362,17179874293
17179875444,17179869555
17179876292,17179876292
17179876314,17179869901
17179876614,17179870602
17179876815,17179876815
17179877229,17179877229
17179877246,17179877246
17179877557,17179877557
17179877755,17179877755
17179877758,17179871477
17179877905,17179870020
17179878065,17179874345
17179878152,17179878152
17179878162,17179878019
17179878242,17179873077
17179878245,17179869531
17179878444,17179870277
17179878564,17179873873
17179878583,17179870458
17179878658,17179878658
17179878851,17179875194
17179878872,17179869631
17179878995,17179878995
17179879079,17179879079
17179879186,17179879186
17179879230,17179879230
17179879245,17179879245
17179879501,17179870385
17179879829,17179878729
17179880089,17179871525
17179880144,17179875507
17179880191,17179870468
17179880226,17179873471
17179880262,17179880262
17179880293,17179878103
17179880693,17179876418
17179881421,17179871985
17179881465,17179869480
17179881511,17179871084
17179881688,17179875112
17179881743,17179872628
17179882101,17179871023
17179882226,17179879077
17179882255,17179871574
17179882314,17179882314
17179882500,17179877244
17179882764,17179870177
17179882784,17179875118
17179882831,17179869380
17179882904,17179882904
17179882924,17179871248
17179883358,17179877542
17179883420,17179883420
17179883421,17179874919
17179883580,17179883580
17179883798,17179875684
17179884007,17179881225
17179884429,17179871878
17179884811,17179879799
17179884989,17179869649
17179885032,17179885032
17179885136,17179878199
17179885352,17179879403
17179885428,17179871871
17179885753,17179876596
17179886006,17179886006
17179886103,17179875662
17179886126,17179877427
17179886168,17179873589
17179886271,17179878606
17179886692,17179880026
17179887063,17179878485
17179887337,17179877554
17179887569,17179871528
17179887710,17179880263
17179888377,17179869476
17179888703,17179875369
17179888881,17179878427
17179889505,17179877202
17179889573,17179876473
17179890005,17179873391
17179890273,17179871941
17179890778,17179871933
17179890871,17179870956
17179890890,17179869412
17179891082,17179876868
17179891224,17179874868
17179891342,17179869852
17179891720,17179891720
17179891866,17179886822
17179892147,17179874248
17179892195,17179883764
17179892260,17179892260
17179892283,17179878392
17179892808,17179872923
17179893147,17179871382
17179893150,17179873313
17179893534,17179893534
17179893692,17179873816
17179893715,17179870868
17179893758,17179886650
17179893831,17179880377
17179893860,17179869434
17179893938,17179874459
17179893949,17179870998
17179894033,17179874187
17179894263,17179894263
17179894303,17179894303
17179894657,17179876525
17179894674,17179876816
17179894729,17179870100
17179894851,17179872826
17179894986,17179879634
17179895159,17179879179
17179895385,17179870304
17179895514,17179879709
17179895637,17179874869
17179895920,17179876609
17179896399,17179880945
17179896429,17179886396
17179896439,17179870646
17179897379,17179869359
17179897601,17179873583
17179897613,17179874330
17179897692,17179869520
17179897860,17179869950
17179898370,17179874522
17179898446,17179872142
17179898536,17179871523
17179898969,17179872475
17179899135,17179871644
17179899328,17179869501
17179899627,17179891720
17179899811,17179878137
17179899886,17179871238
17179899969,17179876527
17179900225,17179900225
17179900974,17179877105
17179901098,17179869188
17179901314,17179893843
17179901709,17179901709
17179901745,17179889183
17179901895,17179883150
17179902364,17179902364
17179902406,17179871577
17179869329,17179869329
17179869450,17179869450
17179869484,17179869484
17179870050,17179870050
17179870093,17179870093
17179870155,17179870155
17179870653,17179870653
17179870857,17179870386
17179870989,17179870989
17179871153,17179871153
17179871655,17179869845
17179871763,17179871763
17179871963,17179871963
17179872059,17179871265
17179872060,17179872060
17179872117,17179871961
17179872591,17179872591
17179872668,17179872668
17179872889,17179872889
17179873155,17179873155
17179873444,17179869684
17179873558,17179873558
17179873681,17179873681
17179873964,17179873964
17179873970,17179873970
17179874126,17179874126
17179874248,17179874248
17179874366,17179874366
17179875179,17179871648
17179876096,17179873873
17179876208,17179876208
17179876366,17179869878
17179876556,17179869830
17179876682,17179876682
17179876881,17179870356
17179877183,17179877183
17179877277,17179877277
17179877389,17179877389
17179877569,17179872453
17179877794,17179877794
17179878133,17179878133
17179878361,17179874192
17179878509,17179878509
17179878647,17179869875
17179878687,17179872351
17179879373,17179870027
17179879624,17179879624
17179879680,17179879680
17179879739,17179877447
17179879851,17179873475
17179879892,17179870715
17179880129,17179874402
17179880314,17179871702
17179880398,17179872246
17179880444,17179869213
17179880758,17179880758
17179880887,17179872285
17179880895,17179869470
17179881517,17179875372
17179881518,17179869686
17179881548,17179871503
17179881826,17179872342
17179881884,17179870384
17179881985,17179872456
17179882346,17179869773
17179882680,17179880488
17179882895,17179870061
17179882898,17179869678
17179882927,17179872542
17179883045,17179883045
17179883123,17179869994
17179883383,17179883383
17179883495,17179878634
17179883885,17179881583
17179884391,17179873136
17179884458,17179871100
17179884487,17179875720
17179884622,17179875004
17179884739,17179877928
17179885437,17179875114
17179885438,17179873641
17179885967,17179878651
17179886224,17179880960
17179886881,17179886881
17179886964,17179878157
17179886999,17179876923
17179887179,17179869938
17179887187,17179873109
17179887323,17179869861
17179887466,17179882929
17179887696,17179870861
17179887703,17179874114
17179888298,17179869353
17179888313,17179874670
17179888597,17179874238
17179888673,17179881273
17179888713,17179888713
17179888885,17179869216
17179889363,17179870407
17179889579,17179875991
17179889800,17179872796
17179889910,17179870867
17179890002,17179869919
17179890124,17179872156
17179890188,17179878725
17179890239,17179873098
17179890297,17179869929
17179890431,17179869912
17179891185,17179871681
17179892083,17179870296
17179892127,17179874549
17179892447,17179884191
17179893262,17179873299
17179893356,17179893356
17179893855,17179873033
17179894217,17179881521
17179894221,17179881384
17179894607,17179869411
17179894640,17179873991
17179895303,17179876816
17179895333,17179890514
17179895536,17179873291
17179895882,17179895882
17179895936,17179869756
17179895941,17179870507
17179895965,17179870820
17179896662,17179890310
17179897260,17179871678
17179897363,17179872426
17179897497,17179879411
17179897575,17179874982
17179897618,17179872848
17179897832,17179874489
17179898020,17179898020
17179898230,17179869524
17179898330,17179890695
17179898395,17179878393
17179898471,17179870875
17179898535,17179874656
17179898559,17179872405
17179898859,17179869891
17179898902,17179870781
17179899121,17179869362
17179899144,17179880737
17179899801,17179899801
17179900406,17179878844
17179900681,17179873032
17179900711,17179874684
17179901280,17179869284
17179901706,17179870947
17179901874,17179870933
17179902005,17179876246
17179902415,17179869730
17179869416,17179869416
17179869600,17179869600
17179869627,17179869627
17179869635,17179869423
17179869890,17179869890
17179870065,17179870065
17179870071,17179870071
17179870094,17179870094
17179870327,17179870327
17179870430,17179870430
17179870453,17179870453
17179870664,17179870664
17179870749,17179870015
17179870804,17179870804
17179870811,17179870811
17179870983,17179870983
17179871054,17179871054
17179871217,17179869330
17179871234,17179871234
17179871536,17179869690
17179871731,17179869787
17179871867,17179870598
17179871965,17179870097
17179872049,17179872049
17179872236,17179869215
17179872403,17179872403
17179872491,17179870650
17179872493,17179869586
17179872943,17179872943
17179873173,17179869317
17179873330,17179873330
17179873356,17179873356
17179873409,17179873409
17179873613,17179873613
17179873780,17179873780
17179873817,17179873817
17179873997,17179873997
17179874000,17179873773
17179874124,17179874124
17179874142,17179873568
17179874564,17179874564
17179874911,17179874210
17179874989,17179869648
17179875135,17179875135
17179875267,17179874513
17179875866,17179872424
17179876335,17179876335
17179876524,17179876405
17179876988,17179876988
17179877003,17179874192
17179877053,17179869649
17179877222,17179877222
17179877546,17179877546
17179877827,17179872755
17179877835,17179877835
17179877917,17179877917
17179878167,17179874171
17179878181,17179872799
17179878709,17179875557
17179878797,17179878797
17179878837,17179871690
17179878961,17179872439
17179879378,17179877062
17179879387,17179873668
17179879503,17179872974
17179879784,17179874381
17179879890,17179879890
17179880235,17179870714
17179880352,17179880352
17179880415,17179871969
17179880453,17179871094
17179880525,17179870256
17179880816,17179870958
17179881043,17179870659
17179881075,17179878148
17179881148,17179872981
17179881388,17179871644
17179881540,17179878150
17179881621,17179876168
17179881637,17179877429
17179881672,17179876168
17179881800,17179871232
17179882107,17179874126
17179882353,17179882353
17179882624,17179875354
17179882789,17179874736
17179882826,17179870472
17179882941,17179876545
17179883324,17179873850
17179883552,17179874150
17179883569,17179873462
17179883608,17179869563
17179883623,17179870067
17179883630,17179878644
17179883788,17179869678
17179883964,17179869771
17179884378,17179884378
17179884405,17179870405
17179885137,17179885137
17179885280,17179874664
17179885429,17179881853
17179885452,17179873058
17179885514,17179879561
17179885570,17179873054
17179885621,17179872531
17179885739,17179885739
17179886227,17179874564
17179886278,17179869659
17179886430,17179870801
17179887376,17179871947
17179887484,17179881658
17179887648,17179882189
17179887908,17179869875
17179887926,17179874652
17179888201,17179888201
17179888792,17179870754
17179889310,17179870461
17179889317,17179889317
17179889787,17179877793
17179890551,17179873781
17179890714,17179873945
17179890724,17179871652
17179890754,17179873931
17179890816,17179875869
17179890868,17179877085
17179891178,17179871180
17179891332,17179878422
17179891607,17179875280
17179891702,17179875847
17179891717,17179872119
17179891893,17179874687
17179892057,17179870963
17179892165,17179892165
17179892274,17179870324
17179892878,17179872480
17179893052,17179869552
17179893055,17179871198
17179893170,17179877351
17179893213,17179893213
17179893215,17179883365
17179893334,17179874528
17179893358,17179872747
17179893632,17179873532
17179893730,17179886006
17179893901,17179874913
17179894028,17179874805
17179894257,17179877629
17179894269,17179870293
17179894582,17179881642
17179894606,17179870666
17179894816,17179869777
17179895002,17179895002
17179895195,17179870050
17179895953,17179895953
17179896012,17179872574
17179896058,17179869186
17179896086,17179871192
17179896133,17179874037
17179896264,17179870993
17179896388,17179876063
17179896553,17179896553
17179896978,17179870696
17179897216,17179876095
17179897349,17179877994
17179897622,17179869511
17179897727,17179875880
17179897771,17179874269
17179898063,17179870819
17179898677,17179875902
17179898742,17179871698
17179898804,17179877711
17179898937,17179876950
17179898941,17179875805
17179899012,17179873304
17179899390,17179872798
17179899452,17179869695
17179899569,17179870331
17179899707,17179882440
17179899984,17179871165
17179900008,17179870985
17179900157,17179879365
17179900309,17179878101
17179900401,17179876513
17179900599,17179869310
17179900636,17179870001
17179900840,17179871369
17179901186,17179887121
17179901213,17179873239
17179901380,17179869714
17179901530,17179879411
17179901563,17179871293
17179901696,17179880505
17179902105,17179879869
17179869237,17179869237
17179869730,17179869730
17179870045,17179870045
17179870081,17179870081
17179870203,17179870203
17179870252,17179870252
17179870265,17179870265
17179870313,17179870313
17179870335,17179870335
17179870601,17179870601
17179870740,17179870740
17179870898,17179870898
17179871318,17179871318
17179871554,17179869715
17179872099,17179872099
17179872648,17179872648
17179872948,17179869909
17179873017,17179871986
17179873929,17179873929
17179873949,17179873949
17179874015,17179874015
17179874057,17179874057
17179874278,17179874278
17179875114,17179875114
17179875228,17179875228
17179875301,17179873116
17179875367,17179875367
17179875398,17179874830
17179875662,17179875662
17179876005,17179876005
17179876324,17179876324
17179876364,17179871125
17179876644,17179870936
17179876898,17179876596
17179877096,17179877096
17179878335,17179878335
17179878477,17179878477
17179878517,17179869534
17179878626,17179870693
17179879347,17179879347
17179879599,17179870166
17179879752,17179871426
17179880016,17179874073
17179880336,17179872477
17179880451,17179874110
17179880510,17179871978
17179880908,17179873961
17179880970,17179872513
17179881372,17179870561
17179881398,17179880040
17179881802,17179871020
17179882088,17179876111
17179882143,17179870348
17179882223,17179870668
17179882443,17179882443
17179882455,17179870383
17179882472,17179876868
17179882509,17179871365
17179882912,17179882912
17179882954,17179869895
17179883070,17179873750
17179883539,17179872781
17179883711,17179883711
17179883724,17179878780
17179884556,17179879105
17179884602,17179869455
17179885054,17179871622
17179885390,17179877060
17179885543,17179885543
17179885765,17179870256
17179885962,17179874435
17179886049,17179869352
17179886118,17179886118
17179886285,17179871421
17179886319,17179869273
17179886613,17179871950
17179886696,17179886696
17179886838,17179869212
17179887188,17179874264
17179887285,17179873621
17179887441,17179870840
17179887603,17179869269
17179887621,17179875810
17179887933,17179869389
17179888314,17179871206
17179888489,17179880263
17179888813,17179869900
17179889227,17179880069
17179889452,17179869405
17179889709,17179885799
17179889726,17179871588
17179889738,17179877960
17179890074,17179883340
17179890262,17179870906
17179890264,17179872732
17179890298,17179890298
17179890563,17179870258
17179890720,17179869317
17179891036,17179880647
17179891176,17179872015
17179891481,17179871978
17179892491,17179869260
17179892720,17179870001
17179892807,17179870277
17179892934,17179872041
17179893058,17179870803
17179893135,17179893135
17179893377,17179893377
17179893562,17179869709
17179893641,17179893641
17179893675,17179869458
17179893735,17179869926
17179893857,17179871300
17179894036,17179874644
17179894180,17179869926
17179894271,17179894271
17179894400,17179873052
17179894895,17179869945
17179894979,17179879674
17179895067,17179876094
17179895168,17179871904
17179895222,17179869710
17179895273,17179870250
17179895445,17179874533
17179895633,17179875184
17179895727,17179880708
17179895798,17179871435
17179895984,17179873916
17179897301,17179870757
17179897471,17179877542
17179897553,17179870437
17179897665,17179869275
17179897685,17179873015
17179898097,17179869597
17179898144,17179869995
17179898325,17179878281
17179898404,17179882311
17179898574,17179869851
17179898584,17179878780
17179898781,17179878367
17179899102,17179899102
17179899294,17179874547
17179899317,17179870670
17179899338,17179869948
17179899383,17179875424
17179899581,17179872924
17179899685,17179877195
17179900367,17179880898
17179900946,17179872771
17179901609,17179878413
17179902309,17179877227
17179902595,17179874102
17179869495,17179869495
17179869611,17179869611
17179869955,17179869955
17179870043,17179870043
17179870394,17179870394
17179870492,17179869549
17179870776,17179870776
17179870822,17179870822
17179871200,17179870576
17179871208,17179869196
17179871316,17179869533
17179871582,17179871582
17179871878,17179871878
17179871966,17179871966
17179871989,17179869858
17179872135,17179872135
17179872411,17179872411
17179872444,17179872444
17179872538,17179871188
17179872799,17179872799
17179872902,17179870421
17179872975,17179870265
17179873388,17179872905
17179873453,17179872198
17179873534,17179871776
17179873781,17179873781
17179874093,17179874093
17179874173,17179871720
17179874308,17179874308
17179874392,17179873349
17179874501,17179872712
17179874625,17179872303
17179874682,17179869614
17179875167,17179875167
17179875401,17179874936
17179875586,17179870010
17179875599,17179869353
17179875801,17179870754
17179875942,17179875942
17179876020,17179872112
17179876539,17179873981
17179876653,17179872258
17179876726,17179874513
17179876840,17179875459
17179877028,17179877028
17179877182,17179876671
17179877629,17179877629
17179878106,17179877679
17179878215,17179874073
17179878369,17179869826
17179878506,17179869531
17179878591,17179871169
17179878789,17179871329
17179878878,17179872383
17179879158,17179879158
17179879237,17179879237
17179879541,17179879541
17179879589,17179875405
17179879596,17179879596
17179879790,17179872222
17179879998,17179871638
17179880709,17179880709
17179880934,17179876297
17179881089,17179870821
17179881265,17179881265
17179881712,17179869273
17179881996,17179872971
17179882309,17179870465
17179882541,17179875013
17179883199,17179870904
17179883419,17179869231
17179883680,17179877403
17179883857,17179869491
17179883986,17179874014
17179884112,17179878148
17179884612,17179884612
17179885261,17179885261
17179885295,17179876038
17179885367,17179873408
17179885410,17179869465
17179885869,17179874588
17179885903,17179877641
17179885945,17179880156
17179886444,17179869404
17179886719,17179877247
17179886722,17179886722
17179887034,17179869361
17179887386,17179883293
17179887481,17179871720
17179887674,17179870947
17179887812,17179872536
17179887939,17179884895
17179888163,17179873289
17179888386,17179877941
17179888448,17179885059
17179888631,17179870283
17179888851,17179871522
17179888969,17179875201
17179889083,17179869719
17179889389,17179872627
17179889491,17179871181
17179890118,17179869216
17179890408,17179870020
17179890502,17179869432
17179890534,17179873903
17179890548,17179875330
17179890609,17179873464
17179890628,17179870647
17179890786,17179877302
17179891018,17179874868
17179891038,17179869498
17179891092,17179884845
17179891240,17179881225
17179891596,17179870833
17179891602,17179875453
17179891887,17179882013
17179891967,17179883996
17179891975,17179872582
17179892163,17179874401
17179892292,17179869529
17179892505,17179875875
17179892602,17179870826
17179892961,17179869945
17179893394,17179869826
17179893802,17179872534
17179893895,17179869628
17179893963,17179879893
17179894069,17179894069
17179894160,17179871444
17179894292,17179873484
17179894439,17179869715
17179894473,17179894473
17179895024,17179869505
17179895130,17179871215
17179895145,17179870176
17179895330,17179874687
17179895698,17179876052
17179895723,17179871802
17179895934,17179886036
17179895967,17179895967
17179896218,17179874436
17179896344,17179872593
17179896412,17179870759
17179896467,17179870152
17179896661,17179882185
17179896830,17179880479
17179896862,17179878841
17179896991,17179875084
17179896993,17179870012
17179897108,17179897108
17179897161,17179872440
17179897821,17179877046
17179897909,17179873588
17179898354,17179870714
17179898355,17179898355
17179899265,17179881071
17179899282,17179885559
17179899297,17179879380
17179900206,17179869873
17179900524,17179869186
17179900585,17179882538
17179900666,17179900666
17179900757,17179879470
17179900937,17179869715
17179901153,17179870195
17179901716,17179873560
17179869579,17179869579
17179869608,17179869608
17179869687,17179869687
17179869745,17179869745
17179869776,17179869359
17179869994,17179869994
17179870325,17179870325
17179870514,17179870514
17179870519,17179870519
17179871270,17179870515
17179871313,17179871313
17179871564,17179871564
17179871601,17179871601
17179872579,17179872579
17179872636,17179872636
17179872652,17179872652
17179873103,17179873103
17179873214,17179869222
17179873314,17179873262
17179873525,17179873525
17179873601,17179873601
17179873947,17179869269
17179873991,17179873991
17179874185,17179874185
17179874509,17179874509
17179874734,17179871329
17179874896,17179874896
17179876067,17179876067
17179876596,17179876596
17179876868,17179876868
17179877047,17179870216
17179877075,17179877075
17179877128,17179870630
17179877147,17179874758
17179877745,17179877745
17179878040,17179871491
17179878064,17179870162
17179878511,17179877996
17179878549,17179872579
17179878623,17179869518
17179879010,17179877635
17179879168,17179870026
17179879749,17179879749
17179879902,17179873679
17179879964,17179879964
17179880005,17179870818
17179880023,17179876423
17179880162,17179880162
17179880882,17179870480
17179880969,17179875289
17179881088,17179877107
17179881414,17179872273
17179881489,17179872157
17179881636,17179870092
17179881764,17179875312
17179881840,17179871064
17179882128,17179879286
17179882468,17179872981
17179882926,17179870767
17179883077,17179878171
17179883083,17179883083
17179883298,17179878102
17179883445,17179874931
17179883653,17179872440
17179883777,17179870092
17179883947,17179875735
17179884129,17179877061
17179884365,17179876235
17179884375,17179875714
17179884668,17179869378
17179884711,17179871846
17179885094,17179869621
17179885102,17179873688
17179885294,17179869748
17179885474,17179871040
17179885811,17179885811
17179885911,17179885911
17179886218,17179871857
17179886241,17179886241
17179886242,17179873027
17179886297,17179878281
17179886398,17179886398
17179887280,17179877894
17179887554,17179871614
17179887678,17179869473
17179888266,17179869925
17179888349,17179888349
17179888518,17179888518
17179888579,17179869626
17179888746,17179870174
17179889042,17179870192
17179889140,17179870092
17179889177,17179878137
17179889354,17179874114
17179889432,17179875207
17179889494,17179871371
17179889708,17179869827
17179889734,17179875759
17179889742,17179880546
17179889958,17179874616
17179890096,17179877468
17179890285,17179871125
17179890306,17179872411
17179890370,17179874469
17179890487,17179871198
17179890562,17179890562
17179890589,17179872286
17179891180,17179877628
17179891283,17179872213
17179891316,17179882755
17179891413,17179871314
17179891444,17179881592
17179891792,17179872710
17179892394,17179878796
17179892542,17179870669
17179892789,17179874057
17179892828,17179872460
17179893073,17179875391
17179893136,17179877952
17179893171,17179879411
17179893268,17179872935
17179893433,17179870154
17179893579,17179874368
17179893793,17179875393
17179893942,17179882623
17179893948,17179869513
17179894120,17179894120
17179895025,17179869325
17179895152,17179895152
17179895290,17179875962
17179895455,17179874914
17179895485,17179877233
17179895817,17179895817
17179895942,17179871276
17179895997,17179871130
17179896081,17179869292
17179896314,17179881228
17179896503,17179880615
17179896522,17179880769
17179896749,17179896749
17179896760,17179869411
17179896887,17179896887
17179897011,17179880898
17179897039,17179869285
17179897515,17179871671
17179897564,17179897564
17179897599,17179872832
17179897605,17179871843
17179897731,17179897731
17179897988,17179872125
17179898094,17179883365
17179898564,17179869710
17179898801,17179890310
17179899203,17179874588
17179899502,17179872829
17179899677,17179873979
17179899854,17179871558
17179899940,17179872374
17179900057,17179874355
17179900311,17179900311
17179900330,17179871689
17179900346,17179870656
17179900661,17179873735
17179901164,17179883795
17179901212,17179875405
17179901601,17179871417
17179901672,17179872482
17179901674,17179898227
17179901740,17179872985
17179901759,17179872991
17179901880,17179870174
17179902252,17179869823
17179902494,17179880669
17179902612,17179902612
17179869297,17179869297
17179869377,17179869377
17179869575,17179869575
17179869954,17179869954
17179869977,17179869977
17179870073,17179870073
17179870246,17179870029
17179870587,17179870587
17179870630,17179870630
17179870796,17179870796
17179870919,17179870919
17179871139,17179871139
17179871588,17179871588
17179871884,17179869969
17179872270,17179872270
17179872759,17179871402
17179872780,17179870381
17179873076,17179873076
17179873129,17179873129
17179873611,17179873305
17179873704,17179871755
17179873917,17179871138
17179874285,17179869619
17179874370,17179871855
17179874474,17179873121
17179874895,17179869623
17179875074,17179869406
17179875188,17179875188
17179875682,17179874389
17179875698,17179875698
17179875910,17179872238
17179875947,17179871559
17179875961,17179875961
17179876175,17179870555
17179876191,17179872110
17179876250,17179872639
17179876619,17179876619
17179876833,17179876185
17179876973,17179873879
17179877005,17179869316
17179877091,17179869518
17179877385,17179877385
17179877464,17179877464
17179877642,17179877642
17179877662,17179877662
17179877957,17179873029
17179878079,17179871779
17179878313,17179878191
17179878382,17179872831
17179878683,17179873945
17179878902,17179873808
17179879292,17179869591
17179879303,17179873571
17179879511,17179871011
17179879621,17179879621
17179879675,17179874585
17179879777,17179871501
17179879812,17179870020
17179880076,17179880076
17179880146,17179872593
17179880392,17179876257
17179880467,17179877796
17179880587,17179880421
17179880862,17179870591
17179881114,17179881114
17179881206,17179881143
17179881216,17179870730
17179881234,17179869366
17179881295,17179871418
17179881326,17179869474
17179881542,17179881542
17179882021,17179882021
17179882173,17179871410
17179882475,17179870189
17179882538,17179882538
17179882652,17179870630
17179882890,17179870050
17179883078,17179870041
17179883192,17179870168
17179883417,17179882667
17179883473,17179873910
17179883740,17179871236
17179884139,17179884139
17179884300,17179870555
17179884301,17179878595
17179884542,17179882438
17179884588,17179872745
17179884894,17179875367
17179885123,17179881276
17179885126,17179877733
17179885155,17179875654
17179885750,17179874074
17179886357,17179869218
17179886582,17179878180
17179886598,17179886598
17179887096,17179873939
17179887305,17179869696
17179887685,17179870000
17179887770,17179873297
17179888036,17179872996
17179888276,17179869762
17179888720,17179885659
17179888819,17179874797
17179889047,17179871675
17179889059,17179872071
17179889142,17179872788
17179889196,17179876942
17179889215,17179870955
17179889262,17179877193
17179889360,17179870269
17179889689,17179873316
17179889808,17179872910
17179889972,17179869581
17179890280,17179882683
17179890326,17179877177
17179890623,17179872915
17179890753,17179890753
17179890850,17179869801
17179890917,17179873532
17179890932,17179871663
17179891214,17179880107
17179891242,17179872164
17179891916,17179879347
17179891935,17179870609
17179892023,17179882871
17179892033,17179878915
17179892116,17179872869
17179892139,17179892139
17179892162,17179877395
17179892294,17179878157
17179892580,17179892580
17179892590,17179884840
17179893111,17179874564
17179893149,17179871385
17179893321,17179875735
17179893499,17179877566
17179893714,17179870841
17179894786,17179869864
17179894846,17179883297
17179895109,17179872257
17179895377,17179869581
17179895612,17179870015
17179895890,17179874459
17179896020,17179872343
17179896249,17179870828
17179896274,17179873565
17179896438,17179869580
17179896566,17179869967
17179896580,17179879561
17179896736,17179877335
17179896819,17179873696
17179896988,17179885209
17179897781,17179871080
17179897817,17179869542
17179898202,17179898202
17179898689,17179898689
17179898955,17179879428
17179899037,17179870946
17179899238,17179877552
17179899361,17179899361
17179899424,17179879266
17179899647,17179880795
17179899678,17179874661
17179899836,17179899836
17179899909,17179871649
17179899938,17179872032
17179899989,17179870982
17179900084,17179869531
17179900091,17179871071
17179900270,17179869574
17179900443,17179876548
17179901260,17179876970
17179902051,17179880103
17179869270,17179869270
17179869703,17179869703
17179869769,17179869769
17179869870,17179869423
17179869882,17179869882
17179870236,17179870236
17179870241,17179869558
17179870400,17179870400
17179870695,17179870695
17179870839,17179870839
17179871088,17179869629
17179871449,17179871449
17179871549,17179871549
17179872111,17179871739
17179872116,17179872116
17179872244,17179872244
17179873201,17179873119
17179873823,17179873147
17179874252,17179873366
17179874351,17179870818
17179874393,17179874393
17179874571,17179874571
17179874599,17179870236
17179874826,17179870479
17179874861,17179869832
17179874879,17179874879
17179874994,17179870381
17179875045,17179872564
17179875056,17179870304
17179875124,17179873408
17179875408,17179873486
17179875765,17179875765
17179876077,17179869931
17179876146,17179870405
17179876181,17179876181
17179876193,17179872574
17179876247,17179876247
17179876680,17179876680
17179876718,17179870302
17179876773,17179871004
17179876913,17179869681
17179876972,17179876972
17179876995,17179871157
17179877013,17179877013
17179877100,17179877100
17179877163,17179877163
17179877195,17179877195
17179877397,17179877397
17179877454,17179869444
17179877516,17179877516
17179877753,17179869290
17179877889,17179873927
17179877904,17179874266
17179877910,17179869752
17179878324,17179878324
17179878418,17179878418
17179878545,17179871606
17179879042,17179869882
17179879115,17179869220
17179879470,17179879470
17179879594,17179874216
17179879819,17179878848
17179879834,17179872810
17179880003,17179876575
17179880978,17179880978
17179881124,17179870335
17179881221,17179870891
17179881393,17179881393
17179881937,17179881937
17179881949,17179874873
17179882177,17179871453
17179882248,17179882248
17179882693,17179874602
17179882715,17179878447
17179882778,17179874539
17179883316,17179878102
17179883443,17179881619
17179883548,17179873039
17179883966,17179873121
17179884099,17179873487
17179884143,17179884143
17179884158,17179877461
17179884193,17179877029
17179884703,17179876626
17179884729,17179874467
17179884887,17179877554
17179885613,17179877179
17179886015,17179869429
17179886022,17179872848
17179886259,17179871421
17179886368,17179886368
17179886952,17179870539
17179887214,17179870692
17179887359,17179869460
17179887375,17179883334
17179887417,17179872394
17179887522,17179876534
17179887626,17179878168
17179887716,17179870015
17179887814,17179878697
17179887819,17179887819
17179887985,17179871534
17179888099,17179871480
17179888321,17179876596
17179888441,17179872056
17179888454,17179871237
17179889186,17179873975
17179889331,17179870365
17179889594,17179875207
17179889857,17179877085
17179889878,17179870298
17179890219,17179883369
17179890373,17179890373
17179890602,17179878844
17179890878,17179869245
17179891026,17179876387
17179891113,17179870789
17179891198,17179869438
17179891203,17179878329
17179891252,17179869875
17179891542,17179876525
17179891705,17179870451
17179891767,17179870744
17179891989,17179891989
17179892070,17179872540
17179892104,17179874988
17179892234,17179877794
17179892382,17179869304
17179892749,17179870893
17179892871,17179875783
17179893059,17179872453
17179893403,17179870541
17179893552,17179893552
17179893826,17179869772
17179894349,17179869810
17179894622,17179874141
17179894886,17179875421
17179894966,17179873450
17179894993,17179869586
17179895614,17179885511
17179895649,17179878342
17179895737,17179871598
17179895749,17179871112
17179895937,17179873116
17179896598,17179869745
17179896692,17179873696
17179896884,17179870343
17179896948,17179873042
17179897083,17179897083
17179897776,17179873331
17179897921,17179874014
17179898245,17179869816
17179898662,17179898662
17179898798,17179873029
17179899186,17179881046
17179899262,17179875191
17179899308,17179874932
17179899335,17179869352
17179899372,17179899372
17179899518,17179871981
17179899778,17179885874
17179900038,17179871044
17179900248,17179883818
17179900255,17179872055
17179900353,17179888888
17179900959,17179871057
17179901190,17179870603
17179901572,17179869221
17179901830,17179874559
17179901920,17179875573
17179902020,17179872351
17179902024,17179874863
17179902331,17179874150
17179902449,17179870108
17179869330,17179869330
17179869490,17179869490
17179870500,17179869268
17179870556,17179870556
17179870987,17179870987
17179871073,17179870054
17179871309,17179869606
17179871829,17179871829
17179871907,17179871907
17179871938,17179871938
17179872208,17179872208
17179872448,17179870971
17179872879,17179872879
17179872921,17179871827
17179872962,17179872962
17179873209,17179869398
17179873252,17179871665
17179873629,17179870838
17179873756,17179873756
17179874072,17179874072
17179874336,17179874336
17179874788,17179874788
17179875165,17179875165
17179875320,17179870100
17179875440,17179870942
17179875503,17179872858
17179875613,17179873294
17179876577,17179876577
17179876608,17179869589
17179876683,17179876683
17179876784,17179870191
17179877217,17179873618
17179877310,17179874063
17179877462,17179869737
17179877530,17179871674
17179877752,17179869432
17179877817,17179870974
17179877922,17179871743
17179877925,17179869378
17179877997,17179870202
17179878291,17179878291
17179878413,17179878413
17179878450,17179869619
17179878489,17179869450
17179878501,17179871351
17179878607,17179878607
17179878616,17179872156
17179878681,17179877686
17179878755,17179878755
17179878987,17179878987
17179879512,17179869412
17179879820,17179879820
17179879953,17179871510
17179880380,17179880380
17179880622,17179871528
17179880949,17179874266
17179880988,17179880988
17179881654,17179871710
17179881963,17179872570
17179882375,17179869743
17179882674,17179874446
17179882712,17179870556
17179883270,17179878773
17179883291,17179870948
17179883326,17179883326
17179883658,17179870597
17179883921,17179869810
17179883959,17179883959
17179884058,17179870690
17179884132,17179871897
17179884414,17179884414
17179884649,17179874264
17179884777,17179869703
17179885048,17179873604
17179885497,17179874743
17179886072,17179874933
17179886106,17179871528
17179886454,17179872396
17179886492,17179873915
17179886664,17179871971
17179886776,17179875625
17179886873,17179886873
17179887064,17179870664
17179887252,17179876480
17179887462,17179884279
17179887583,17179870541
17179887725,17179876876
17179887757,17179875367
17179887880,17179877151
17179887932,17179873990
17179888387,17179870056
17179888425,17179888425
17179888583,17179888583
17179888621,17179874319
17179888779,17179871349
17179889097,17179888821
17179889739,17179880945
17179889925,17179875111
17179890111,17179890111
17179890309,17179869678
17179890486,17179872970
17179890655,17179872399
17179890804,17179871570
17179891537,17179877370
17179891637,17179872441
17179891806,17179872788
17179891904,17179884273
17179892203,17179878864
17179892269,17179875146
17179892457,17179870974
17179892528,17179869423
17179893051,17179869708
17179893205,17179873387
17179893233,17179873765
17179893406,17179880586
17179893561,17179872372
17179893971,17179872761
17179894094,17179871877
17179894117,17179870674
17179894618,17179881542
17179894881,17179870418
17179894903,17179871871
17179895427,17179869481
17179895705,17179869819
17179895842,17179876711
17179896446,17179896446
17179896453,17179889564
17179896494,17179871547
17179896515,17179876960
17179896726,17179883409
17179896781,17179870742
17179896986,17179873853
17179897045,17179887459
17179897126,17179871419
17179897165,17179881198
17179897393,17179871937
17179897499,17179872366
17179897559,17179873429
17179897975,17179874128
17179898463,17179898463
17179898809,17179877533
17179898908,17179869649
17179899113,17179880323
17179899368,17179870649
17179899371,17179870942
17179899893,17179871189
17179900295,17179876842
17179900351,17179875816
17179900658,17179870575
17179901064,17179880083
17179901067,17179879837
17179901091,17179870647
17179901354,17179901354
17179901378,17179869288
17179901929,17179873977
17179902104,17179877968
17179902241,17179875321
17179902464,17179875324
17179902513,17179878293
17179902600,17179869697
17179869359,17179869359
17179870421,17179870421
17179870489,17179870489
17179870688,17179870688
17179870961,17179870252
17179871362,17179869404
17179871690,17179871690
17179871799,17179870686
17179872051,17179872051
17179872341,17179872341
17179872354,17179872354
17179872359,17179872359
17179872383,17179872383
17179872499,17179872499
17179872625,17179869777
17179872897,17179869715
17179872980,17179871923
17179873442,17179870325
17179873479,17179873475
17179873693,17179870532
17179873937,17179873937
17179874067,17179874067
17179874242,17179874242
17179874639,17179872004
17179874871,17179874871
17179875061,17179875061
17179875109,17179871165
17179875309,17179875309
17179875334,17179869669
17179875605,17179875605
17179875802,17179874117
17179876034,17179876034
17179876676,17179876676
17179877123,17179870967
17179877480,17179875896
17179877507,17179877507
17179877903,17179877903
17179878342,17179878342
17179878833,17179870534
17179878966,17179876158
17179879114,17179871927
17179879133,17179879133
17179879386,17179869715
17179879690,17179879690
17179880641,17179879674
17179880746,17179869323
17179880875,17179869537
17179881308,17179874315
17179881470,17179869714
17179881526,17179869268
17179881781,17179869991
17179882148,17179882148
17179882640,17179872610
17179882806,17179875138
17179882829,17179882829
17179883103,17179883103
17179883936,17179870883
17179884072,17179876857
17179884075,17179884075
17179884257,17179873050
17179884258,17179876660
17179884329,17179870372
17179884337,17179880572
17179884392,17179884392
17179884914,17179874876
17179885415,17179869703
17179885565,17179884087
17179885850,17179870971
17179886051,17179870394
17179886456,17179873850
17179886469,17179886469
17179886585,17179869553
17179886848,17179869285
17179886886,17179882068
17179887434,17179876835
17179887540,17179870904
17179887865,17179887865
17179888010,17179874873
17179888028,17179871883
17179888169,17179876911
17179888398,17179888398
17179888600,17179874198
17179888607,17179870789
17179888659,17179869269
17179888671,17179875768
17179888780,17179888780
17179888910,17179877973
17179889006,17179871128
17179889280,17179889280
17179889615,17179878386
17179889620,17179889620
17179889714,17179871681
17179889959,17179869818
17179890193,17179871694
17179890498,17179870754
17179890674,17179869981
17179890954,17179886287
17179890965,17179871240
17179891320,17179871417
17179891381,17179872763
17179891391,17179869420
17179891491,17179869903
17179891496,17179871495
17179891888,17179891888
17179892114,17179892114
17179892350,17179870457
17179892482,17179882401
17179892846,17179869434
17179892912,17179873879
17179892928,17179874586
17179893032,17179884483
17179893572,17179870020
17179893703,17179869369
17179893788,17179869955
17179893858,17179879352
17179894102,17179871487
17179894108,17179877519
17179894390,17179882413
17179894631,17179873891
17179894930,17179874198
17179895396,17179869301
17179895906,17179870787
17179896103,17179873568
17179896381,17179875136
17179896704,17179877335
17179896836,17179869827
17179897202,17179897202
17179897637,17179875900
17179897653,17179874906
17179898147,17179872033
17179898250,17179871833
17179898464,17179875901
17179898494,17179872564
17179898701,17179872245
17179898910,17179880998
17179898970,17179873178
17179899274,17179874050
17179899770,17179887883
17179899818,17179875746
17179900058,17179869992
17179900123,17179870053
17179900156,17179871144
17179900262,17179877137
17179900348,17179877814
17179900494,17179875618
17179900528,17179877593
17179900675,17179872970
17179900752,17179869332
17179900770,17179887322
17179900827,17179870324
17179900857,17179876189
17179901034,17179871871
17179901396,17179878552
17179901516,17179869456
17179901611,17179869276
17179901656,17179872020
17179901807,17179889974
17179901937,17179886303
17179901958,17179871125
17179901997,17179869341
17179902268,17179872638
17179902340,17179870323
17179902341,17179870742
17179869232,17179869232
17179869365,17179869365
17179869451,17179869451
17179869494,17179869494
17179869873,17179869873
17179870083,17179870083
17179870266,17179870266
17179870483,17179870483
17179870670,17179870670
17179871046,17179871046
17179871090,17179871090
17179871255,17179869682
17179871451,17179871425
17179871933,17179871933
17179871977,17179871977
17179872057,17179872057
17179872221,17179872221
17179872776,17179872776
17179873032,17179873032
17179873045,17179869573
17179873071,17179872808
17179873306,17179873306
17179873414,17179873414
17179873776,17179873358
17179874548,17179874548
17179874715,17179871531
17179874810,17179870336
17179874814,17179869504
17179874987,17179874268
17179875003,17179870989
17179875014,17179873050
17179875055,17179871603
17179875430,17179872107
17179875567,17179871987
17179875642,17179875642
17179875837,17179871933
17179876520,17179876520
17179876525,17179876525
17179876822,17179876822
17179876926,17179874535
17179877189,17179869758
17179877504,17179875442
17179877921,17179877921
17179878122,17179878122
17179878466,17179870884
17179878618,17179869486
17179878726,17179878726
17179878784,17179871914
17179879023,17179875895
17179879105,17179879105
17179879548,17179875894
17179879601,17179873331
17179879688,17179871534
17179879717,17179879717
17179879858,17179879858
17179880138,17179873551
17179880228,17179870715
17179880533,17179872460
17179880721,17179880721
17179881048,17179870104
17179881182,17179877566
17179881404,17179876261
17179881534,17179881534
17179881626,17179874395
17179881646,17179873310
17179881871,17179874386
17179882142,17179870199
17179882221,17179869359
17179882420,17179882406
17179883079,17179872060
17179883297,17179883297
17179883315,17179873657
17179883581,17179875561
17179883865,17179883865
17179883894,17179871230
17179884125,17179874021
17179884144,17179877229
17179884148,17179870861
17179884366,17179877814
17179884379,17179872672
17179884654,17179869559
17179884935,17179878786
17179885223,17179885223
17179885505,17179869336
17179885752,17179869550
17179885786,17179869595
17179886005,17179873080
17179886550,17179872895
17179886560,17179886560
17179887431,17179872769
17179887461,17179870560
17179887608,17179872418
17179887636,17179887636
17179887800,17179872582
17179888004,17179869336
17179888538,17179888538
17179888546,17179886006
17179888948,17179870207
17179889034,17179877078
17179889120,17179870199
17179889961,17179878058
17179890015,17179878116
17179890105,17179882013
17179890157,17179890157
17179890266,17179876515
17179890665,17179890665
17179891215,17179869488
17179891533,17179870838
17179892351,17179892351
17179892411,17179875799
17179892449,17179870853
17179892639,17179875528
17179892760,17179892760
17179893194,17179870906
17179893224,17179880747
17179893369,17179870275
17179893385,17179876483
17179893538,17179884738
17179894229,17179875500
17179894370,17179894370
17179894493,17179877193
17179894665,17179881369
17179894734,17179874359
17179894746,17179870753
17179894920,17179874014
17179895028,17179872991
17179895048,17179870193
17179895431,17179871932
17179895588,17179876325
17179895710,17179869330
17179895748,17179873633
17179895815,17179895815
17179896419,17179878354
17179896561,17179878488
17179896676,17179875877
17179897303,17179872461
17179897371,17179870198
17179897372,17179871346
17179897529,17179883925
17179897604,17179872509
17179897682,17179887798
17179897836,17179871624
17179897855,17179871745
17179898054,17179869790
17179898263,17179869940
17179898294,17179873241
17179898311,17179891940
17179898710,17179873563
17179899255,17179897083
17179899257,17179869591
17179899341,17179877279
17179899530,17179869903
17179899564,17179874172
17179900074,17179900074
17179900193,17179871600
17179900538,17179873074
17179900620,17179874762
17179900688,17179872558
17179900832,17179872522
17179900949,17179900949
17179901130,17179869470
17179901200,17179870822
17179901326,17179874058
17179901422,17179874678
17179901485,17179873963
17179901579,17179881269
17179901911,17179879793
17179902110,17179870523
17179902162,17179873718
17179902305,17179869875
17179902457,17179871599
17179902510,17179870683
17179869227,17179869227
17179869362,17179869362
17179869396,17179869396
17179869654,17179869654
17179870244,17179870244
17179870276,17179870276
17179870759,17179870759
17179870789,17179870789
17179871157,17179871157
17179871379,17179869722
17179871894,17179871894
17179871939,17179871939
17179872285,17179872285
17179872333,17179870283
17179872404,17179869520
17179872477,17179872477
17179872505,17179872505
17179872552,17179869301
17179872744,17179869973
17179873451,17179870602
17179873734,17179872120
17179873786,17179869923
17179873864,17179873864
17179873880,17179870419
17179873906,17179870638
17179873974,17179873974
17179874204,17179869797
17179874535,17179874535
17179874628,17179871400
17179875214,17179875214
17179875241,17179870162
17179875252,17179870057
17179875359,17179875359
17179875596,17179875596
17179876147,17179876147
17179876337,17179873798
17179876365,17179870905
17179876607,17179869416
17179876693,17179871843
17179876892,17179870476
17179877238,17179869584
17179877459,17179874975
17179877512,17179869836
17179877564,17179871645
17179877799,17179869777
17179877860,17179877057
17179877891,17179877891
17179877956,17179870086
17179878415,17179870853
17179878514,17179872282
17179878541,17179878541
17179878578,17179878578
17179878674,17179878674
17179878714,17179869593
17179878895,17179873247
17179878906,17179870257
17179879293,17179874797
17179879335,17179870704
17179879631,17179879631
17179879677,17179876034
17179880337,17179870763
17179880397,17179876003
17179880697,17179871904
17179880737,17179880737
17179880910,17179870451
17179881026,17179872947
17179881536,17179869533
17179881699,17179881699
17179881860,17179878915
17179881905,17179877636
17179882724,17179880961
17179882728,17179881163
17179882959,17179870904
17179883011,17179880851
17179883456,17179875578
17179883497,17179869578
17179883620,17179880147
17179883800,17179869826
17179883993,17179870358
17179884489,17179884489
17179884490,17179869960
17179884561,17179870856
17179884686,17179869511
17179884756,17179875203
17179885092,17179869399
17179885170,17179872788
17179885292,17179869698
17179885347,17179876948
17179885487,17179875832
17179885506,17179873206
17179885813,17179873484
17179886133,17179871631
17179886685,17179872423
17179886924,17179886822
17179887159,17179870931
17179887415,17179871491
17179887604,17179883296
17179887775,17179873514
17179887949,17179869231
17179887997,17179871147
17179888129,17179883821
17179888153,17179871068
17179888162,17179873346
17179888184,17179873393
17179888261,17179871690
17179889041,17179873932
17179889130,17179889130
17179889138,17179871946
17179889162,17179889162
17179889180,17179873454
17179889228,17179871273
17179889266,17179877403
17179889342,17179874629
17179889352,17179876168
17179889487,17179879286
17179889661,17179871375
17179890250,17179869365
17179890336,17179875607
17179891273,17179869796
17179891355,17179873269
17179891852,17179879657
17179891936,17179870297
17179892316,17179869957
17179892319,17179877666
17179892451,17179869336
17179892761,17179871237
17179893026,17179873565
17179893765,17179893765
17179893837,17179869631
17179894074,17179875038
17179894137,17179874952
17179894157,17179879196
17179894185,17179874823
17179894249,17179874800
17179894350,17179869875
17179894444,17179871024
17179894698,17179870904
17179894735,17179879234
17179894948,17179869411
17179895071,17179872131
17179895218,17179879055
17179895475,17179878409
17179895549,17179869598
17179895677,17179874533
17179895921,17179875668
17179895989,17179880360
17179896042,17179870770
17179896161,17179870917
17179896199,17179872426
17179896217,17179871437
17179896298,17179877853
17179896527,17179871371
17179896546,17179875764
17179896593,17179869991
17179896871,17179872521
17179896894,17179878705
17179896932,17179881143
17179897103,17179869289
17179897228,17179872601
17179897264,17179882892
17179897312,17179873031
17179897572,17179869885
17179897698,17179877696
17179897969,17179869505
17179898045,17179882042
17179898196,17179873054
17179898332,17179870504
17179898660,17179898660
17179898852,17179870952
17179899049,17179878158
17179899130,17179882068
17179899847,17179870819
17179900088,17179873698
17179900181,17179874896
17179900294,17179871602
17179900455,17179871024
17179900557,17179881573
17179900642,17179883293
17179900735,17179869649
17179901029,17179873480
17179901033,17179873674
17179901234,17179876680
17179901413,17179870609
17179901764,17179874800
17179901964,17179879077
17179901979,17179875517
17179902312,17179869539
17179902329,17179870752
17179902345,17179877279
17179902363,17179873010
17179902501,17179881393
17179902568,17179878137
17179869801,17179869801
17179869811,17179869811
17179869974,17179869974
17179870015,17179870015
17179870475,17179870475
17179870753,17179870753
17179870881,17179870881
17179870914,17179870914
17179871461,17179869603
17179871463,17179871463
17179871532,17179871532
17179871567,17179871567
17179871664,17179870253
17179871919,17179871518
17179871972,17179871972
17179872020,17179872020
17179872143,17179872143
17179872353,17179872353
17179872484,17179872484
17179873040,17179872763
17179873051,17179871424
17179873084,17179869845
17179873145,17179873145
17179873226,17179873226
17179873255,17179873255
17179873379,17179873379
17179873579,17179869518
17179873928,17179871647
17179873955,17179873955
17179873986,17179873986
17179874216,17179874216
17179874346,17179872040
17179874462,17179874462
17179874755,17179874755
17179874848,17179871331
17179875091,17179875091
17179875391,17179875391
17179875555,17179869625
17179875753,17179869458
17179875800,17179875800
17179876030,17179871075
17179876287,17179869423
17179876330,17179874673
17179876334,17179871482
17179876375,17179876375
17179876392,17179869774
17179876486,17179876486
17179876751,17179876751
17179876931,17179876931
17179877105,17179877105
17179877458,17179877458
17179877558,17179877558
17179877762,17179872113
17179877998,17179870105
17179878100,17179869597
17179878134,17179870016
17179878206,17179871122
17179878278,17179869484
17179878376,17179878376
17179879061,17179871613
17179879472,17179872494
17179879801,17179869405
17179880033,17179880033
17179880062,17179874809
17179880707,17179870816
17179880898,17179880898
17179881292,17179872046
17179881302,17179881302
17179881615,17179870151
17179881816,17179870130
17179881983,17179870643
17179882308,17179877950
17179882639,17179870055
17179882643,17179871174
17179882860,17179874871
17179883069,17179875782
17179883132,17179874585
17179883219,17179873963
17179883255,17179879506
17179883268,17179871665
17179883458,17179870249
17179883521,17179883036
17179883666,17179870074
17179883856,17179869967
17179883881,17179871992
17179884005,17179884005
17179884038,17179869819
17179884063,17179870913
17179884283,17179877870
17179884985,17179869887
17179885056,17179873568
17179885160,17179871351
17179885205,17179874198
17179885812,17179885812
17179886257,17179875913
17179886397,17179874094
17179886714,17179872534
17179887084,17179874643
17179887643,17179883968
17179887719,17179870357
17179888113,17179874368
17179888611,17179871881
17179889094,17179871384
17179889518,17179871009
17179889590,17179876447
17179890348,17179890348
17179890376,17179873636
17179890511,17179870504
17179890906,17179871650
17179891032,17179880960
17179891053,17179873783
17179891336,17179869230
17179891600,17179874665
17179891751,17179871151
17179891991,17179870950
17179892014,17179870366
17179892045,17179888627
17179892049,17179892049
17179892067,17179870091
17179892149,17179874952
17179892174,17179886287
17179892230,17179870636
17179892653,17179874087
17179893168,17179893168
17179893282,17179871739
17179893456,17179878293
17179893759,17179875945
17179893933,17179876050
17179893995,17179893995
17179894001,17179870279
17179894014,17179872521
17179894115,17179894115
17179894245,17179871494
17179894443,17179881619
17179894500,17179873931
17179894585,17179869324
17179894642,17179874030
17179894736,17179880919
17179894774,17179873310
17179894810,17179876422
17179894855,17179871142
17179894984,17179871588
17179895050,17179876072
17179895275,17179880082
17179895847,17179872332
17179895946,17179877261
17179896098,17179876387
17179896178,17179870372
17179896284,17179873322
17179897140,17179875227
17179897630,17179881287
17179897896,17179882313
17179898090,17179869620
17179898247,17179869950
17179898284,17179871842
17179898763,17179869862
17179899073,17179869580
17179899352,17179869625
17179899366,17179882386
17179899699,17179871650
17179899786,17179884192
17179899925,17179890298
17179900791,17179869353
17179900999,17179900999
17179901099,17179869525
17179901496,17179872136
17179901566,17179872558
17179901786,17179901786
17179901888,17179870959
17179902150,17179869309
17179902236,17179871897
17179902270,17179875058
17179902295,17179872680
17179902302,17179880199
17179902567,17179879183
17179869198,17179869198
17179869265,17179869230
17179869458,17179869458
17179869848,17179869848
17179870010,17179870010
17179870087,17179870087
17179870256,17179870256
17179870482,17179869911
17179870560,17179870560
17179870731,17179869652
17179870735,17179870735
17179870814,17179870814
17179870950,17179870950
17179871224,17179869572
17179871296,17179871296
17179871569,17179871569
17179871595,17179871595
17179871909,17179871909
17179872224,17179870327
17179872727,17179872727
17179872841,17179872841
17179873215,17179870816
17179873286,17179870530
17179874105,17179874105
17179874290,17179871741
17179874387,17179869685
17179874429,17179874429
17179874827,17179873574
17179875382,17179875382
17179875477,17179869358
17179875687,17179874815
17179875702,17179875702
17179876003,17179876003
17179876261,17179876261
17179876788,17179870910
17179876914,17179869616
17179877038,17179876520
17179877395,17179877395
17179877431,17179877431
17179877498,17179877498
17179877577,17179874465
17179877668,17179873062
17179877976,17179874211
17179878176,17179878176
17179878473,17179878473
17179878481,17179869205
17179879285,17179870432
17179879598,17179876178
17179879699,17179874094
17179879815,17179879815
17179879848,17179875571
17179880002,17179876569
17179880306,17179869625
17179880480,17179879022
17179880486,17179874551
17179880569,17179877811
17179880649,17179880649
17179880669,17179880669
17179881005,17179870408
17179881047,17179878865
17179881120,17179876177
17179881238,17179872534
17179881283,17179881283
17179881462,17179870192
17179881767,17179881767
17179881852,17179869315
17179881859,17179877662
17179881954,17179873039
17179881979,17179874465
17179882279,17179880222
17179882507,17179874047
17179882573,17179877914
17179882669,17179879055
17179883511,17179872015
17179884110,17179884110
17179884213,17179884213
17179884230,17179884230
17179884271,17179884271
17179884282,17179870405
17179884371,17179884371
17179884526,17179875369
17179884589,17179881655
17179884696,17179882396
17179884793,17179871256
17179884901,17179870998
17179884956,17179872831
17179885230,17179869238
17179885495,17179873308
17179885498,17179869543
17179885655,17179869661
17179885788,17179876187
17179886085,17179875581
17179886184,17179872642
17179886194,17179876409
17179886371,17179876217
17179886657,17179879869
17179886932,17179869723
17179887093,17179874172
17179887114,17179871000
17179887221,17179873346
17179887572,17179876575
17179887664,17179876911
17179887727,17179870114
17179887781,17179870780
17179888320,17179871113
17179888478,17179878935
17179888758,17179875791
17179888977,17179886329
17179888998,17179880449
17179889013,17179872832
17179889108,17179872633
17179889254,17179883332
17179889932,17179889932
17179890008,17179875635
17179891297,17179869616
17179891452,17179878785
17179891499,17179869919
17179891819,17179877256
17179891896,17179879124
17179891950,17179891950
17179892128,17179871702
17179892151,17179872638
17179892313,17179878449
17179892364,17179872383
17179892495,17179871883
17179893154,17179873176
17179893272,17179884837
17179893450,17179873937
17179893461,17179885559
17179893708,17179871428
17179893962,17179875694
17179893996,17179873057
17179894415,17179869715
17179894427,17179888221
17179894565,17179871932
17179894661,17179874751
17179894679,17179878581
17179894957,17179873230
17179895110,17179874695
17179895602,17179877524
17179895676,17179874551
17179895822,17179870827
17179896279,17179873474
17179896281,17179896281
17179896351,17179871793
17179896501,17179875165
17179896963,17179869815
17179897352,17179897352
17179897672,17179870753
17179897767,17179872690
17179898022,17179871450
17179898089,17179873024
17179898186,17179879301
17179898237,17179873604
17179898447,17179886339
17179898626,17179869940
17179898776,17179877893
17179899253,17179872628
17179899562,17179872808
17179899638,17179869411
17179899695,17179874815
17179899706,17179870829
17179900208,17179872330
17179900228,17179872061
17179900708,17179874024
17179900985,17179871322
17179901277,17179878492
17179901509,17179871280
17179901708,17179870650
17179869318,17179869318
17179869422,17179869422
17179869476,17179869476
17179869698,17179869698
17179870086,17179870086
17179870132,17179870132
17179870209,17179870209
17179870258,17179870258
17179870419,17179870419
17179870537,17179870130
17179870651,17179869498
17179870746,17179870746
17179871209,17179871209
17179871361,17179870536
17179871561,17179871561
17179871630,17179871630
17179871950,17179871950
17179872106,17179869386
17179872447,17179871231
17179872618,17179869967
17179873039,17179873039
17179873169,17179873169
17179873578,17179870366
17179873642,17179873642
17179873697,17179873062
17179873742,17179873742
17179873832,17179869544
17179873899,17179873032
17179874034,17179869318
17179874532,17179872712
17179874923,17179873548
17179874935,17179869967
17179875597,17179875597
17179875618,17179875618
17179875653,17179875653
17179876070,17179874055
17179876227,17179870757
17179876256,17179874391
17179876494,17179871744
17179876496,17179870162
17179876636,17179871212
17179876749,17179876749
17179876816,17179876816
17179876820,17179876820
17179876935,17179869677
17179876970,17179876970
17179877049,17179877049
17179877258,17179873885
17179877791,17179870925
17179877953,17179870011
17179878070,17179877177
17179878153,17179878153
17179878184,17179869818
17179878632,17179878632
17179878746,17179875596
17179878771,17179878771
17179879270,17179870324
17179879553,17179871125
17179880027,17179870624
17179880063,17179873642
17179880416,17179870964
17179880993,17179880993
17179881623,17179877176
17179881640,17179881640
17179882132,17179882132
17179882344,17179872422
17179882378,17179869266
17179882408,17179882408
17179882458,17179881276
17179882518,17179875847
17179882554,17179871812
17179882677,17179869415
17179882725,17179870015
17179882843,17179882843
17179883241,17179870192
17179883311,17179869239
17179883457,17179880360
17179883501,17179872312
17179883795,17179883795
17179883870,17179878303
17179884030,17179875390
17179884108,17179870820
17179884109,17179869641
17179884180,17179872359
17179884491,17179869873
17179884492,17179884492
17179884582,17179875961
17179884583,17179873508
17179884584,17179883238
17179884716,17179880505
17179885089,17179869715
17179885176,17179873431
17179885214,17179881506
17179885386,17179876034
17179885575,17179876010
17179885837,17179871622
17179885856,17179869761
17179886151,17179876297
17179886308,17179875265
17179886529,17179886529
17179886589,17179880242
17179886661,17179873420
17179886679,17179874121
17179886720,17179869719
17179887259,17179869207
17179887528,17179873806
17179887768,17179872337
17179887877,17179876223
17179888052,17179886698
17179888500,17179869532
17179888550,17179871495
17179888588,17179870971
17179888936,17179888936
17179889043,17179869495
17179889110,17179877040
17179889324,17179889324
17179889445,17179877990
17179889469,17179878562
17179889567,17179870870
17179889839,17179889839
17179890100,17179877788
17179890179,17179869784
17179890248,17179870931
17179890314,17179890314
17179890329,17179871066
17179890413,17179869887
17179890747,17179870768
17179890818,17179879970
17179890935,17179890935
17179891258,17179875708
17179891372,17179869404
17179891448,17179870338
17179891679,17179870612
17179891998,17179891998
17179892277,17179872732
17179892650,17179872395
17179892682,17179877428
17179892812,17179869470
17179892967,17179869999
17179892976,17179879729
17179893013,17179893013
17179893142,17179874451
17179893173,17179882207
17179893794,17179869629
17179894165,17179874675
17179894188,17179869262
17179894192,17179870202
17179894242,17179879022
17179894516,17179876549
17179894768,17179871174
17179895437,17179871139
17179895557,17179869518
17179895715,17179871559
17179896492,17179874799
17179896870,17179874205
17179896905,17179887175
17179896955,17179877090
17179896970,17179869897
17179897128,17179897128
17179897338,17179872815
17179897524,17179882013
17179897579,17179878101
17179897694,17179897694
17179897865,17179870289
17179898316,17179898316
17179898453,17179870223
17179898639,17179870080
17179898666,17179898666
17179899299,17179871830
17179899306,17179884191
17179899595,17179873300
17179900504,17179877488
17179900563,17179874319
17179900617,17179876327
17179900647,17179879325
17179900810,17179871730
17179901522,17179880340
17179901588,17179869423
17179901691,17179901691
17179902038,17179874073
17179902280,17179885780
17179902629,17179876235
17179869549,17179869549
17179869633,17179869186
17179869785,17179869485
17179869824,17179869824
17179869914,17179869914
17179869918,17179869228
17179870324,17179870324
17179870586,17179870586
17179871699,17179871699
17179871816,17179871781
17179871960,17179871960
17179871988,17179871988
17179872179,17179870162
17179872187,17179871938
17179872553,17179872553
17179872714,17179871660
17179872821,17179872821
17179872946,17179869844
17179873008,17179873008
17179873147,17179873147
17179873382,17179869916
17179873463,17179869789
17179873654,17179869955
17179873863,17179869274
17179873975,17179873975
17179874051,17179874051
17179874117,17179874117
17179874137,17179873470
17179874266,17179874266
17179874498,17179870535
17179874553,17179869393
17179874580,17179872314
17179874613,17179872541
17179874847,17179874847
17179874991,17179874991
17179874992,17179874992
17179875023,17179869698
17179875041,17179870946
17179875557,17179875557
17179875627,17179870469
17179875729,17179871744
17179875885,17179871068
17179875975,17179871680
17179876084,17179876084
17179876105,17179873677
17179876196,17179875934
17179876243,17179871758
17179876301,17179875852
17179876728,17179872242
17179876747,17179876747
17179876903,17179869670
17179878012,17179873275
17179878760,17179870015
17179878764,17179877366
17179879156,17179871004
17179879435,17179879435
17179879565,17179869322
17179879567,17179878009
17179879773,17179870656
17179879972,17179873605
17179880136,17179876010
17179880149,17179875413
17179880157,17179876181
17179880504,17179870923
17179880621,17179874433
17179880796,17179880796
17179880805,17179870406
17179880992,17179875992
17179881030,17179874803
17179881152,17179881152
17179881328,17179875746
17179881433,17179871555
17179881527,17179875933
17179881747,17179881747
17179881779,17179880227
17179881857,17179873879
17179882060,17179870696
17179882492,17179874559
17179882825,17179872942
17179883176,17179873949
17179883178,17179881384
17179883240,17179883240
17179883998,17179879619
17179884102,17179875451
17179884145,17179883293
17179884363,17179869797
17179884951,17179874673
17179884984,17179869192
17179885062,17179869386
17179885195,17179876220
17179885579,17179885579
17179885660,17179872674
17179885672,17179870457
17179885701,17179872162
17179885771,17179879824
17179885801,17179872537
17179885922,17179874650
17179886386,17179872534
17179886457,17179886457
17179886531,17179869623
17179886730,17179869353
17179887186,17179887186
17179887519,17179870249
17179887550,17179875665
17179887668,17179871773
17179887807,17179887807
17179888302,17179875451
17179888394,17179878447
17179888641,17179878649
17179888946,17179875514
17179888980,17179872775
17179889308,17179874881
17179889369,17179874879
17179890524,17179874133
17179890569,17179872622
17179890608,17179869628
17179890740,17179877458
17179890826,17179874381
17179890889,17179874685
17179891405,17179869270
17179891522,17179876842
17179892271,17179869186
17179892352,17179873910
17179892498,17179869483
17179892559,17179870284
17179892827,17179887459
17179892855,17179871491
17179893339,17179881810
17179893353,17179877016
17179893449,17179881658
17179894051,17179875620
17179894491,17179870092
17179894529,17179870982
17179894747,17179869252
17179895567,17179895567
17179895663,17179883332
17179895892,17179872292
17179895971,17179876086
17179896084,17179869199
17179896447,17179880611
17179896475,17179869953
17179896666,17179874136
17179896971,17179869274
17179897329,17179870338
17179897400,17179875093
17179897546,17179869714
17179897560,17179881102
17179897634,17179870166
17179897768,17179869407
17179898083,17179879744
17179898201,17179870289
17179898309,17179872836
17179898747,17179869567
17179898940,17179870721
17179899096,17179877917
17179899106,17179871165
17179899166,17179873277
17179899286,17179871260
17179899337,17179869338
17179899511,17179899511
17179899527,17179899527
17179899549,17179899549
17179899655,17179873328
17179899674,17179876387
17179899692,17179873571
17179899749,17179869649
17179899820,17179878004
17179899957,17179876133
17179900421,17179874090
17179900604,17179882982
17179900713,17179882762
17179900865,17179884655
17179900911,17179875354
17179900928,17179871130
17179900945,17179874114
17179901259,17179869241
17179901820,17179870142
17179902559,17179872343
17179869194,17179869194
17179869664,17179869629
17179869683,17179869683
17179870224,17179870224
17179870242,17179870242
17179870337,17179870337
17179870438,17179869221
17179870945,17179870765
17179871020,17179871020
17179871326,17179870973
17179871335,17179871335
17179872515,17179872515
17179872602,17179872155
17179872667,17179872667
17179872817,17179869470
17179873041,17179873035
17179873272,17179873272
17179873497,17179872148
17179873527,17179871843
17179873709,17179871075
17179873939,17179873939
17179874246,17179874246
17179874460,17179873685
17179874506,17179874506
17179874560,17179874560
17179875046,17179875046
17179875096,17179871880
17179875157,17179870054
17179875200,17179875200
17179875610,17179875610
17179875817,17179875650
17179875886,17179870843
17179875893,17179869439
17179875945,17179875945
17179875999,17179875999
17179876179,17179875678
17179876205,17179876205
17179876428,17179876428
17179876435,17179873539
17179876532,17179876532
17179876658,17179874386
17179876812,17179872531
17179877542,17179877542
17179877587,17179869630
17179877782,17179877782
17179877850,17179877850
17179877877,17179871564
17179878226,17179874366
17179878263,17179870118
17179878332,17179873125
17179878792,17179878792
17179878843,17179876553
17179878911,17179877253
17179879072,17179879072
17179879147,17179879147
17179879372,17179870746
17179880689,17179880689
17179880924,17179870817
17179881108,17179872821
17179881480,17179871776
17179881920,17179875294
17179881922,17179869250
17179881929,17179869697
17179881957,17179879052
17179882001,17179874939
17179882210,17179882210
17179882521,17179869741
17179882590,17179882590
17179882775,17179869344
17179883158,17179871265
17179883284,17179874077
17179883516,17179869623
17179883603,17179870089
17179883640,17179883640
17179883913,17179872003
17179884045,17179872513
17179884705,17179875311
17179884922,17179870794
17179885192,17179885192
17179885445,17179878474
17179885824,17179869594
17179885908,17179872107
17179885930,17179875774
17179886105,17179886105
17179886583,17179869875
17179886843,17179871030
17179887272,17179887272
17179887294,17179872680
17179887523,17179882386
17179887698,17179870874
17179887766,17179871987
17179888460,17179873100
17179888571,17179869508
17179888983,17179872877
17179889152,17179870740
17179889334,17179889334
17179889933,17179886177
17179890284,17179870572
17179890349,17179872788
17179891235,17179870419
17179891901,17179891901
17179892710,17179870090
17179892712,17179869598
17179892948,17179879120
17179892979,17179874348
17179893094,17179873937
17179893474,17179878325
17179893553,17179880225
17179893706,17179876003
17179893763,17179874402
17179893898,17179869650
17179894611,17179876409
17179894831,17179869339
17179894992,17179872763
17179895268,17179870515
17179895548,17179884431
17179895640,17179870057
17179895778,17179869412
17179895831,17179872651
17179896155,17179871077
17179896257,17179871328
17179896282,17179883353
17179896334,17179869639
17179896353,17179877508
17179897132,17179870516
17179897279,17179869447
17179897362,17179871004
17179897370,17179873050
17179897470,17179878148
17179897569,17179869594
17179898001,17179869912
17179898429,17179871122
17179898591,17179877277
17179898829,17179898829
17179898845,17179869666
17179899079,17179875352
17179899231,17179876231
17179899385,17179877229
17179899394,17179869607
17179899453,17179882156
17179899459,17179880107
17179899504,17179869455
17179899586,17179874276
17179899656,17179881119
17179900095,17179881365
17179900340,17179871793
17179900502,17179878449
17179900982,17179885115
17179901068,17179873706
17179901160,17179874306
17179901502,17179883064
17179901543,17179869376
17179901769,17179876011
17179901771,17179874644
17179901775,17179869649
17179901939,17179869281
17179902400,17179872904
17179902465,17179879506
17179869665,17179869665
17179869747,17179869747
17179870576,17179870576
17179870824,17179869650
17179871019,17179869831
17179871145,17179869623
17179871323,17179871323
17179871501,17179871501
17179871550,17179871550
17179871738,17179871738
17179871814,17179871814
17179871984,17179870091
17179872216,17179871417
17179872629,17179871671
17179872792,17179870416
17179872891,17179870710
17179873211,17179869316
17179873246,17179873246
17179873364,17179871401
17179873504,17179873504
17179873738,17179871038
17179873743,17179869989
17179873752,17179871130
17179874136,17179874136
17179874396,17179874396
17179874714,17179869404
17179874762,17179874762
17179874825,17179874825
17179874928,17179869204
17179875042,17179872335
17179875116,17179874010
17179875190,17179871587
17179875217,17179869879
17179875227,17179875227
17179875297,17179874470
17179875304,17179869613
17179875406,17179870989
17179875474,17179875474
17179875722,17179875722
17179875936,17179875936
17179876092,17179876092
17179876313,17179876313
17179876733,17179869407
17179876753,17179876753
17179876808,17179870336
17179876996,17179869616
17179877651,17179875539
17179877702,17179877702
17179877784,17179871494
17179878121,17179869743
17179878229,17179878092
17179878279,17179878279
17179878399,17179878399
17179878519,17179870917
17179878955,17179878955
17179879146,17179874279
17179879290,17179879290
17179879636,17179871621
17179879818,17179871449
17179879947,17179876387
17179880092,17179872561
17179880181,17179871993
17179880501,17179878342
17179880839,17179872372
17179880912,17179878753
17179881222,17179876208
17179881493,17179869332
17179881735,17179872258
17179881888,17179873642
17179882305,17179880026
17179882338,17179882338
17179882520,17179869378
17179882615,17179882615
17179882818,17179869692
17179882870,17179882870
17179882906,17179870972
17179883347,17179883347
17179883436,17179871622
17179883846,17179874058
17179883867,17179883867
17179883946,17179870272
17179883968,17179883968
17179884012,17179869678
17179884061,17179874549
17179884898,17179870225
17179885015,17179872512
17179885122,17179873238
17179885706,17179870092
17179886037,17179879453
17179886264,17179886264
17179886348,17179869270
17179886538,17179871237
17179886552,17179886552
17179886682,17179879120
17179886778,17179872598
17179886884,17179886884
17179886946,17179869235
17179887166,17179872285
17179887418,17179869203
17179887690,17179879753
17179887705,17179870932
17179887859,17179869376
17179887869,17179877191
17179888405,17179870429
17179888548,17179872415
17179888742,17179874581
17179888896,17179877183
17179889364,17179889364
17179889659,17179873869
17179889779,17179889779
17179889923,17179876059
17179890054,17179885811
17179890194,17179870248
17179890307,17179871400
17179890483,17179876208
17179890796,17179869470
17179890863,17179871716
17179891310,17179870816
17179891388,17179874611
17179891695,17179869485
17179891762,17179876409
17179891859,17179880076
17179892189,17179870816
17179892754,17179871291
17179892886,17179870338
17179892986,17179869976
17179893002,17179893002
17179893057,17179878339
17179893502,17179893502
17179893545,17179870247
17179893598,17179880728
17179893819,17179877830
17179893854,17179876052
17179893881,17179869431
17179893976,17179870353
17179894142,17179871126
17179894201,17179872640
17179894818,17179870973
17179895301,17179876286
17179895315,17179895315
17179895349,17179876169
17179895582,17179873582
17179895686,17179869574
17179896163,17179870054
17179896397,17179872455
17179896634,17179878324
17179896771,17179877501
17179897417,17179873328
17179897741,17179872032
17179897848,17179873559
17179897957,17179869532
17179898072,17179878879
17179898339,17179869773
17179898691,17179872826
17179899109,17179899109
17179899508,17179887534
17179900171,17179887167
17179900971,17179883056
17179901137,17179870897
17179901393,17179873474
17179901625,17179888627
17179901676,17179879560
17179901982,17179877288
17179902156,17179884488
17179902337,17179872028
17179902346,17179872690
17179902613,17179869805
17179902624,17179869489
17179869223,17179869223
17179869414,17179869414
17179869524,17179869524
17179869754,17179869754
17179869810,17179869810
17179869989,17179869989
17179871074,17179871074
17179871529,17179871529
17179871706,17179871245
17179871749,17179869487
17179871860,17179871638
17179872739,17179869817
17179873059,17179873059
17179873121,17179873121
17179873206,17179873206
17179873371,17179870170
17179873429,17179873429
17179873445,17179870428
17179873553,17179869499
17179874494,17179874494
17179874687,17179874687
17179874819,17179874819
17179875069,17179872905
17179875122,17179875122
17179875431,17179870546
17179875502,17179875502
17179875621,17179874394
17179875629,17179872483
17179875678,17179875678
17179875844,17179875844
17179876224,17179876224
17179876347,17179870633
17179876436,17179876436
17179876659,17179876659
17179876893,17179873989
17179877095,17179871237
17179877675,17179870724
17179877810,17179877096
17179878053,17179869915
17179878098,17179870092
17179878107,17179874191
17179878328,17179876830
17179878562,17179878562
17179878673,17179874128
17179878776,17179873525
17179878827,17179870153
17179878877,17179869453
17179878937,17179873735
17179879615,17179872061
17179880148,17179872585
17179880309,17179880227
17179880488,17179880488
17179880542,17179870184
17179880598,17179871125
17179880797,17179869341
17179880966,17179873362
17179881000,17179873389
17179881062,17179870289
17179881087,17179870357
17179881415,17179870769
17179881757,17179872643
17179881923,17179881258
17179882096,17179880083
17179882289,17179876189
17179882336,17179874964
17179882527,17179870366
17179882678,17179869192
17179882689,17179882689
17179882742,17179882742
17179882960,17179869412
17179883013,17179869470
17179883177,17179872904
17179883401,17179877928
17179883651,17179879450
17179883841,17179873815
17179883869,17179870995
17179883952,17179869229
17179883971,17179873961
17179884008,17179871665
17179884339,17179871933
17179884354,17179879428
17179884439,17179870903
17179884497,17179877942
17179884574,17179870272
17179884938,17179872557
17179885628,17179873250
17179885761,17179877208
17179885925,17179877233
17179886233,17179870257
17179886236,17179886236
17179886427,17179873271
17179886717,17179871549
17179887112,17179887112
17179887229,17179872143
17179887515,17179885261
17179887675,17179879438
17179887783,17179870843
17179887876,17179873475
17179888106,17179874394
17179888301,17179888301
17179888413,17179883334
17179889007,17179872064
17179889029,17179871053
17179889244,17179870074
17179889303,17179869281
17179889325,17179869544
17179889489,17179872942
17179889788,17179876436
17179889848,17179877068
17179890115,17179877179
17179890360,17179876596
17179890542,17179871599
17179890882,17179873199
17179890982,17179869896
17179891114,17179875650
17179891230,17179883396
17179891309,17179876340
17179891548,17179874802
17179891551,17179872513
17179892037,17179870889
17179892065,17179872953
17179892090,17179877227
17179892157,17179870884
17179892509,17179872321
17179893012,17179874879
17179893079,17179875108
17179893086,17179872853
17179893659,17179874026
17179893742,17179873508
17179893932,17179881393
17179894310,17179870238
17179894587,17179874665
17179894687,17179878771
17179894755,17179873750
17179894977,17179869649
17179895144,17179895144
17179895217,17179871378
17179895267,17179873674
17179895510,17179873413
17179895594,17179870687
17179895647,17179895647
17179895682,17179888776
17179896036,17179869547
17179896221,17179870853
17179896345,17179875901
17179896529,17179880484
17179896665,17179875017
17179897256,17179886552
17179897375,17179871400
17179897523,17179870934
17179897620,17179870746
17179897648,17179879561
17179898005,17179877631
17179898101,17179870709
17179898102,17179875232
17179898122,17179875112
17179898177,17179871276
17179898543,17179869757
17179899095,17179876342
17179899191,17179869665
17179899442,17179874921
17179899563,17179871323
17179899599,17179871041
17179899902,17179872273
17179900004,17179869239
17179900054,17179876627
17179900113,17179871078
17179900302,17179870612
17179900382,17179871053
17179900545,17179885918
17179900801,17179872055
17179901054,17179876317
17179901121,17179879124
17179901159,17179869660
17179901264,17179887157
17179901448,17179880340
17179901533,17179870938
17179901617,17179873641
17179901746,17179877244
17179901810,17179872184
17179901812,17179901812
17179902439,17179870148
17179869229,17179869229
17179869263,17179869263
17179869276,17179869276
17179869541,17179869541
17179869650,17179869650
17179869733,17179869733
17179869782,17179869460
17179869917,17179869917
17179870037,17179869448
17179870048,17179870048
17179870684,17179870684
17179870893,17179870893
17179870904,17179870904
17179870947,17179870947
17179871067,17179869970
17179871180,17179871180
17179871194,17179871194
17179871423,17179871423
17179871887,17179871483
17179872163,17179869494
17179872690,17179872690
17179872887,17179872887
17179873030,17179869492
17179873124,17179872785
17179873413,17179873413
17179873434,17179869579
17179874287,17179874287
17179874528,17179874528
17179874575,17179870839
17179874740,17179874740
17179874743,17179874743
17179874747,17179873054
17179875072,17179875072
17179875147,17179875147
17179875378,17179875378
17179875392,17179869865
17179875504,17179875312
17179875884,17179869411
17179875980,17179869401
17179876021,17179876021
17179876043,17179873551
17179876311,17179869468
17179876557,17179876557
17179876668,17179869668
17179876699,17179870400
17179877044,17179869802
17179877176,17179877176
17179877371,17179877371
17179878044,17179873599
17179878183,17179871189
17179878246,17179878246
17179878453,17179872401
17179878474,17179878474
17179878531,17179871184
17179878532,17179871547
17179878540,17179878540
17179878628,17179872651
17179878676,17179873169
17179878700,17179870549
17179878712,17179871318
17179878716,17179869554
17179878897,17179878897
17179879620,17179877168
17179880055,17179880055
17179880130,17179873560
17179880168,17179876514
17179880301,17179879322
17179880384,17179875933
17179880804,17179871759
17179880952,17179872461
17179881127,17179881127
17179881466,17179873436
17179881474,17179879346
17179881557,17179871417
17179881738,17179879099
17179881934,17179874603
17179882077,17179875844
17179882252,17179880617
17179882499,17179876147
17179882545,17179869290
17179882753,17179870783
17179882758,17179869999
17179882985,17179871762
17179883075,17179870053
17179883261,17179877994
17179883306,17179883150
17179883507,17179883507
17179883876,17179871091
17179883889,17179878848
17179884130,17179876672
17179884397,17179869634
17179884449,17179869649
17179884498,17179869614
17179884750,17179872601
17179884790,17179874755
17179885171,17179872637
17179885335,17179869710
17179886124,17179876745
17179886203,17179869227
17179886465,17179870103
17179886703,17179879328
17179886934,17179878619
17179886985,17179874755
17179887098,17179876842
17179887136,17179871253
17179887264,17179875386
17179887336,17179870318
17179887687,17179871528
17179887872,17179869880
17179887921,17179870041
17179888013,17179888013
17179888738,17179872665
17179888868,17179875451
17179889674,17179881937
17179889765,17179873064
17179889829,17179875184
17179889918,17179870235
17179890053,17179873783
17179890176,17179874975
17179890521,17179883996
17179890531,17179878284
17179890586,17179890586
17179890705,17179871598
17179890976,17179876067
17179891106,17179870590
17179891293,17179876124
17179891872,17179878722
17179892071,17179873050
17179892190,17179870091
17179892251,17179871781
17179892389,17179892389
17179892857,17179874611
17179893029,17179873255
17179893300,17179877745
17179893574,17179893574
17179893686,17179869510
17179893817,17179872202
17179893891,17179871160
17179894086,17179869572
17179894116,17179874446
17179894534,17179870005
17179894899,17179871863
17179895172,17179881297
17179895190,17179878303
17179895212,17179872312
17179895601,17179869465
17179895706,17179874244
17179895958,17179876820
17179896077,17179872272
17179896184,17179870937
17179896313,17179870092
17179896713,17179876116
17179896865,17179869760
17179897076,17179880128
17179897481,17179880088
17179897846,17179873900
17179897978,17179870170
17179898333,17179869950
17179898437,17179869510
17179898483,17179876948
17179898744,17179875214
17179898943,17179874670
17179899042,17179871988
17179899190,17179869829
17179899316,17179871947
17179899414,17179871453
17179899623,17179871691
17179899866,17179872385
17179900338,17179871773
17179900363,17179870242
17179900425,17179872644
17179900968,17179879346
17179901316,17179871932
17179901638,17179869733
17179901779,17179869906
17179901898,17179869909
17179901962,17179872888
17179902133,17179869723
17179902291,17179870656
17179902330,17179870457
17179902387,17179871149
17179902543,17179869470
17179869449,17179869449
17179869503,17179869503
17179869784,17179869784
17179869796,17179869796
17179870054,17179870054
17179870360,17179870360
17179870527,17179870527
17179870995,17179870995
17179871086,17179871086
17179871104,17179871104
17179871306,17179871130
17179871333,17179869584
17179871370,17179871370
17179871617,17179871617
17179871632,17179871632
17179871797,17179871797
17179871898,17179871898
17179872827,17179872827
17179873136,17179873136
17179873410,17179871686
17179873516,17179873516
17179874024,17179874024
17179874300,17179872771
17179874897,17179870578
17179875118,17179875118
17179875608,17179874656
17179875831,17179875831
17179876482,17179869353
17179876501,17179870224
17179876574,17179873915
17179876671,17179876671
17179877090,17179877090
17179877402,17179877402
17179877408,17179876116
17179877787,17179877787
17179877994,17179877994
17179878275,17179869616
17179878862,17179870867
17179878896,17179878896
17179879129,17179879129
17179879557,17179877039
17179879643,17179872285
17179879725,17179870083
17179879803,17179876582
17179879918,17179879918
17179879929,17179869826
17179880322,17179880322
17179880366,17179874526
17179880424,17179880424
17179880432,17179873696
17179880436,17179870497
17179881054,17179870143
17179881311,17179869343
17179881335,17179870015
17179881481,17179872788
17179881578,17179869698
17179881752,17179876857
17179881942,17179878755
17179882181,17179874964
17179882183,17179870000
17179882263,17179882263
17179882727,17179877757
17179882743,17179869462
17179882909,17179878164
17179883000,17179883000
17179883273,17179875405
17179883342,17179872134
17179883394,17179873469
17179883734,17179883734
17179883771,17179871576
17179883987,17179882683
17179884021,17179884021
17179884151,17179870816
17179884171,17179871969
17179884635,17179871529
17179885309,17179875881
17179885377,17179871172
17179885482,17179869967
17179885599,17179885599
17179885627,17179871926
17179885656,17179885491
17179886055,17179870779
17179886486,17179870259
17179886587,17179869880
17179886681,17179886681
17179887333,17179873130
17179887495,17179877010
17179887499,17179879186
17179887666,17179869581
17179887712,17179887712
17179888544,17179877658
17179888675,17179876739
17179888688,17179873741
17179888856,17179884032
17179889715,17179870556
17179889757,17179872564
17179889759,17179873606
17179889776,17179872132
17179889815,17179888532
17179889905,17179889905
17179890220,17179885559
17179890651,17179870782
17179891066,17179875942
17179891147,17179874609
17179891519,17179870637
17179892000,17179871242
17179892020,17179870904
17179892320,17179869536
17179892821,17179871546
17179892836,17179880993
17179892869,17179870197
17179893184,17179869518
17179893275,17179880449
17179893431,17179870509
17179893966,17179876409
17179893998,17179870614
17179894124,17179873147
17179894134,17179883343
17179894426,17179872886
17179894468,17179875034
17179894776,17179870979
17179894779,17179875992
17179894856,17179885065
17179895321,17179872877
17179895454,17179876409
17179895667,17179870578
17179895829,17179877510
17179896046,17179879658
17179896093,17179876960
17179896141,17179896141
17179896291,17179882742
17179896393,17179869318
17179896426,17179870381
17179896448,17179871203
17179896744,17179871190
17179896889,17179896889
17179897025,17179870947
17179897074,17179869381
17179897255,17179871227
17179897492,17179871843
17179897577,17179897577
17179898076,17179874932
17179898246,17179880117
17179898771,17179869907
17179898784,17179874939
17179898890,17179874891
17179899017,17179872614
17179899195,17179871680
17179899220,17179875325
17179899662,17179880323
17179899857,17179871659
17179900096,17179870614
17179900111,17179900111
17179900418,17179883640
17179900431,17179878370
17179900503,17179870244
17179900653,17179900653
17179900834,17179879762
17179900908,17179871450
17179901074,17179882263
17179901215,17179869369
17179901535,17179870947
17179901816,17179871008
17179902113,17179871642
17179902179,17179874695
17179902224,17179869421
17179902232,17179869710
17179902286,17179872957
17179902474,17179869861
17179869262,17179869262
17179869646,17179869646
17179869780,17179869780
17179869781,17179869781
17179870294,17179869412
17179870545,17179870545
17179870730,17179870730
17179870772,17179870772
17179870875,17179870875
17179872077,17179872077
17179872200,17179872200
17179872379,17179869231
17179872479,17179870789
17179872645,17179870827
17179872929,17179869683
17179872968,17179869455
17179873563,17179873563
17179873874,17179869467
17179873940,17179873940
17179873965,17179873965
17179874497,17179874497
17179874688,17179873859
17179874998,17179874192
17179875177,17179869623
17179875212,17179869347
17179875488,17179870330
17179875542,17179875542
17179875661,17179869685
17179875764,17179875764
17179876395,17179874564
17179877247,17179877247
17179877284,17179871599
17179877352,17179874686
17179877411,17179869534
17179877528,17179874869
17179877576,17179877576
17179877592,17179871647
17179878075,17179869738
17179878087,17179878087
17179878147,17179872157
17179878672,17179877850
17179878675,17179869618
17179878720,17179877928
17179878772,17179878772
17179879101,17179874476
17179879301,17179879301
17179879450,17179879450
17179879504,17179874678
17179880165,17179880165
17179880355,17179880355
17179880407,17179873058
17179880439,17179871122
17179880560,17179875092
17179880685,17179871215
17179880825,17179875185
17179880965,17179879550
17179880975,17179869196
17179881094,17179877632
17179881168,17179870952
17179881356,17179870993
17179882300,17179873291
17179882604,17179878103
17179882911,17179877100
17179883122,17179880377
17179883350,17179876490
17179883813,17179869570
17179883877,17179870536
17179884025,17179872482
17179884273,17179884273
17179884322,17179883101
17179884534,17179880262
17179884563,17179871840
17179884597,17179881424
17179884682,17179876321
17179884714,17179884714
17179884844,17179884844
17179884971,17179869948
17179886893,17179872022
17179887457,17179883348
17179887924,17179879893
17179888045,17179869649
17179888060,17179876165
17179888465,17179881972
17179888570,17179869243
17179888572,17179875138
17179888606,17179870275
17179888743,17179871138
17179889340,17179889340
17179889394,17179869619
17179889516,17179870883
17179889784,17179885391
17179889862,17179872254
17179890195,17179871932
17179890996,17179869715
17179891284,17179877028
17179891953,17179871797
17179892123,17179870914
17179892148,17179870380
17179892205,17179874057
17179892231,17179892231
17179892318,17179879992
17179892396,17179876970
17179893489,17179878110
17179893594,17179870040
17179893683,17179893683
17179894140,17179871195
17179894179,17179885583
17179894375,17179886469
17179894472,17179871234
17179894845,17179873623
17179895464,17179870693
17179895492,17179869788
17179895708,17179870249
17179895887,17179878644
17179895913,17179874245
17179896062,17179871172
17179896092,17179869632
17179896167,17179880242
17179896576,17179871189
17179896656,17179872461
17179896998,17179872725
17179897206,17179879352
17179897322,17179876651
17179897341,17179875573
17179897518,17179869649
17179897829,17179871842
17179897913,17179872841
17179898087,17179888654
17179898132,17179871805
17179898503,17179871318
17179898549,17179869226
17179898573,17179875776
17179898884,17179898884
17179899038,17179878637
17179899722,17179878069
17179899941,17179872018
17179900019,17179870650
17179900133,17179876915
17179901039,17179874354
17179901242,17179877013
17179901340,17179869678
17179901488,17179873263
17179901646,17179878632
17179901884,17179873418
17179901957,17179873736
17179902206,17179878619
17179902272,17179877461
17179902432,17179879479
17179902466,17179869255
17179869731,17179869731
17179870304,17179870304
17179870604,17179870604
17179871012,17179871012
17179871025,17179869476
17179871189,17179871189
17179871231,17179871231
17179871274,17179871274
17179871397,17179869920
17179871558,17179871558
17179871671,17179871671
17179871674,17179871674
17179871943,17179871943
17179871992,17179871992
17179872173,17179869423
17179872438,17179870260
17179872658,17179870653
17179872882,17179872534
17179872920,17179870233
17179873234,17179871214
17179873384,17179872038
17179873499,17179873499
17179873660,17179869649
17179874131,17179870498
17179874335,17179874335
17179874365,17179871681
17179875088,17179875088
17179875718,17179870434
17179875725,17179875725
17179876037,17179876037
17179876576,17179869562
17179877211,17179877211
17179877532,17179870092
17179877535,17179869440
17179877627,17179874239
17179878123,17179869626
17179878663,17179871165
17179879109,17179870313
17179879153,17179871898
17179879313,17179874246
17179879383,17179879383
17179879545,17179877604
17179879551,17179870853
17179879646,17179879646
17179879810,17179870289
17179880066,17179880066
17179880180,17179874027
17179880831,17179870382
17179881057,17179870402
17179881074,17179871874
17179881101,17179873975
17179881153,17179873750
17179881452,17179881452
17179881591,17179872330
17179881715,17179871507
17179881793,17179872995
17179882327,17179875227
17179882483,17179874571
17179882703,17179882703
17179882710,17179872265
17179883160,17179876205
17179883185,17179874686
17179883323,17179870214
17179883340,17179883340
17179883596,17179875578
17179883633,17179873263
17179883785,17179869426
17179883802,17179870259
17179883975,17179874420
17179883981,17179881454
17179884048,17179877488
17179884413,17179869268
17179884652,17179874401
17179884954,17179873486
17179885007,17179872304
17179885045,17179870033
17179885219,17179872451
17179885238,17179884427
17179885269,17179871418
17179885288,17179882488
17179885446,17179871085
17179886158,17179886158
17179886187,17179876596
17179886189,17179872908
17179886274,17179872814
17179886753,17179879033
17179886771,17179876321
17179886786,17179869254
17179886804,17179872644
17179886943,17179886943
17179886959,17179870826
17179887126,17179873032
17179887351,17179878649
17179887886,17179869600
17179888172,17179869717
17179888303,17179882351
17179888444,17179880298
17179888852,17179877895
17179888991,17179884524
17179889171,17179875352
17179889287,17179875651
17179889490,17179889490
17179889570,17179877040
17179889813,17179889813
17179889942,17179870737
17179890093,17179871039
17179890180,17179890180
17179890315,17179872468
17179890971,17179890971
17179891333,17179869584
17179891843,17179891843
17179892055,17179887883
17179892223,17179871678
17179892536,17179870675
17179892609,17179872210
17179893250,17179870426
17179893588,17179872829
17179893868,17179877122
17179894171,17179873819
17179894537,17179869184
17179894546,17179872542
17179894668,17179878665
17179894991,17179872670
17179895041,17179870015
17179895210,17179872594
17179895214,17179873961
17179895468,17179870696
17179895528,17179873308
17179895619,17179869758
17179895786,17179895786
17179895850,17179869423
17179896832,17179896832
17179897221,17179886339
17179897249,17179873974
17179897251,17179884492
17179897438,17179872051
17179897501,17179869327
17179897511,17179873291
17179897537,17179880413
17179897696,17179891359
17179897954,17179897954
17179898532,17179871933
17179898606,17179898606
17179898655,17179898655
17179899145,17179872095
17179899236,17179873043
17179899269,17179878599
17179899320,17179872910
17179899506,17179872862
17179899775,17179869446
17179900051,17179881102
17179900147,17179872715
17179900314,17179872942
17179900438,17179873647
17179900483,17179870841
17179900531,17179873746
17179901089,17179901089
17179901152,17179872039
17179901274,17179870414
17179901602,17179870151
17179901961,17179869850
17179902015,17179875810
17179869519,17179869519
17179869528,17179869528
17179869705,17179869207
17179869722,17179869722
17179869951,17179869951
17179870409,17179870409
17179870617,17179870409
17179870714,17179870714
17179870977,17179870977
17179871099,17179871099
17179871141,17179871141
17179871556,17179870746
17179871838,17179871838
17179871857,17179871857
17179872366,17179872366
17179872410,17179869697
17179872746,17179871814
17179873065,17179870313
17179873097,17179870913
17179873193,17179870011
17179873222,17179873222
17179873845,17179869700
17179873905,17179873905
17179874079,17179869964
17179876068,17179875913
17179876195,17179870382
17179876242,17179872136
17179876440,17179876440
17179876724,17179876724
17179876792,17179869619
17179876809,17179875844
17179876904,17179870189
17179877017,17179877017
17179877199,17179877109
17179877670,17179869623
17179877733,17179877733
17179877796,17179877796
17179877823,17179877823
17179877865,17179874159
17179877893,17179877893
17179878092,17179878092
17179878212,17179875436
17179878350,17179872769
17179878536,17179873516
17179878565,17179869504
17179878671,17179878671
17179878701,17179876495
17179878838,17179878838
17179878981,17179875832
17179879210,17179869999
17179879859,17179870541
17179879881,17179871773
17179880210,17179869738
17179880232,17179875464
17179880465,17179874075
17179880610,17179880610
17179880678,17179879911
17179880808,17179872267
17179880919,17179880919
17179881834,17179869367
17179882010,17179872647
17179882550,17179876953
17179883053,17179874990
17179883137,17179869996
17179883617,17179880989
17179884033,17179874822
17179884138,17179870459
17179884272,17179878250
17179884528,17179884528
17179884538,17179882217
17179884757,17179875854
17179884784,17179870724
17179884867,17179874264
17179884966,17179884966
17179885290,17179873241
17179885654,17179870090
17179885720,17179869858
17179885743,17179872596
17179885780,17179885780
17179886210,17179880242
17179886222,17179871222
17179886763,17179870191
17179886909,17179870935
17179887147,17179873289
17179887235,17179878153
17179887319,17179876742
17179887399,17179878562
17179887433,17179887433
17179887667,17179874964
17179888150,17179875459
17179888358,17179874570
17179888427,17179888427
17179888541,17179873582
17179888654,17179888654
17179889050,17179870020
17179889370,17179877632
17179889669,17179871030
17179889675,17179878108
17179889713,17179889713
17179889960,17179889960
17179890435,17179870377
17179890536,17179871174
17179890634,17179869590
17179890638,17179890638
17179890734,17179869817
17179890813,17179871349
17179890836,17179869926
17179891406,17179878841
17179891785,17179871650
17179892024,17179870434
17179892079,17179869237
17179892248,17179892248
17179892328,17179874466
17179892363,17179878818
17179892383,17179872810
17179892735,17179870702
17179892896,17179877872
17179892900,17179877431
17179893183,17179884255
17179893228,17179874615
17179893550,17179869989
17179893635,17179878108
17179893878,17179870288
17179893934,17179879352
17179894044,17179877193
17179894711,17179874670
17179894896,17179878954
17179894938,17179874027
17179895125,17179895125
17179895126,17179874591
17179895370,17179895370
17179895408,17179877842
17179895738,17179881258
17179895788,17179893206
17179896259,17179882156
17179896300,17179872301
17179896700,17179874514
17179896775,17179869327
17179897000,17179869336
17179897027,17179881709
17179897430,17179878707
17179897797,17179874602
17179898065,17179870096
17179898417,17179870257
17179898467,17179869649
17179898562,17179869926
17179898615,17179875900
17179898933,17179872644
17179898938,17179871578
17179898986,17179873304
17179899052,17179872107
17179899349,17179870329
17179899405,17179870288
17179899522,17179877049
17179899576,17179899576
17179899666,17179869385
17179899825,17179871314
17179900053,17179874658
17179900212,17179900212
17179900441,17179874451
17179900465,17179871470
17179900534,17179888714
17179900597,17179869735
17179901318,17179872470
17179901331,17179901331
17179901933,17179869944
17179902068,17179876404
17179902422,17179874952
17179902583,17179869982
17179869348,17179869348
17179869681,17179869681
17179869710,17179869710
17179869800,17179869800
17179870051,17179870051
17179870140,17179870140
17179870293,17179870293
17179870333,17179869330
17179870352,17179870352
17179870643,17179870643
17179870979,17179870979
17179870994,17179870994
17179871045,17179869601
17179871065,17179871065
17179871315,17179871315
17179871480,17179871480
17179871783,17179871783
17179871913,17179871913
17179871969,17179871969
17179872520,17179872520
17179872583,17179869940
17179872926,17179872487
17179873391,17179873391
17179873543,17179870243
17179873584,17179870868
17179873609,17179871571
17179873760,17179870903
17179873999,17179873999
17179874030,17179874030
17179874041,17179874041
17179874109,17179874109
17179874203,17179874203
17179874235,17179874235
17179874511,17179870437
17179874683,17179869580
17179874851,17179872061
17179875192,17179869230
17179875274,17179874751
17179875751,17179875751
17179875775,17179869412
17179876711,17179876711
17179877083,17179874203
17179877244,17179877244
17179877275,17179876632
17179877398,17179877398
17179877636,17179877636
17179877698,17179877698
17179877700,17179873548
17179877816,17179869712
17179877952,17179877952
17179878201,17179870650
17179878262,17179869697
17179878314,17179870223
17179879052,17179879052
17179879167,17179870436
17179879664,17179874921
17179879743,17179871869
17179880039,17179873892
17179880171,17179871323
17179880217,17179879043
17179880241,17179880241
17179880258,17179869365
17179880339,17179869630
17179880418,17179880418
17179880428,17179880428
17179880644,17179879853
17179880705,17179880272
17179880710,17179869826
17179880905,17179870508
17179881082,17179876671
17179881256,17179871355
17179881645,17179871400
17179882675,17179871209
17179882777,17179882777
17179882851,17179882851
17179883933,17179873285
17179884620,17179869991
17179884994,17179879507
17179885067,17179869544
17179885149,17179885149
17179885177,17179878449
17179885185,17179874226
17179885271,17179869290
17179885344,17179874884
17179885702,17179871385
17179885818,17179885818
17179885970,17179872004
17179886237,17179875004
17179886683,17179885700
17179886711,17179870591
17179886751,17179871141
17179886851,17179873474
17179886887,17179870085
17179886894,17179874278
17179886904,17179871492
17179887056,17179881144
17179887145,17179883795
17179887389,17179875869
17179887888,17179871418
17179888345,17179874523
17179888651,17179873746
17179888735,17179869445
17179889400,17179889400
17179889627,17179870257
17179889731,17179877316
17179889998,17179888982
17179890167,17179870004
17179890223,17179890223
17179890226,17179890226
17179890433,17179890433
17179890745,17179877792
17179890766,17179872055
17179891281,17179883806
17179891494,17179883806
17179891749,17179891749
17179891917,17179888821
17179892048,17179874396
17179892329,17179869564
17179892375,17179870658
17179893033,17179885120
17179893063,17179879186
17179893333,17179883343
17179893359,17179872574
17179893508,17179893508
17179893528,17179893528
17179894317,17179894317
17179894634,17179873594
17179894653,17179870480
17179895223,17179874307
17179895375,17179895375
17179895919,17179870304
17179896045,17179886521
17179896128,17179874505
17179896134,17179869204
17179896158,17179870604
17179896898,17179869805
17179897148,17179883974
17179897217,17179871993
17179897407,17179869936
17179897519,17179869629
17179897542,17179873259
17179898026,17179882068
17179898153,17179877879
17179898299,17179870112
17179898650,17179871116
17179898906,17179872655
17179898976,17179872168
17179899184,17179869431
17179899296,17179883924
17179899370,17179871700
17179899493,17179871495
17179899665,17179878406
17179899794,17179874336
17179899879,17179899879
17179899883,17179875422
17179899932,17179872877
17179899994,17179870504
17179900158,17179874922
17179900517,17179900517
17179900544,17179872387
17179900789,17179870269
17179901104,17179901104
17179901231,17179869575
17179901525,17179882009
17179901784,17179870523
17179869821,17179869821
17179870005,17179870005
17179870681,17179870681
17179870805,17179870805
17179870848,17179870848
17179871107,17179871107
17179872175,17179869627
17179872191,17179872191
17179872241,17179872241
17179872249,17179872249
17179872445,17179872445
17179872487,17179872487
17179872567,17179872567
17179872745,17179872745
17179873019,17179873019
17179873197,17179870783
17179873232,17179871065
17179873236,17179870982
17179873423,17179873423
17179873467,17179873467
17179873653,17179869774
17179873692,17179869347
17179873795,17179870130
17179873855,17179873855
17179874086,17179870387
17179874098,17179869216
17179874164,17179874164
17179874181,17179869285
17179874428,17179870329
17179874633,17179872257
17179874657,17179874657
17179875009,17179874110
17179875076,17179869461
17179875259,17179870693
17179875415,17179875415
17179875857,17179873604
17179876431,17179876431
17179876540,17179876540
17179876858,17179873027
17179876869,17179870112
17179877036,17179869967
17179877445,17179873389
17179877514,17179869961
17179877624,17179877624
17179877647,17179874229
17179877927,17179869376
17179878037,17179878000
17179878191,17179878191
17179878375,17179873809
17179878558,17179878558
17179878648,17179873708
17179878887,17179870982
17179878903,17179878903
17179878924,17179872594
17179879024,17179879024
17179879113,17179879113
17179879226,17179870406
17179879277,17179873509
17179879478,17179879478
17179879520,17179870903
17179879549,17179871869
17179879635,17179878399
17179879843,17179878279
17179879957,17179872039
17179880008,17179879040
17179880277,17179876005
17179880341,17179875309
17179880422,17179880422
17179880476,17179870183
17179880719,17179873910
17179880861,17179873897
17179881325,17179869184
17179881338,17179873830
17179881522,17179870975
17179882054,17179871108
17179882078,17179869198
17179882099,17179869375
17179882118,17179870853
17179882705,17179882705
17179883136,17179880885
17179883594,17179875311
17179883776,17179872104
17179884083,17179884083
17179884417,17179869197
17179884473,17179871715
17179884493,17179876186
17179885173,17179872038
17179885468,17179885468
17179885864,17179885864
17179886003,17179872848
17179886079,17179873963
17179886147,17179870591
17179886186,17179869358
17179886354,17179870508
17179886901,17179886649
17179886981,17179881003
17179887058,17179880055
17179887225,17179885039
17179887709,17179869317
17179887879,17179884781
17179888133,17179869828
17179888462,17179874744
17179888617,17179874919
17179888918,17179872644
17179888938,17179888938
17179889255,17179875216
17179889286,17179872221
17179889416,17179889416
17179889476,17179878434
17179889510,17179883334
17179889926,17179871588
17179889968,17179889968
17179890504,17179890504
17179890694,17179879866
17179891068,17179884573
17179891217,17179891217
17179891315,17179886504
17179891427,17179877658
17179891784,17179869573
17179892414,17179877229
17179892569,17179872725
17179893023,17179878114
17179893375,17179869423
17179893631,17179870344
17179894064,17179870102
17179894106,17179882250
17179894168,17179891102
17179894210,17179869960
17179894306,17179894306
17179894371,17179870405
17179894383,17179871153
17179894797,17179871766
17179895591,17179874381
17179895670,17179870498
17179895743,17179877063
17179896462,17179896462
17179896584,17179872869
17179896668,17179884279
17179897396,17179877557
17179897736,17179883488
17179897869,17179879837
17179897958,17179872541
17179898008,17179886545
17179898379,17179871614
17179898433,17179869238
17179898877,17179875073
17179899114,17179873159
17179899406,17179869544
17179899611,17179871139
17179899629,17179874730
17179900005,17179870520
17179900073,17179871823
17179900200,17179869681
17179900281,17179873144
17179900361,17179873130
17179900639,17179873744
17179900778,17179871282
17179900907,17179870035
17179901497,17179885120
17179901574,17179870268
17179901751,17179883586
17179902052,17179878317
17179902071,17179902071
17179902120,17179883225
17179902359,17179891727
17179902384,17179902384
17179869208,17179869208
17179869212,17179869212
17179869551,17179869551
17179869740,17179869740
17179870119,17179870119
17179870221,17179870221
17179870226,17179869652
17179870425,17179870425
17179870467,17179870467
17179871055,17179871055
17179871287,17179869595
17179871596,17179871596
17179871787,17179871787
17179872091,17179872091
17179872166,17179872166
17179872529,17179872529
17179872580,17179872580
17179872679,17179872679
17179872933,17179872933
17179873117,17179873117
17179873650,17179873650
17179873842,17179869648
17179873920,17179869880
17179873950,17179873671
17179874027,17179874027
17179874251,17179874251
17179874309,17179874309
17179874314,17179873216
17179874339,17179873601
17179874355,17179874355
17179874391,17179874391
17179874624,17179872256
17179874768,17179874249
17179874774,17179869604
17179874933,17179874933
17179874993,17179870149
17179875011,17179873310
17179875066,17179875066
17179875453,17179875453
17179875469,17179872242
17179875493,17179875493
17179875556,17179875063
17179875568,17179869320
17179875818,17179871237
17179875917,17179869412
17179875932,17179872826
17179876123,17179876123
17179876133,17179876133
17179876220,17179876220
17179876271,17179876271
17179876464,17179875306
17179876476,17179876476
17179876615,17179876615
17179876635,17179872785
17179876929,17179869607
17179877344,17179869515
17179877716,17179870040
17179877768,17179871421
17179878114,17179878114
17179878231,17179869335
17179879063,17179879063
17179879143,17179871495
17179879324,17179872061
17179879381,17179877795
17179879738,17179871046
17179879802,17179874159
17179880067,17179880067
17179880085,17179871233
17179880331,17179869715
17179880358,17179880358
17179880570,17179869649
17179881112,17179870051
17179881305,17179870133
17179881358,17179881358
17179881364,17179876514
17179881400,17179869421
17179881658,17179881658
17179881717,17179880957
17179882168,17179874417
17179882191,17179879625
17179882290,17179882290
17179882481,17179869857
17179882586,17179872515
17179882797,17179872062
17179882907,17179875672
17179882915,17179875324
17179882917,17179882329
17179883061,17179883061
17179883264,17179880377
17179883551,17179873257
17179883722,17179883722
17179884031,17179870531
17179884299,17179872851
17179884580,17179869403
17179884751,17179871698
17179884913,17179869883
17179884927,17179870977
17179885436,17179885436
17179886077,17179871437
17179886104,17179869875
17179886220,17179876953
17179886599,17179870218
17179886760,17179886760
17179886788,17179873105
17179887089,17179887089
17179887165,17179884655
17179887174,17179881156
17179887485,17179870074
17179887580,17179872019
17179887695,17179870515
17179887899,17179872534
17179888049,17179874497
17179888074,17179875849
17179888284,17179870982
17179888558,17179877137
17179888692,17179888692
17179888699,17179872272
17179888901,17179873869
17179889481,17179889481
17179889514,17179876165
17179889752,17179870848
17179889928,17179869338
17179890040,17179869863
17179890243,17179873440
17179890292,17179876760
17179890337,17179869630
17179890470,17179871232
17179890761,17179874560
17179890933,17179869954
17179891063,17179871878
17179891080,17179881102
17179891139,17179876766
17179891437,17179870650
17179891550,17179870643
17179891630,17179869314
17179891659,17179873186
17179891837,17179871041
17179892240,17179870259
17179892412,17179877774
17179892415,17179870674
17179892560,17179875305
17179892751,17179875987
17179893261,17179873423
17179893367,17179880069
17179893481,17179873123
17179893592,17179870578
17179893743,17179877989
17179894088,17179872576
17179894238,17179873467
17179894368,17179878337
17179894376,17179873206
17179894592,17179872674
17179894594,17179874168
17179894723,17179874469
17179894767,17179894767
17179894911,17179892638
17179895000,17179870372
17179895189,17179869208
17179895340,17179895340
17179895462,17179895462
17179895657,17179871452
17179896180,17179872753
17179897416,17179873080
17179897449,17179870289
17179897562,17179871889
17179897770,17179875036
17179897784,17179877991
17179898074,17179870730
17179898302,17179875324
17179898352,17179869799
17179898368,17179875852
17179898476,17179870650
17179898486,17179869394
17179898501,17179870186
17179898519,17179872182
17179898901,17179874590
17179899094,17179872974
17179899189,17179874237
17179899194,17179869584
17179899475,17179872403
17179899791,17179870491
17179899792,17179882488
17179899936,17179871555
17179900283,17179874514
17179900324,17179872614
17179900368,17179900368
17179900600,17179879597
17179900734,17179874823
17179900866,17179876011
17179901031,17179870491
17179901420,17179901420
17179901476,17179870092
17179902067,17179878191
17179902152,17179869271
17179902200,17179871926
17179902217,17179878359
17179902256,17179876220
17179902601,17179870025
17179869340,17179869340
17179869466,17179869466
17179869511,17179869511
17179869542,17179869542
17179869569,17179869569
17179869610,17179869610
17179869739,17179869739
17179869912,17179869912
17179870162,17179870162
17179870165,17179870165
17179870194,17179869476
17179870355,17179870355
17179870357,17179870357
17179870397,17179870397
17179870660,17179870660
17179870946,17179870946
17179871119,17179869678
17179871435,17179871435
17179871457,17179870050
17179872194,17179871888
17179872203,17179872203
17179872233,17179872233
17179872259,17179871038
17179872418,17179872418
17179872486,17179869544
17179872566,17179872566
17179872900,17179872900
17179872916,17179869190
17179873192,17179873192
17179873249,17179873249
17179873310,17179873310
17179873401,17179873401
17179873486,17179873486
17179873747,17179873747
17179873810,17179873810
17179874157,17179869530
17179874218,17179871567
17179874343,17179871228
17179874439,17179874439
17179874918,17179870102
17179875862,17179872974
17179876152,17179869434
17179876255,17179871961
17179876307,17179876307
17179876611,17179873560
17179877405,17179872051
17179877731,17179871869
17179878028,17179871948
17179878569,17179870015
17179878594,17179870928
17179878799,17179871862
17179878892,17179869974
17179879161,17179869973
17179879608,17179877946
17179879875,17179879875
17179880177,17179876645
17179880661,17179880661
17179880881,17179872923
17179881055,17179869649
17179881077,17179872524
17179881080,17179878101
17179881219,17179881219
17179881273,17179881273
17179882046,17179872389
17179882189,17179882189
17179882264,17179875338
17179883022,17179869674
17179883741,17179872418
17179883751,17179878027
17179883759,17179873735
17179884117,17179869385
17179884131,17179883420
17179885018,17179869935
17179885151,17179873244
17179885232,17179870249
17179885355,17179885355
17179886413,17179871408
17179887047,17179887047
17179887216,17179876094
17179887300,17179871388
17179887534,17179887534
17179888075,17179877301
17179888107,17179870196
17179888111,17179878200
17179888529,17179870758
17179888602,17179878671
17179888740,17179872803
17179888776,17179888776
17179888787,17179885963
17179888959,17179869860
17179889204,17179870405
17179889212,17179889212
17179889313,17179881380
17179889460,17179872119
17179889578,17179872712
17179889783,17179878705
17179889901,17179877000
17179890098,17179890098
17179890186,17179869455
17179890381,17179873502
17179890507,17179878980
17179890559,17179876257
17179890992,17179876186
17179891057,17179869865
17179891119,17179891119
17179891156,17179873879
17179891272,17179891272
17179891366,17179873031
17179891404,17179883590
17179891740,17179872246
17179891790,17179891790
17179892040,17179876072
17179892072,17179873423
17179892420,17179876404
17179892625,17179874288
17179892654,17179874288
17179892856,17179870012
17179893001,17179871629
17179893297,17179869314
17179893357,17179875129
17179893529,17179893529
17179893629,17179875536
17179894331,17179874477
17179894404,17179894404
17179894499,17179870143
17179894550,17179884162
17179894733,17179869928
17179895216,17179895216
17179895249,17179883483
17179895314,17179872041
17179895545,17179871104
17179895578,17179883579
17179895807,17179871631
17179896278,17179877301
17179896425,17179869886
17179896797,17179870086
17179897013,17179869982
17179897181,17179869660
17179897185,17179869488
17179897212,17179869202
17179897340,17179874984
17179897377,17179873535
17179897811,17179880173
17179897864,17179876969
17179897983,17179877919
17179898000,17179869434
17179898099,17179873053
17179898497,17179869327
17179898663,17179871351
17179899050,17179899050
17179899221,17179876548
17179900153,17179874371
17179900736,17179870359
17179900826,17179870229
17179900878,17179872754
17179901344,17179876224
17179901363,17179882405
17179901783,17179873315
17179901944,17179870324
17179902121,17179887008
17179902192,17179870561
17179902218,17179875315
17179902550,17179870772
17179869453,17179869453
17179869481,17179869481
17179869624,17179869624
17179870021,17179870021
17179870169,17179870101
17179870431,17179870431
17179870563,17179869940
17179870590,17179870590
17179870624,17179870624
17179870815,17179869940
17179871609,17179871609
17179871779,17179871779
17179872207,17179870289
17179872335,17179872335
17179872363,17179869458
17179872814,17179872814
17179872876,17179872876
17179873133,17179873133
17179873385,17179873385
17179873512,17179870520
17179873533,17179871714
17179873678,17179873678
17179873702,17179872574
17179873757,17179870261
17179873901,17179873901
17179873918,17179873744
17179874318,17179874318
17179874775,17179870918
17179874821,17179874821
17179874846,17179874846
17179875007,17179875007
17179875119,17179869222
17179875182,17179871927
17179875284,17179871395
17179875381,17179873824
17179875505,17179871323
17179875766,17179875766
17179875813,17179870670
17179875974,17179872818
17179876186,17179876186
17179876229,17179869947
17179876583,17179869777
17179877111,17179869715
17179877305,17179873054
17179877460,17179872206
17179878459,17179878459
17179878615,17179870249
17179878822,17179874469
17179878978,17179871590
17179879002,17179870546
17179879164,17179876942
17179879200,17179875722
17179879256,17179874565
17179879564,17179871436
17179879574,17179871240
17179879796,17179879796
17179879831,17179878340
17179879954,17179875397
17179880001,17179880001
17179880377,17179880377
17179880841,17179871827
17179880927,17179874115
17179881117,17179881117
17179881425,17179873154
17179881443,17179878485
17179881444,17179872867
17179881727,17179881727
17179881769,17179874644
17179881971,17179881971
17179882043,17179879172
17179882111,17179882111
17179882153,17179870642
17179882731,17179882731
17179883299,17179871900
17179883859,17179877917
17179884161,17179871915
17179884183,17179882683
17179884236,17179878873
17179884292,17179873854
17179884321,17179871941
17179884352,17179872826
17179884409,17179869719
17179884547,17179869412
17179884570,17179871865
17179884770,17179878122
17179884862,17179874621
17179884869,17179874670
17179885165,17179884917
17179885392,17179871582
17179885777,17179870051
17179885852,17179872935
17179885978,17179872023
17179886579,17179885059
17179886630,17179869344
17179886671,17179876023
17179886729,17179878802
17179887017,17179887017
17179887287,17179878581
17179887308,17179871610
17179887400,17179878674
17179887614,17179876341
17179887673,17179873025
17179887973,17179878935
17179888092,17179877090
17179888255,17179871843
17179888507,17179869649
17179888928,17179869378
17179888950,17179878980
17179889008,17179881156
17179889129,17179871165
17179889323,17179875046
17179889348,17179889348
17179889398,17179889398
17179889577,17179873221
17179889679,17179871437
17179889772,17179872889
17179889804,17179870476
17179889921,17179889921
17179889950,17179889950
17179890294,17179872198
17179890448,17179870392
17179890451,17179873090
17179890854,17179878899
17179891169,17179869625
17179891894,17179891894
17179891908,17179878004
17179892196,17179875597
17179892996,17179870883
17179893066,17179871807
17179893077,17179893077
17179893169,17179872947
17179893391,17179875061
17179893415,17179869683
17179893460,17179893460
17179893463,17179874522
17179893610,17179870430
17179893688,17179871405
17179893716,17179870486
17179893768,17179869649
17179893896,17179886306
17179893929,17179871351
17179893954,17179893954
17179894053,17179871432
17179894089,17179877815
17179894096,17179890052
17179894110,17179869830
17179894152,17179869248
17179894379,17179870372
17179894421,17179889569
17179894609,17179874588
17179894676,17179870024
17179894750,17179869625
17179894968,17179870922
17179895935,17179873981
17179896080,17179869641
17179896148,17179882212
17179896197,17179869998
17179896413,17179877906
17179896489,17179889411
17179896490,17179874643
17179896508,17179869414
17179896514,17179896514
17179896685,17179876206
17179896935,17179896935
17179896964,17179885418
17179897173,17179873885
17179897844,17179871518
17179897888,17179870947
17179897930,17179869712
17179898216,17179870265
17179898687,17179872826
17179898917,17179869780
17179899362,17179883283
17179899489,17179870641
17179899543,17179873033
17179899690,17179870097
17179900403,17179873450
17179900746,17179874100
17179900944,17179873650
17179901012,17179872397
17179901324,17179901324
17179901401,17179871544
17179901752,17179873475
17179901856,17179870939
17179901857,17179878054
17179902057,17179871282
17179902288,17179877255
17179869347,17179869347
17179869544,17179869544
17179869625,17179869625
17179869748,17179869748
17179869969,17179869969
17179869990,17179869990
17179870084,17179870084
17179870135,17179869332
17179870620,17179869561
17179870997,17179870997
17179871008,17179871008
17179871237,17179871237
17179871697,17179871671
17179871768,17179869855
17179871811,17179871811
17179872376,17179872110
17179872664,17179871182
17179872736,17179872736
17179872807,17179872807
17179872988,17179872988
17179873050,17179873050
17179873132,17179870444
17179873536,17179873536
17179873635,17179873244
17179874139,17179869589
17179874253,17179871404
17179874305,17179874305
17179874425,17179872054
17179874466,17179874466
17179874539,17179874539
17179874558,17179872799
17179874750,17179870050
17179875015,17179870497
17179875035,17179872806
17179875170,17179869204
17179875332,17179871448
17179875354,17179875354
17179876040,17179872011
17179876046,17179873105
17179876075,17179874661
17179876080,17179872598
17179876207,17179874205
17179876353,17179871227
17179876588,17179871111
17179876915,17179876915
17179876919,17179870045
17179877245,17179876515
17179877351,17179877351
17179877568,17179869266
17179877691,17179877691
17179877802,17179875421
17179878003,17179870357
17179878410,17179876471
17179879049,17179870661
17179879268,17179872665
17179879272,17179872210
17179879402,17179874328
17179879658,17179879658
17179879703,17179872554
17179879748,17179874534
17179879886,17179869510
17179880245,17179869761
17179880299,17179875203
17179880519,17179869715
17179880753,17179878773
17179880856,17179874700
17179880980,17179870809
17179881460,17179870160
17179881726,17179870013
17179881846,17179875237
17179881881,17179872796
17179882121,17179870227
17179882572,17179871098
17179882716,17179882716
17179882730,17179870769
17179882833,17179870249
17179882856,17179870888
17179882971,17179875849
17179883565,17179877642
17179883685,17179869314
17179883697,17179883697
17179883720,17179876651
17179884077,17179878603
17179884128,17179871157
17179884320,17179875992
17179884543,17179875880
17179884617,17179870912
17179884669,17179874650
17179884779,17179884779
17179884818,17179871933
17179884917,17179884917
17179884931,17179884931
17179884948,17179870637
17179885321,17179871475
17179885546,17179871698
17179885617,17179880885
17179885670,17179871275
17179885792,17179877482
17179885872,17179870880
17179885895,17179877046
17179886199,17179881797
17179886438,17179878541
17179886572,17179882166
17179886628,17179886628
17179886704,17179873074
17179887374,17179873969
17179887524,17179881365
17179887620,17179873481
17179887697,17179875668
17179887758,17179870257
17179887794,17179879374
17179888483,17179880937
17179888561,17179888561
17179888590,17179872813
17179888796,17179871113
17179888875,17179869499
17179889556,17179877698
17179889576,17179889576
17179889601,17179882166
17179890021,17179874611
17179890095,17179870767
17179890571,17179869355
17179890579,17179874521
17179890619,17179890619
17179891088,17179869648
17179891430,17179880368
17179891433,17179870372
17179891440,17179870982
17179891619,17179870889
17179891861,17179872374
17179892216,17179873815
17179892442,17179886991
17179892645,17179882940
17179893157,17179880866
17179893176,17179869491
17179893181,17179871690
17179893319,17179889362
17179893372,17179870755
17179893444,17179869455
17179893498,17179869578
17179893834,17179874799
17179893884,17179871080
17179893974,17179893323
17179894281,17179894281
17179894432,17179870272
17179894692,17179872915
17179894715,17179873265
17179894813,17179884719
17179895001,17179887186
17179895120,17179870079
17179895401,17179879260
17179895695,17179870629
17179895821,17179869678
17179896060,17179869926
17179896206,17179870650
17179896752,17179874078
17179896878,17179875647
17179896953,17179869610
17179897121,17179869788
17179897134,17179886552
17179897257,17179897257
17179897410,17179871487
17179897554,17179874522
17179897646,17179887329
17179897902,17179871332
17179897905,17179897905
17179898037,17179870257
17179898324,17179880222
17179898414,17179877487
17179898669,17179878713
17179899033,17179869606
17179899036,17179881336
17179899067,17179872397
17179899399,17179880937
17179900030,17179875880
17179900150,17179900150
17179900336,17179869367
17179900656,17179871880
17179900729,17179873963
17179901576,17179875280
17179901600,17179872815
17179901790,17179877823
17179901926,17179883056
17179902438,17179877879
17179869277,17179869277
17179870215,17179870215
17179870253,17179870253
17179870637,17179870637
17179870970,17179870970
17179871515,17179869382
17179871886,17179871886
17179872140,17179870861
17179872384,17179872384
17179872791,17179872791
17179873042,17179873042
17179873110,17179873110
17179873374,17179869533
17179873772,17179873772
17179874081,17179871351
17179874456,17179870669
17179874726,17179873450
17179875229,17179871030
17179875668,17179875668
17179875795,17179872116
17179876598,17179870400
17179876620,17179869321
17179876884,17179876884
17179877439,17179875402
17179877468,17179877468
17179877622,17179877622
17179878305,17179872223
17179878311,17179870840
17179878373,17179870858
17179878679,17179870051
17179879466,17179870683
17179879698,17179879698
17179879731,17179869894
17179879740,17179871501
17179879799,17179879799
17179880054,17179870361
17179880145,17179875135
17179880155,17179873986
17179880170,17179870533
17179880208,17179880208
17179880484,17179880484
17179881129,17179870947
17179881252,17179869991
17179881389,17179873639
17179881720,17179881720
17179881844,17179871356
17179882233,17179872826
17179882423,17179879621
17179883372,17179870461
17179883582,17179876005
17179883687,17179872037
17179883809,17179872245
17179884596,17179876625
17179884675,17179872755
17179884742,17179876228
17179884955,17179872520
17179884969,17179869817
17179885734,17179879416
17179886489,17179877580
17179886749,17179872444
17179886764,17179874984
17179886842,17179870326
17179887129,17179869903
17179887131,17179869438
17179887256,17179871610
17179887500,17179874661
17179887601,17179869615
17179887956,17179871346
17179888027,17179880244
17179888389,17179880428
17179888509,17179886329
17179888639,17179872582
17179888921,17179888921
17179889121,17179870289
17179889160,17179875245
17179889828,17179875233
17179890346,17179874105
17179890484,17179890484
17179890701,17179877151
17179890853,17179870559
17179890862,17179870695
17179890951,17179870836
17179891126,17179877507
17179891216,17179876513
17179891646,17179888821
17179891891,17179877757
17179891949,17179874646
17179892050,17179870409
17179892078,17179876508
17179892366,17179869621
17179892534,17179876948
17179892544,17179874945
17179892744,17179871500
17179892794,17179879022
17179892851,17179869623
17179893207,17179869715
17179893540,17179878771
17179893656,17179871388
17179893707,17179869501
17179894156,17179870440
17179894172,17179869911
17179894318,17179891221
17179894470,17179869377
17179895452,17179895452
17179895883,17179878114
17179895897,17179872995
17179896360,17179879403
17179896431,17179877666
17179896835,17179870725
17179896852,17179872099
17179897315,17179871172
17179897789,17179885391
17179897989,17179871808
17179898219,17179881003
17179898387,17179877061
17179898866,17179896513
17179899075,17179879380
17179899100,17179881935
17179899614,17179881201
17179899875,17179881250
17179900213,17179871388
17179900451,17179872336
17179900846,17179869710
17179900900,17179869562
17179901030,17179879550
17179901063,17179870818
17179901083,17179877208
17179901371,17179882667
17179901435,17179869434
17179901553,17179870130
17179902099,17179884492
17179902170,17179871233
17179902172,17179873417
17179902246,17179870145
17179902258,17179874966
17179869206,17179869206
17179869350,17179869350
17179869543,17179869543
17179869588,17179869404
17179870020,17179870020
17179870222,17179869817
17179870717,17179870717
17179870778,17179869536
17179870837,17179870837
17179870860,17179869271
17179870930,17179869319
17179870986,17179869487
17179870992,17179870992
17179871160,17179871160
17179871338,17179869423
17179871418,17179871418
17179871848,17179871848
17179871917,17179871917
17179872003,17179872003
17179872188,17179870478
17179872415,17179872415
17179872706,17179872706
17179872712,17179872712
17179872722,17179869423
17179872861,17179871201
17179873036,17179870218
17179873099,17179872628
17179873148,17179873148
17179873340,17179873340
17179873771,17179873771
17179873933,17179871666
17179874062,17179874062
17179874830,17179874830
17179874983,17179874983
17179875176,17179871172
17179875539,17179875539
17179875658,17179870033
17179875973,17179875973
17179876506,17179872245
17179876695,17179871206
17179876827,17179876827
17179876905,17179876905
17179877054,17179871922
17179877240,17179871298
17179878127,17179871854
17179878270,17179870015
17179878354,17179878354
17179878535,17179869356
17179878573,17179874804
17179878677,17179870924
17179878814,17179869696
17179878815,17179870882
17179879649,17179879649
17179879911,17179879911
17179880233,17179875324
17179880562,17179879233
17179880680,17179874869
17179880923,17179872210
17179880944,17179871230
17179881056,17179881056
17179881298,17179876037
17179881333,17179877566
17179881396,17179877638
17179881592,17179881592
17179881618,17179881618
17179881628,17179878132
17179882134,17179869480
17179882211,17179869897
17179882218,17179878317
17179882668,17179882668
17179882995,17179874465
17179883587,17179876423
17179883882,17179883882
17179884028,17179870105
17179884187,17179869775
17179884504,17179876177
17179884787,17179872947
17179885036,17179873781
17179885097,17179874665
17179885166,17179885166
17179885228,17179872397
17179885319,17179869578
17179885637,17179873205
17179885666,17179876925
17179886040,17179871773
17179886128,17179877954
17179886138,17179877100
17179886296,17179870257
17179886732,17179870252
17179886768,17179881358
17179887000,17179870531
17179887283,17179874522
17179887352,17179869830
17179887368,17179887368
17179887482,17179882349
17179887561,17179872181
17179887649,17179871195
17179887729,17179880505
17179888026,17179873285
17179888110,17179888110
17179888141,17179870063
17179888178,17179875696
17179888416,17179873313
17179888723,17179873679
17179889488,17179879178
17179889683,17179877247
17179889755,17179874661
17179890332,17179874335
17179890764,17179878499
17179890851,17179879033
17179891093,17179880989
17179891514,17179869323
17179891766,17179874533
17179891808,17179877856
17179891919,17179869421
17179891996,17179871374
17179892235,17179872979
17179892365,17179889668
17179892655,17179872574
17179892706,17179879428
17179892770,17179874545
17179892791,17179875111
17179892971,17179888640
17179893326,17179869543
17179893671,17179869429
17179893689,17179869437
17179893717,17179878342
17179893928,17179871300
17179894718,17179869984
17179895139,17179870580
17179895389,17179871101
17179895819,17179874751
17179895835,17179874154
17179895841,17179871914
17179896177,17179875913
17179896500,17179870787
17179896533,17179896533
17179896559,17179880088
17179897120,17179875029
17179897276,17179872157
17179897854,17179874467
17179897899,17179881233
17179897935,17179874984
17179897953,17179881417
17179897990,17179877193
17179898220,17179869649
17179898343,17179877222
17179898427,17179898427
17179898571,17179871370
17179898899,17179869545
17179899228,17179874239
17179899230,17179874701
17179899415,17179880993
17179899519,17179871205
17179899871,17179879619
17179900332,17179872052
17179901015,17179875405
17179901026,17179869533
17179901073,17179869496
17179901132,17179885511
17179901539,17179872796
17179901686,17179872291
17179901931,17179871574
17179902008,17179872648
17179902146,17179870763
17179902436,17179874874
17179902546,17179869817
17179902575,17179870405
17179869220,17179869220
17179869409,17179869409
17179869522,17179869522
17179869578,17179869578
17179869809,17179869320
17179870041,17179870041
17179870827,17179870827
17179871727,17179869935
17179872521,17179872521
17179872954,17179872954
17179872981,17179872981
17179873318,17179872014
17179873552,17179869998
17179873592,17179870356
17179873825,17179872285
17179873925,17179873925
17179874302,17179874302
17179874907,17179869423
17179874937,17179874276
17179875127,17179871351
17179875419,17179875419
17179875683,17179869695
17179875792,17179873027
17179875799,17179875799
17179875887,17179870303
17179876264,17179871023
17179876499,17179872314
17179876560,17179873016
17179877071,17179869976
17179877868,17179877868
17179877884,17179877884
17179878096,17179878096
17179878348,17179878348
17179878384,17179878348
17179878409,17179878409
17179878754,17179872512
17179879193,17179872104
17179879712,17179879712
17179879758,17179870932
17179879781,17179877875
17179880056,17179876235
17179880083,17179880083
17179880202,17179870015
17179880288,17179870180
17179880864,17179870670
17179881397,17179879826
17179881529,17179874778
17179881633,17179872519
17179881668,17179881668
17179881991,17179881991
17179882085,17179871349
17179882152,17179873443
17179882696,17179880741
17179882857,17179882857
17179883004,17179873238
17179883244,17179872549
17179883434,17179869968
17179883439,17179870015
17179883471,17179883471
17179883553,17179876988
17179883641,17179869497
17179883718,17179874191
17179883973,17179872692
17179884059,17179872116
17179884081,17179884081
17179884154,17179872851
17179884182,17179870286
17179884481,17179869476
17179884601,17179871172
17179884801,17179872953
17179884830,17179869220
17179885172,17179875846
17179885178,17179874469
17179885190,17179870724
17179885191,17179878595
17179885293,17179872030
17179886058,17179880998
17179886070,17179886070
17179886553,17179878392
17179886597,17179873024
17179886718,17179872843
17179886790,17179871448
17179886836,17179869976
17179886915,17179869559
17179886918,17179871780
17179886958,17179883665
17179887023,17179875990
17179887422,17179877942
17179887669,17179887669
17179887979,17179871754
17179887988,17179870013
17179888545,17179870772
17179888808,17179888808
17179889114,17179879875
17179889503,17179869767
17179889658,17179886681
17179889764,17179870908
17179889900,17179871644
17179889980,17179869467
17179890043,17179872397
17179890184,17179890184
17179890312,17179873328
17179890697,17179869708
17179890865,17179876037
17179890881,17179878482
17179891276,17179881668
17179891658,17179886307
17179891727,17179891727
17179892303,17179871570
17179892797,17179870258
17179892917,17179874159
17179893138,17179871846
17179893182,17179871349
17179893252,17179881144
17179893301,17179871781
17179893355,17179893355
17179893825,17179870199
17179894078,17179881643
17179894204,17179875672
17179894240,17179872118
17179894290,17179872898
17179894523,17179871846
17179894601,17179877152
17179894658,17179869576
17179894749,17179877960
17179894942,17179869404
17179895093,17179877501
17179895171,17179872570
17179895429,17179870064
17179895871,17179884845
17179895910,17179873077
17179895999,17179869317
17179896032,17179871978
17179896047,17179875214
17179896238,17179869760
17179896267,17179869981
17179896330,17179871172
17179897353,17179869940
17179897390,17179879561
17179897639,17179876074
17179897735,17179869455
17179897972,17179869616
17179898441,17179871399
17179898840,17179873477
17179898878,17179875474
17179898924,17179871574
17179899040,17179872461
17179899359,17179880017
17179899540,17179879558
17179899790,17179870948
17179899796,17179871773
17179899982,17179869878
17179900017,17179877879
17179900170,17179870955
17179900260,17179900260
17179900277,17179875084
17179900313,17179877561
17179900717,17179870674
17179900788,17179900788
17179901035,17179877641
17179901727,17179876249
17179901849,17179871431
17179901978,17179869856
17179902006,17179878603
17179902082,17179873599
17179869649,17179869649
17179869663,17179869395
17179869668,17179869668
17179869732,17179869732
17179870318,17179870318
17179870526,17179870206
17179870787,17179870787
17179871344,17179871344
17179871624,17179871624
17179872036,17179869333
17179872110,17179872110
17179872252,17179872252
17179872881,17179872881
17179873396,17179873396
17179873488,17179873488
17179873508,17179873508
17179873773,17179873773
17179873824,17179873824
17179874114,17179874114
17179874140,17179874140
17179874499,17179874499
17179874658,17179874658
17179875143,17179872826
17179875215,17179875215
17179875357,17179872810
17179875373,17179869496
17179875394,17179871602
17179875529,17179869938
17179875535,17179875535
17179875607,17179875607
17179875952,17179869961
17179876944,17179876944
17179877224,17179872649
17179877482,17179877482
17179877601,17179877601
17179878073,17179870412
17179878496,17179869547
17179878630,17179872519
17179878631,17179878409
17179879065,17179879065
17179879148,17179878076
17179879336,17179879336
17179879363,17179874307
17179879391,17179878756
17179879397,17179872292
17179879617,17179876669
17179879767,17179870143
17179879999,17179875880
17179880019,17179870259
17179880298,17179880298
17179880387,17179875405
17179880426,17179880426
17179881144,17179881144
17179881605,17179880272
17179881677,17179876841
17179882172,17179869547
17179882178,17179872014
17179882318,17179872460
17179882407,17179879443
17179883205,17179870357
17179883652,17179871846
17179883836,17179883836
17179883884,17179883884
17179884383,17179869950
17179884518,17179876059
17179884571,17179871746
17179884815,17179881417
17179884897,17179877075
17179885212,17179874367
17179885688,17179873869
17179885898,17179885898
17179886338,17179870387
17179886616,17179871150
17179886785,17179875528
17179886796,17179869933
17179886879,17179878474
17179887043,17179871400
17179887070,17179873029
17179887172,17179870198
17179887532,17179873174
17179887613,17179869470
17179887894,17179874050
17179888055,17179870943
17179888139,17179873180
17179888479,17179887898
17179888569,17179875386
17179888747,17179869884
17179888861,17179887534
17179888912,17179872840
17179889199,17179869263
17179889302,17179869465
17179889311,17179875514
17179889546,17179873495
17179889875,17179871499
17179889953,17179872249
17179889983,17179872255
17179890050,17179878557
17179890339,17179872449
17179890594,17179871365
17179890855,17179890855
17179890910,17179874506
17179891158,17179869912
17179891239,17179883988
17179891331,17179870533
17179891431,17179869467
17179891662,17179879866
17179891708,17179884191
17179891853,17179873907
17179891873,17179876189
17179892046,17179871496
17179892059,17179879470
17179892540,17179871059
17179893121,17179875694
17179893129,17179872332
17179893522,17179869649
17179893524,17179869322
17179893533,17179872293
17179893547,17179878550
17179893910,17179876008
17179894006,17179874302
17179894077,17179870601
17179894114,17179869788
17179894267,17179877277
17179894330,17179884524
17179895113,17179869673
17179895225,17179878634
17179895393,17179886306
17179895479,17179870717
17179895493,17179872950
17179895540,17179880017
17179896008,17179879181
17179896286,17179873956
17179896719,17179869404
17179896820,17179869473
17179896942,17179876312
17179897071,17179875891
17179897334,17179877105
17179897374,17179869544
17179897403,17179891727
17179897421,17179877331
17179897607,17179890738
17179897721,17179869369
17179898318,17179875891
17179898426,17179898426
17179898622,17179875013
17179898855,17179898855
17179899170,17179879734
17179899391,17179869388
17179899431,17179876706
17179899444,17179873168
17179899635,17179899635
17179899760,17179869544
17179899829,17179877431
17179899922,17179871665
17179900003,17179874876
17179900214,17179869632
17179900388,17179872202
17179900509,17179871548
17179900561,17179900561
17179901168,17179871369
17179901559,17179870660
17179902064,17179881936
17179902262,17179871833
17179902354,17179891359
17179869196,17179869196
17179870090,17179870090
17179870669,17179870669
17179871042,17179870214
17179871044,17179871044
17179871112,17179871112
17179871392,17179871392
17179871438,17179870872
17179871456,17179870851
17179871519,17179871519
17179871623,17179871122
17179871645,17179871645
17179871667,17179870788
17179872063,17179869636
17179872234,17179870429
17179872351,17179872351
17179872434,17179872434
17179872653,17179869529
17179872784,17179872784
17179872822,17179869759
17179872965,17179872965
17179873104,17179869465
17179873204,17179873204
17179873345,17179872819
17179873489,17179870884
17179873687,17179873687
17179873737,17179869831
17179873829,17179869405
17179874128,17179874128
17179874384,17179874384
17179874708,17179874708
17179875083,17179875083
17179875425,17179869817
17179875571,17179875571
17179875740,17179870890
17179875901,17179875901
17179876222,17179876222
17179876381,17179870767
17179877365,17179877365
17179877448,17179872880
17179877483,17179871558
17179877932,17179876835
17179878078,17179873494
17179878111,17179872436
17179878490,17179871130
17179878883,17179876541
17179878886,17179873315
17179878945,17179878945
17179879017,17179870736
17179879070,17179879070
17179879244,17179877580
17179879406,17179879406
17179879421,17179879421
17179879575,17179869715
17179879936,17179872725
17179880042,17179873605
17179880388,17179871347
17179880701,17179870522
17179880973,17179869439
17179881200,17179876246
17179881650,17179874094
17179881796,17179881796
17179882059,17179873852
17179882333,17179877389
17179882380,17179881417
17179882409,17179869886
17179882476,17179870472
17179882646,17179879059
17179882672,17179872301
17179883197,17179870495
17179883402,17179873003
17179883853,17179871599
17179884181,17179871234
17179884196,17179882940
17179884264,17179870541
17179884275,17179871469
17179884441,17179877524
17179884525,17179884525
17179884809,17179869648
17179884828,17179869336
17179885366,17179877017
17179885393,17179875756
17179885484,17179883631
17179885520,17179869772
17179885602,17179878926
17179885782,17179871418
17179885820,17179869514
17179885877,17179881592
17179886522,17179871116
17179886673,17179886673
17179886723,17179875662
17179887416,17179871233
17179887480,17179871750
17179887541,17179879450
17179887693,17179879300
17179887838,17179869465
17179887919,17179870846
17179888038,17179873269
17179888076,17179873885
17179888388,17179878140
17179888510,17179882058
17179888795,17179885799
17179888805,17179870210
17179888871,17179874135
17179889087,17179870841
17179889093,17179874802
17179889117,17179874673
17179889320,17179878734
17179889392,17179889392
17179889412,17179877283
17179889473,17179878818
17179889478,17179873254
17179889492,17179878558
17179889544,17179871418
17179889649,17179872483
17179890156,17179871912
17179890272,17179890272
17179890352,17179873879
17179890597,17179875172
17179890948,17179869861
17179891397,17179871139
17179891669,17179869474
17179892146,17179892146
17179892336,17179869568
17179892358,17179871228
17179892403,17179869743
17179892431,17179871571
17179892436,17179877815
17179892947,17179873690
17179893426,17179872565
17179893453,17179871059
17179893726,17179881032
17179894538,17179873470
17179894568,17179876925
17179894827,17179878386
17179894870,17179874067
17179895287,17179870336
17179895337,17179869190
17179895516,17179882263
17179895846,17179870342
17179896054,17179879131
17179896209,17179869646
17179896411,17179869376
17179896507,17179876540
17179896735,17179892084
17179896765,17179878482
17179897171,17179869715
17179897307,17179874068
17179897408,17179884392
17179897533,17179870754
17179898058,17179886178
17179898191,17179871730
17179898297,17179873130
17179898328,17179870466
17179898356,17179898356
17179898635,17179898635
17179898719,17179884643
17179898741,17179873623
17179899606,17179893599
17179899616,17179872586
17179899648,17179894696
17179899754,17179880424
17179900089,17179900089
17179900449,17179870437
17179900626,17179873509
17179900660,17179870063
17179900795,17179893990
17179900888,17179888733
17179901494,17179871776
17179901901,17179872862
17179901998,17179878034
17179902108,17179872934
17179869184,17179869184
17179869294,17179869294
17179869325,17179869325
17179869525,17179869525
17179869601,17179869601
17179870088,17179869285
17179870130,17179870130
17179870330,17179870330
17179870531,17179870531
17179871236,17179871236
17179871968,17179870828
17179872123,17179872123
17179872451,17179872451
17179872524,17179872524
17179872627,17179872627
17179873091,17179871055
17179873141,17179873141
17179873202,17179873202
17179873294,17179873294
17179873469,17179873469
17179873555,17179873555
17179874069,17179871029
17179874134,17179873112
17179874261,17179874261
17179874323,17179869723
17179874416,17179871491
17179875144,17179869861
17179875254,17179873716
17179875466,17179870297
17179875562,17179869661
17179876031,17179872886
17179877007,17179870522
17179877045,17179871347
17179877170,17179870051
17179877541,17179869384
17179877744,17179869511
17179877766,17179870964
17179877800,17179869423
17179877937,17179877937
17179877941,17179877941
17179878253,17179870015
17179878255,17179873244
17179878309,17179870533
17179878494,17179871387
17179878529,17179877330
17179878622,17179869316
17179878920,17179871184
17179879055,17179879055
17179879122,17179879122
17179879287,17179871215
17179879452,17179870912
17179879506,17179879506
17179879714,17179879714
17179879735,17179879735
17179880094,17179880094
17179880246,17179871178
17179880348,17179872776
17179880849,17179875812
17179881258,17179881258
17179881346,17179876627
17179881678,17179871423
17179881762,17179869518
17179881799,17179879428
17179881854,17179881556
17179881867,17179869358
17179882374,17179877191
17179882605,17179877133
17179882766,17179871418
17179882790,17179875338
17179883055,17179872340
17179883487,17179876307
17179883540,17179870062
17179883850,17179869544
17179884152,17179877533
17179884554,17179869642
17179884598,17179870329
17179884647,17179884647
17179885118,17179878634
17179885435,17179881776
17179886024,17179870595
17179886755,17179874171
17179886931,17179873247
17179886988,17179869504
17179887568,17179870758
17179887903,17179869617
17179888159,17179874879
17179888424,17179875172
17179888526,17179869789
17179889295,17179875242
17179889595,17179880747
17179889694,17179871154
17179889750,17179870689
17179890022,17179875847
17179890123,17179869304
17179890228,17179879179
17179890396,17179882396
17179890467,17179870119
17179890706,17179885418
17179890762,17179869412
17179890886,17179890886
17179890999,17179874804
17179891103,17179871473
17179891463,17179873741
17179892084,17179892084
17179892087,17179869784
17179892390,17179878797
17179892409,17179870757
17179892455,17179877894
17179892659,17179869414
17179892803,17179878248
17179893010,17179869938
17179893286,17179870170
17179893293,17179875275
17179893496,17179884917
17179893672,17179869579
17179893979,17179878009
17179893982,17179872981
17179894457,17179877233
17179894759,17179879428
17179894906,17179875324
17179894971,17179876527
17179895459,17179880199
17179895808,17179871345
17179896143,17179871862
17179896203,17179882185
17179896442,17179869249
17179896456,17179869826
17179896706,17179896706
17179896891,17179896891
17179897147,17179875428
17179897196,17179871814
17179897316,17179870584
17179897444,17179886466
17179897472,17179878069
17179897666,17179873963
17179897861,17179897861
17179897885,17179872807
17179897956,17179884004
17179898692,17179871130
17179898709,17179871846
17179898815,17179869330
17179898823,17179872924
17179899029,17179870650
17179899232,17179888685
17179899434,17179870343
17179899443,17179872896
17179900229,17179883510
17179900877,17179878522
17179900954,17179869212
17179900998,17179871051
17179901058,17179892638
17179901102,17179872155
17179901221,17179869890
17179901399,17179878557
17179901463,17179872776
17179901624,17179874915
17179901817,17179870177
17179902096,17179874997
17179902177,17179876981
17179902300,17179886466
17179902423,17179869660
17179902586,17179902586
17179902597,17179873580
17179869321,17179869321
17179869427,17179869427
17179869626,17179869626
17179869643,17179869643
17179869658,17179869572
17179869667,17179869667
17179869676,17179869676
17179869718,17179869718
17179869934,17179869934
17179869976,17179869976
17179870478,17179870478
17179870795,17179870795
17179870843,17179870843
17179870882,17179870882
17179870927,17179870927
17179871428,17179871428
17179871441,17179871441
17179871452,17179871452
17179871685,17179871260
17179871830,17179871830
17179871912,17179871912
17179872184,17179872184
17179872443,17179870052
17179872512,17179872512
17179872685,17179871239
17179872775,17179872775
17179872785,17179872785
17179872848,17179872848
17179873027,17179873027
17179873363,17179873363
17179873394,17179871961
17179873470,17179873470
17179874017,17179871705
17179874381,17179874381
17179874789,17179873180
17179875094,17179873024
17179875235,17179875235
17179875544,17179869883
17179875716,17179873162
17179875746,17179875746
17179875807,17179875807
17179876073,17179875709
17179876923,17179876923
17179876975,17179872350
17179877019,17179872001
17179877254,17179876099
17179877573,17179877163
17179877686,17179877686
17179878019,17179878019
17179878261,17179878150
17179878353,17179877671
17179878426,17179878426
17179878451,17179871430
17179878554,17179875187
17179878739,17179872003
17179879027,17179869386
17179879252,17179870659
17179879410,17179872933
17179879935,17179879935
17179880072,17179869379
17179880106,17179872409
17179880316,17179869423
17179880619,17179869855
17179880690,17179877994
17179880708,17179880708
17179880806,17179873674
17179881028,17179875232
17179881059,17179873140
17179881197,17179869412
17179881261,17179877127
17179881280,17179874141
17179881702,17179869710
17179881828,17179870809
17179881829,17179877056
17179881919,17179881919
17179882629,17179873077
17179882967,17179880931
17179883086,17179882982
17179883327,17179883327
17179883446,17179872350
17179883466,17179869649
17179883729,17179871390
17179883842,17179879507
17179883858,17179871312
17179883930,17179872409
17179883965,17179872978
17179884310,17179878897
17179884453,17179869586
17179884523,17179873092
17179884992,17179884992
17179885044,17179874476
17179885145,17179869340
17179885202,17179882871
17179885406,17179880424
17179885937,17179877244
17179886633,17179875666
17179886783,17179873080
17179886828,17179886828
17179887050,17179873007
17179887405,17179872904
17179887539,17179879918
17179887718,17179877056
17179888126,17179886687
17179888385,17179872522
17179888841,17179871531
17179888909,17179888909
17179888930,17179872604
17179889088,17179870092
17179889272,17179877179
17179889524,17179874805
17179889665,17179871436
17179889707,17179873175
17179889846,17179869625
17179890049,17179869263
17179890140,17179874163
17179890241,17179872924
17179890263,17179870374
17179890275,17179875360
17179890658,17179872125
17179891004,17179871275
17179891255,17179871572
17179891292,17179870597
17179891337,17179876356
17179891490,17179869261
17179891644,17179870757
17179891794,17179886687
17179892081,17179885105
17179892290,17179870903
17179892339,17179873474
17179892717,17179872458
17179892790,17179892790
17179893198,17179870937
17179893314,17179893314
17179894154,17179870603
17179894593,17179872419
17179894624,17179874477
17179894697,17179871524
17179894829,17179869455
17179895255,17179870927
17179895525,17179872510
17179895810,17179872640
17179895977,17179870670
17179896272,17179887938
17179896406,17179869190
17179896624,17179870102
17179896687,17179872763
17179896815,17179886303
17179896974,17179872268
17179897064,17179874868
17179897346,17179869355
17179897466,17179870159
17179897506,17179869433
17179897516,17179869822
17179897521,17179872779
17179897676,17179870938
17179898039,17179874610
17179898419,17179873703
17179898558,17179871689
17179898611,17179876289
17179898638,17179898638
17179898797,17179870313
17179898868,17179869434
17179898961,17179882329
17179899283,17179878796
17179899602,17179879380
17179899689,17179871574
17179900799,17179874952
17179901195,17179876095
17179901527,17179874193
17179902174,17179872655
17179902541,17179880055
17179869204,17179869204
17179869239,17179869239
17179869305,17179869305
17179869454,17179869454
17179869565,17179869565
17179869662,17179869509
17179870290,17179870086
17179870571,17179869762
17179870661,17179870661
17179871244,17179869926
17179871282,17179871282
17179871928,17179871928
17179871941,17179871941
17179871956,17179871956
17179872122,17179871871
17179872198,17179872198
17179872201,17179872201
17179872937,17179872937
17179873455,17179872029
17179873523,17179872399
17179873568,17179873568
17179873604,17179873604
17179873866,17179870774
17179873908,17179869903
17179874103,17179874103
17179874186,17179874186
17179874283,17179872364
17179874358,17179874358
17179874443,17179870233
17179874590,17179874590
17179875108,17179875108
17179875506,17179874315
17179875518,17179870816
17179875589,17179871181
17179875755,17179869744
17179875949,17179875949
17179876019,17179873558
17179876124,17179876124
17179876127,17179870035
17179876580,17179874883
17179877353,17179873083
17179877589,17179877589
17179877678,17179877678
17179877859,17179873549
17179877882,17179871525
17179877933,17179872863
17179878336,17179873690
17179878420,17179870286
17179878729,17179878729
17179878801,17179873551
17179878844,17179878844
17179879134,17179879134
17179879524,17179869914
17179879662,17179871385
17179880367,17179869958
17179880404,17179880404
17179880754,17179869972
17179881085,17179881085
17179881331,17179874286
17179881340,17179869875
17179881391,17179871011
17179881833,17179871076
17179882119,17179872934
17179882269,17179869597
17179882391,17179869377
17179883454,17179872880
17179883648,17179873681
17179883735,17179873930
17179884241,17179869423
17179884330,17179875275
17179885076,17179870818
17179885349,17179878422
17179885461,17179875061
17179885486,17179885486
17179885772,17179885772
17179885829,17179872554
17179885882,17179869754
17179886307,17179886307
17179886333,17179869649
17179886373,17179871779
17179886734,17179878955
17179886801,17179874345
17179887013,17179872889
17179887158,17179869278
17179887486,17179876289
17179887662,17179871091
17179887676,17179873502
17179887804,17179874309
17179888070,17179875831
17179888362,17179877508
17179888366,17179874729
17179888426,17179875330
17179889023,17179882156
17179889378,17179875738
17179889427,17179873169
17179889809,17179869455
17179889854,17179870004
17179889993,17179871101
17179890080,17179873798
17179890081,17179870100
17179890302,17179876312
17179890357,17179870714
17179890503,17179870993
17179890617,17179875451
17179890689,17179869860
17179890718,17179871210
17179890788,17179869500
17179890941,17179873231
17179890978,17179874729
17179891141,17179876122
17179891294,17179873900
17179891387,17179891387
17179891415,17179884427
17179891898,17179872630
17179892314,17179870377
17179892333,17179878671
17179892359,17179874340
17179892492,17179870015
17179892556,17179888891
17179892558,17179874309
17179892695,17179869400
17179892906,17179870170
17179892956,17179869602
17179892963,17179869669
17179893651,17179886142
17179893701,17179869950
17179893776,17179881971
17179893849,17179893849
17179894135,17179894135
17179894297,17179886236
17179894844,17179876052
17179894923,17179870589
17179895090,17179876569
17179895118,17179875422
17179895192,17179879347
17179895266,17179872632
17179895277,17179869901
17179895438,17179869493
17179895926,17179880673
17179896048,17179879680
17179896124,17179871621
17179896228,17179869898
17179896367,17179873820
17179896516,17179877994
17179896582,17179874880
17179896858,17179869455
17179897227,17179871204
17179897319,17179875324
17179897389,17179875945
17179897420,17179870300
17179897429,17179877805
17179897751,17179875309
17179897943,17179881247
17179897997,17179874117
17179898704,17179873027
17179899176,17179870711
17179899425,17179880082
17179899587,17179871143
17179899919,17179874255
17179900224,17179885696
17179900569,17179879970
17179900584,17179874665
17179900590,17179872186
17179900781,17179876884
17179900863,17179869787
17179901019,17179870329
17179901211,17179878674
17179901217,17179877078
17179901233,17179869709
17179901597,17179871541
17179901717,17179887534
17179901749,17179881533
17179901914,17179870724
17179902090,17179870004
17179902254,17179896887
17179902392,17179875901
17179869230,17179869230
17179869469,17179869469
17179869593,17179869593
17179869637,17179869637
17179869714,17179869714
17179869884,17179869884
17179870389,17179870389
17179870674,17179870674
17179871178,17179871178
17179871329,17179871329
17179871404,17179871404
17179871523,17179871523
17179871670,17179869376
17179872047,17179871789
17179872630,17179872630
17179872808,17179872808
17179873203,17179870193
17179873233,17179873233
17179873398,17179871738
17179873581,17179873581
17179874012,17179869667
17179874013,17179869715
17179874106,17179874106
17179874321,17179873780
17179874374,17179874374
17179874464,17179874464
17179874524,17179869254
17179874844,17179874299
17179874898,17179874493
17179875145,17179869885
17179875225,17179870369
17179875686,17179871000
17179875876,17179875876
17179876597,17179870153
17179876769,17179876324
17179876779,17179871385
17179876824,17179876824
17179877027,17179870279
17179877156,17179869736
17179877331,17179877331
17179877602,17179872286
17179877888,17179877138
17179878251,17179869759
17179878516,17179877626
17179878563,17179870531
17179878602,17179872255
17179879104,17179869715
17179879121,17179877628
17179879429,17179879429
17179879508,17179879508
17179879659,17179873031
17179880101,17179879883
17179880209,17179875084
17179880223,17179870183
17179880410,17179871561
17179880445,17179872384
17179880454,17179871915
17179880684,17179880684
17179880957,17179880957
17179881123,17179874435
17179881431,17179876181
17179881541,17179874271
17179881697,17179876299
17179881772,17179878713
17179882005,17179877872
17179882150,17179872210
17179882207,17179882207
17179882260,17179869484
17179882288,17179872043
17179882489,17179877426
17179882546,17179870042
17179882701,17179879918
17179882726,17179871420
17179882740,17179871574
17179882745,17179872423
17179882799,17179870114
17179882997,17179869715
17179883058,17179873205
17179883418,17179869458
17179883494,17179876627
17179884564,17179880244
17179884704,17179871011
17179884832,17179869903
17179884963,17179873879
17179884974,17179875129
17179884982,17179877062
17179885248,17179885248
17179885845,17179869869
17179885969,17179870272
17179885972,17179877193
17179886141,17179876747
17179886221,17179884647
17179886431,17179870162
17179887125,17179881144
17179887516,17179874280
17179887520,17179879304
17179887634,17179878367
17179888081,17179873969
17179888140,17179869380
17179888310,17179874348
17179888342,17179873469
17179888437,17179888437
17179888484,17179873601
17179888491,17179870711
17179888635,17179888635
17179888719,17179870853
17179888968,17179869386
17179889139,17179881167
17179889165,17179870693
17179889278,17179869365
17179889333,17179873780
17179889371,17179889371
17179889638,17179876133
17179890041,17179869412
17179890078,17179869614
17179890133,17179878693
17179890282,17179869743
17179890301,17179869934
17179890438,17179871715
17179890779,17179876312
17179890803,17179878422
17179890901,17179872292
17179890998,17179870405
17179891208,17179869736
17179891442,17179871571
17179891629,17179874047
17179891825,17179869305
17179891834,17179869649
17179892493,17179872574
17179892513,17179869197
17179893393,17179870188
17179893523,17179869851
17179893537,17179870057
17179893581,17179872314
17179893693,17179876711
17179893789,17179893789
17179893845,17179871150
17179893951,17179872413
17179894567,17179870073
17179894573,17179872200
17179894614,17179879550
17179894912,17179869580
17179894959,17179876632
17179895289,17179870818
17179895474,17179875108
17179895863,17179869630
17179895885,17179873205
17179896064,17179874674
17179896171,17179872927
17179896872,17179871948
17179897504,17179883322
17179897654,17179870497
17179897691,17179874266
17179897752,17179873381
17179898013,17179871372
17179898295,17179872627
17179898455,17179873168
17179898891,17179870119
17179898942,17179869732
17179898958,17179870530
17179899021,17179870763
17179899596,17179870054
17179900015,17179869524
17179900059,17179873450
17179900149,17179877636
17179900386,17179877928
17179901249,17179883818
17179901580,17179885265
17179901642,17179876706
17179901938,17179881264
17179901955,17179901955
17179902578,17179879744
17179869216,17179869216
17179869258,17179869258
17179869437,17179869437
17179869557,17179869557
17179869589,17179869589
17179869808,17179869808
17179870339,17179869931
17179870391,17179870391
17179870442,17179870442
17179870777,17179870777
17179871006,17179871006
17179871047,17179869553
17179871072,17179871072
17179871348,17179869297
17179871792,17179871792
17179871882,17179870170
17179872038,17179872038
17179872171,17179871256
17179872268,17179872268
17179872317,17179872317
17179872401,17179872401
17179872694,17179870056
17179872719,17179871404
17179872801,17179872801
17179873157,17179870550
17179873849,17179871639
17179874006,17179874006
17179874028,17179874028
17179874191,17179874191
17179874240,17179871647
17179874268,17179874268
17179874317,17179872164
17179874490,17179871792
17179874749,17179872391
17179874882,17179874882
17179875031,17179875031
17179875090,17179875090
17179875231,17179875231
17179875285,17179869829
17179875455,17179869438
17179875538,17179869511
17179875892,17179875892
17179875968,17179875968
17179876000,17179873490
17179876517,17179876291
17179876559,17179871526
17179876748,17179870087
17179876794,17179869215
17179876819,17179869231
17179876836,17179869683
17179877234,17179871127
17179877412,17179875126
17179877685,17179869766
17179877993,17179870586
17179878406,17179878406
17179878769,17179871489
17179878888,17179875642
17179879380,17179879380
17179879931,17179879650
17179880073,17179871103
17179880169,17179872103
17179880218,17179871164
17179880267,17179871831
17179880490,17179869370
17179880549,17179880549
17179880594,17179875111
17179880876,17179880876
17179880946,17179872668
17179881698,17179869230
17179882166,17179882166
17179882187,17179870096
17179882205,17179882205
17179882324,17179870424
17179882335,17179872121
17179882387,17179882387
17179882762,17179882762
17179882802,17179869280
17179883028,17179877343
17179883186,17179878342
17179883221,17179883221
17179883427,17179874762
17179883450,17179873996
17179883558,17179877696
17179883828,17179870293
17179884011,17179875783
17179884084,17179873129
17179884454,17179869266
17179884823,17179871112
17179885156,17179869529
17179885194,17179873257
17179885982,17179869425
17179886123,17179870396
17179886152,17179876307
17179886192,17179871195
17179886337,17179872999
17179886406,17179876124
17179887426,17179873996
17179887651,17179870309
17179887726,17179870170
17179887808,17179876915
17179887900,17179872830
17179888094,17179885115
17179888294,17179872564
17179888463,17179879554
17179888499,17179869584
17179888765,17179870818
17179888835,17179869381
17179888898,17179888898
17179889314,17179871633
17179889678,17179869923
17179889930,17179889930
17179889946,17179871256
17179889948,17179871329
17179890047,17179869832
17179890237,17179870574
17179890392,17179890392
17179890946,17179875172
17179891325,17179873408
17179891376,17179870176
17179891429,17179870890
17179891530,17179871332
17179891593,17179872534
17179891606,17179877985
17179891747,17179869434
17179891833,17179874020
17179891885,17179869915
17179892080,17179870015
17179892184,17179870752
17179892611,17179870092
17179892680,17179878122
17179892848,17179869411
17179893125,17179877631
17179893244,17179871541
17179893346,17179870670
17179893457,17179874100
17179893497,17179870142
17179894972,17179873481
17179895261,17179870229
17179895556,17179870357
17179895902,17179869384
17179896519,17179876745
17179896956,17179870450
17179897123,17179873358
17179897348,17179872603
17179897881,17179882552
17179898283,17179872400
17179898438,17179896887
17179898645,17179873452
17179898665,17179898665
17179898848,17179873879
17179898977,17179872832
17179899063,17179870757
17179899664,17179870428
17179899817,17179872977
17179900024,17179870995
17179900148,17179871675
17179900301,17179900301
17179900373,17179869592
17179900479,17179873741
17179900516,17179882795
17179900855,17179881035
17179900964,17179879770
17179901179,17179874422
17179901187,17179901187
17179901201,17179874114
17179901512,17179874288
17179901658,17179870104
17179901729,17179881076
17179901803,17179874930
17179902467,17179870386
17179902532,17179872415
17179902620,17179878436
17179869280,17179869280
17179869507,17179869271
17179869675,17179869675
17179869725,17179869716
17179869755,17179869755
17179869778,17179869778
17179869797,17179869797
17179870780,17179870780
17179870863,17179870148
17179870929,17179869256
17179871136,17179871136
17179871357,17179869943
17179871618,17179870650
17179871959,17179869591
17179871981,17179871981
17179872202,17179872202
17179872449,17179872449
17179872680,17179872680
17179872710,17179872710
17179872798,17179872798
17179872854,17179870947
17179873029,17179873029
17179873116,17179873116
17179873176,17179873176
17179873383,17179869659
17179873441,17179873441
17179873464,17179873464
17179873931,17179873931
17179873971,17179870646
17179874320,17179873808
17179874360,17179874360
17179874696,17179871715
17179874713,17179874713
17179874843,17179874843
17179875585,17179871512
17179876013,17179876013
17179876274,17179876274
17179876384,17179874466
17179876801,17179870999
17179876965,17179872711
17179876979,17179870368
17179877103,17179874929
17179877655,17179871588
17179877659,17179869351
17179877756,17179869533
17179878232,17179872213
17179878239,17179869231
17179878546,17179869670
17179878593,17179870859
17179879006,17179871346
17179879138,17179878773
17179879139,17179878340
17179879142,17179869534
17179879311,17179872574
17179879467,17179869712
17179879863,17179871387
17179879891,17179872254
17179880080,17179880080
17179880206,17179876992
17179880257,17179871242
17179880470,17179873949
17179881175,17179870552
17179881287,17179881287
17179881300,17179869865
17179881378,17179873483
17179881401,17179881401
17179881413,17179872833
17179881419,17179876165
17179881768,17179874644
17179881810,17179881810
17179882034,17179882034
17179882243,17179878792
17179882360,17179882360
17179882441,17179882441
17179882763,17179869826
17179882848,17179875782
17179882853,17179873525
17179883441,17179870048
17179884575,17179871125
17179884868,17179876820
17179885529,17179869382
17179885698,17179873488
17179885975,17179873588
17179885981,17179885981
17179885997,17179882459
17179886034,17179872959
17179886180,17179886180
17179886418,17179872348
17179886530,17179886530
17179886858,17179870570
17179886919,17179870478
17179887439,17179869715
17179887874,17179872343
17179888216,17179869186
17179888227,17179870272
17179888523,17179877357
17179888664,17179874229
17179888728,17179880128
17179888790,17179875302
17179888917,17179873652
17179889135,17179869417
17179889136,17179880795
17179889377,17179872444
17179889528,17179874078
17179889671,17179889671
17179889685,17179877195
17179889978,17179869412
17179890071,17179874024
17179890107,17179871282
17179890721,17179869904
17179890777,17179874881
17179890833,17179869823
17179891223,17179875146
17179891612,17179870284
17179891955,17179871378
17179892164,17179869566
17179892258,17179873794
17179892264,17179885578
17179892347,17179874662
17179892362,17179892362
17179892367,17179874129
17179892443,17179869533
17179893254,17179871408
17179893527,17179872382
17179893760,17179872461
17179894169,17179870619
17179894198,17179894198
17179894453,17179871401
17179894495,17179894495
17179894656,17179869485
17179894695,17179870925
17179894799,17179883279
17179894809,17179894809
17179895381,17179883897
17179895402,17179870897
17179895624,17179871681
17179895868,17179880167
17179896169,17179871375
17179896227,17179869734
17179896260,17179869389
17179896854,17179878950
17179896857,17179869198
17179897192,17179879653
17179897538,17179876189
17179897684,17179874242
17179897965,17179873782
17179898552,17179873109
17179898748,17179879508
17179899090,17179871164
17179899363,17179871455
17179899373,17179872190
17179899400,17179881233
17179899476,17179872534
17179899499,17179872020
17179899548,17179870001
17179899561,17179871896
17179899752,17179877223
17179899949,17179880891
17179900143,17179877429
17179900202,17179895567
17179900566,17179874315
17179900730,17179869477
17179900961,17179879416
17179900990,17179870427
17179901813,17179875311
17179902194,17179874141
17179902451,17179887938
17179869428,17179869428
17179869463,17179869463
17179869859,17179869754
17179869957,17179869957
17179869981,17179869981
17179870680,17179869674
17179870965,17179869576
17179871035,17179871035
17179871071,17179871071
17179871265,17179871265
17179871636,17179871636
17179871914,17179871914
17179871964,17179869690
17179872518,17179872518
17179872695,17179870321
17179872788,17179872788
17179872922,17179872922
17179873020,17179870839
17179873424,17179869686
17179873510,17179869561
17179873782,17179873782
17179873806,17179873806
17179873932,17179873932
17179874120,17179871097
17179874341,17179873963
17179874608,17179869449
17179875173,17179873816
17179875578,17179875578
17179875809,17179875809
17179875902,17179875902
17179875911,17179872555
17179875914,17179873194
17179875937,17179870383
17179876099,17179876099
17179876234,17179876234
17179876730,17179876730
17179876994,17179876994
17179877035,17179877035
17179877168,17179877168
17179877441,17179870380
17179877730,17179870745
17179877820,17179874506
17179877975,17179869483
17179878050,17179878050
17179878060,17179869423
17179878210,17179869950
17179878274,17179876235
17179878512,17179875812
17179878930,17179872815
17179878953,17179871671
17179879166,17179875714
17179879377,17179870868
17179879852,17179879852
17179880069,17179880069
17179880132,17179880132
17179880195,17179873756
17179880272,17179880272
17179880273,17179877255
17179880359,17179876249
17179880546,17179880546
17179880578,17179870272
17179880659,17179871322
17179881060,17179871128
17179881170,17179871408
17179881683,17179869775
17179881739,17179874129
17179881784,17179870786
17179881805,17179870085
17179881807,17179880033
17179882480,17179877589
17179882709,17179882709
17179882768,17179877604
17179882932,17179873643
17179882962,17179882597
17179883091,17179869187
17179883098,17179873244
17179883250,17179875653
17179883463,17179869772
17179883467,17179875831
17179883513,17179877431
17179883702,17179875230
17179883906,17179883906
17179884097,17179884097
17179884265,17179872637
17179884313,17179871588
17179884536,17179884536
17179884634,17179873470
17179885467,17179870091
17179885692,17179870642
17179885756,17179879346
17179885971,17179869595
17179886247,17179876738
17179886293,17179874712
17179886488,17179869197
17179886626,17179882851
17179886700,17179874712
17179887205,17179873905
17179887377,17179880227
17179888151,17179877181
17179888404,17179888404
17179888889,17179873250
17179889845,17179878359
17179890025,17179870947
17179890108,17179881156
17179890143,17179882009
17179890519,17179890519
17179890556,17179870758
17179890577,17179873363
17179890771,17179875907
17179891661,17179891661
17179891710,17179875720
17179891981,17179878337
17179892192,17179879065
17179892826,17179869949
17179892946,17179892946
17179892991,17179870000
17179893082,17179871588
17179893137,17179872586
17179893139,17179877017
17179893428,17179873526
17179893761,17179872219
17179893767,17179876970
17179893867,17179872550
17179894093,17179870337
17179894348,17179871812
17179894667,17179878915
17179894714,17179869284
17179894808,17179874273
17179895055,17179870289
17179895136,17179880728
17179895263,17179872038
17179895357,17179875502
17179895436,17179878069
17179895465,17179869458
17179896354,17179883590
17179896481,17179877851
17179896623,17179869445
17179896967,17179877607
17179897114,17179872351
17179897201,17179886655
17179897248,17179876960
17179897616,17179870650
17179897743,17179875950
17179898116,17179870647
17179898121,17179872522
17179898251,17179871741
17179898445,17179881276
17179898648,17179874529
17179898987,17179883483
17179899307,17179876534
17179899537,17179876023
17179899720,17179871690
17179899810,17179875576
17179900086,17179875869
17179900265,17179870186
17179900481,17179900481
17179900723,17179871956
17179900755,17179875925
17179900817,17179872023
17179900831,17179882858
17179901008,17179874150
17179901263,17179875378
17179901486,17179871383
17179901492,17179879459
17179901724,17179869456
17179869385,17179869385
17179869488,17179869488
17179869492,17179869492
17179869945,17179869945
17179869946,17179869946
17179870403,17179870295
17179870650,17179870650
17179870984,17179869391
17179871710,17179871710
17179871856,17179871663
17179871987,17179871987
17179872159,17179872159
17179872362,17179869668
17179872631,17179872149
17179872870,17179872349
17179872990,17179869695
17179873031,17179873031
17179874619,17179870656
17179874706,17179874706
17179874905,17179873929
17179875095,17179875095
17179875593,17179873103
17179875685,17179873379
17179875706,17179872006
17179875719,17179875536
17179875798,17179870377
17179875806,17179870213
17179876457,17179871583
17179876828,17179876828
17179876829,17179870826
17179877076,17179877076
17179877349,17179869419
17179877694,17179869307
17179877919,17179877919
17179877961,17179873932
17179878054,17179878054
17179878498,17179878498
17179878968,17179872451
17179878991,17179876944
17179879701,17179873222
17179879766,17179869536
17179880349,17179880349
17179880374,17179872417
17179880434,17179869619
17179880718,17179873495
17179880801,17179873819
17179880953,17179872237
17179881014,17179871680
17179881063,17179872110
17179881098,17179876495
17179881116,17179872858
17179881226,17179869970
17179881458,17179876953
17179881509,17179874293
17179881554,17179874684
17179881596,17179871113
17179881606,17179875902
17179881777,17179874171
17179882188,17179875962
17179882548,17179882548
17179882599,17179879714
17179882930,17179882413
17179883044,17179883044
17179883090,17179876533
17179883529,17179876905
17179883625,17179883625
17179884098,17179878651
17179884114,17179873551
17179884721,17179875227
17179884758,17179869894
17179884968,17179871716
17179885060,17179885060
17179885512,17179872112
17179885552,17179870143
17179885561,17179869793
17179885704,17179874835
17179885775,17179874846
17179885874,17179885874
17179886154,17179876835
17179886191,17179873548
17179886541,17179869415
17179886972,17179875307
17179887154,17179871237
17179887162,17179877928
17179887207,17179873929
17179887295,17179878399
17179887514,17179878571
17179887631,17179871174
17179887787,17179870085
17179887796,17179878562
17179887835,17179870058
17179887951,17179869932
17179888082,17179874340
17179888260,17179873001
17179888522,17179871802
17179888599,17179888599
17179888601,17179870689
17179888825,17179870067
17179888840,17179873707
17179888850,17179883764
17179888907,17179872933
17179889653,17179872148
17179889914,17179873218
17179890576,17179876095
17179890672,17179875312
17179891221,17179891221
17179891809,17179890216
17179891875,17179891875
17179892425,17179876356
17179893329,17179877626
17179893695,17179869609
17179893733,17179871578
17179893804,17179880795
17179893875,17179873687
17179893890,17179872520
17179894162,17179876625
17179894167,17179869207
17179894949,17179876577
17179895115,17179873061
17179895121,17179872383
17179895228,17179888471
17179895628,17179870844
17179895631,17179873879
17179895731,17179884535
17179896751,17179870576
17179896910,17179870058
17179896946,17179870372
17179897041,17179870746
17179897129,17179869305
17179897143,17179871011
17179897600,17179869724
17179898155,17179872474
17179898789,17179878290
17179898843,17179870069
17179899082,17179899082
17179899479,17179869570
17179899728,17179871091
17179900450,17179900450
17179900759,17179874073
17179900919,17179884882
17179900962,17179871517
17179901060,17179869434
17179901062,17179869715
17179901100,17179888714
17179901191,17179869463
17179901287,17179871700
17179901432,17179874055
17179901458,17179872636
17179901459,17179874529
17179901675,17179870223
17179901875,17179873798
17179901889,17179876453
17179902596,17179882042
17179902621,17179871588
17179869213,17179869213
17179869376,17179869376
17179869580,17179869580
17179870061,17179870061
17179870122,17179870122
17179870150,17179869677
17179870329,17179870329
17179870384,17179870384
17179870817,17179870817
17179870830,17179870830
17179871063,17179871063
17179871427,17179871427
17179871498,17179871498
17179872328,17179869432
17179872440,17179872440
17179872460,17179872460
17179872702,17179869826
17179872850,17179869814
17179872892,17179872892
17179873182,17179870055
17179873265,17179873265
17179873275,17179873275
17179873422,17179872636
17179873703,17179873703
17179873796,17179873796
17179874502,17179873310
17179874507,17179873423
17179874514,17179874514
17179874651,17179871842
17179874902,17179872525
17179875418,17179873315
17179875624,17179871549
17179875833,17179869434
17179876095,17179876095
17179876528,17179873420
17179877666,17179877666
17179877772,17179874075
17179877915,17179871754
17179878085,17179871122
17179878156,17179874769
17179878267,17179869706
17179878301,17179870034
17179878530,17179878252
17179878909,17179871795
17179878913,17179870531
17179879216,17179879216
17179879236,17179872189
17179879513,17179879513
17179880036,17179876453
17179880100,17179871692
17179880559,17179874309
17179880889,17179872515
17179880958,17179880958
17179880968,17179870476
17179880999,17179875064
17179881038,17179874717
17179881239,17179878200
17179881296,17179869388
17179881360,17179877032
17179881676,17179881676
17179882144,17179873617
17179882685,17179869427
17179882846,17179882846
17179883105,17179869345
17179883321,17179869504
17179883483,17179883483
17179883502,17179875694
17179883948,17179881167
17179884149,17179873385
17179884315,17179870247
17179884374,17179871724
17179884472,17179871084
17179884698,17179869619
17179884981,17179870446
17179885524,17179876387
17179885643,17179877211
17179885916,17179872116
17179886075,17179875269
17179886207,17179876298
17179886320,17179872370
17179886512,17179881824
17179886573,17179874915
17179887293,17179869619
17179887689,17179870928
17179887931,17179887931
17179887945,17179878954
17179888575,17179878216
17179888603,17179877039
17179889031,17179879732
17179889035,17179873443
17179889112,17179874664
17179889604,17179889604
17179889807,17179881609
17179889826,17179879619
17179889853,17179874919
17179890014,17179876613
17179890087,17179881407
17179890331,17179871755
17179890412,17179869439
17179890902,17179877508
17179891046,17179874168
17179891379,17179891379
17179892229,17179886469
17179892233,17179872061
17179892281,17179873291
17179892452,17179874944
17179892605,17179873569
17179892641,17179873130
17179892893,17179871719
17179892962,17179877076
17179893792,17179878620
17179894372,17179887898
17179894506,17179871103
17179894934,17179870910
17179894999,17179875618
17179896000,17179875891
17179896050,17179896050
17179896599,17179869940
17179896747,17179870457
17179896790,17179878434
17179896814,17179873370
17179896908,17179870446
17179897222,17179870168
17179897366,17179870099
17179897594,17179897594
17179898320,17179870159
17179898337,17179869485
17179898459,17179871141
17179898661,17179898661
17179898694,17179874569
17179898722,17179875502
17179898738,17179898738
17179898926,17179869434
17179899541,17179871969
17179899942,17179877211
17179900379,17179874830
17179900591,17179891221
17179900929,17179873753
17179901199,17179876460
17179901444,17179880418
17179901536,17179871139
17179901547,17179872112
17179901671,17179876340
17179901909,17179870534
17179902182,17179871075
17179902551,17179874172
17179869478,17179869244
17179869534,17179869534
17179870033,17179870033
17179870219,17179870219
17179870742,17179870742
17179870944,17179870944
17179871167,17179871167
17179871390,17179871390
17179871395,17179871395
17179871420,17179871420
17179871483,17179871483
17179871570,17179871570
17179871611,17179871611
17179871682,17179869572
17179871704,17179871704
17179871757,17179871757
17179871924,17179869587
17179872018,17179872018
17179872022,17179872022
17179872170,17179869505
17179872181,17179872181
17179872632,17179872632
17179873002,17179871528
17179873435,17179871491
17179873473,17179872826
17179873540,17179873540
17179874389,17179874389
17179874423,17179870207
17179874430,17179874430
17179874549,17179874549
17179874892,17179873133
17179875062,17179875062
17179876155,17179876155
17179876526,17179876526
17179876586,17179876586
17179876686,17179873147
17179876990,17179871923
17179877167,17179876206
17179877191,17179877191
17179877307,17179877307
17179877677,17179869508
17179877712,17179872669
17179877862,17179869558
17179878056,17179873568
17179878295,17179872191
17179878303,17179878303
17179878682,17179874476
17179878931,17179877968
17179879084,17179879084
17179879460,17179870861
17179879726,17179877302
17179880770,17179873480
17179880823,17179871717
17179881179,17179873222
17179881367,17179875894
17179881638,17179871588
17179881729,17179881729
17179881803,17179876324
17179882056,17179877875
17179882103,17179881512
17179882259,17179875502
17179882621,17179870400
17179882783,17179877288
17179883019,17179878473
17179883035,17179874588
17179883491,17179883491
17179883910,17179872049
17179884240,17179884240
17179884514,17179870515
17179885325,17179878339
17179885441,17179878158
17179885840,17179878599
17179886026,17179886026
17179886081,17179882313
17179886496,17179886496
17179886501,17179879428
17179886546,17179876994
17179886556,17179877426
17179886603,17179877846
17179886810,17179869465
17179887094,17179870636
17179887453,17179878595
17179887507,17179874163
17179887570,17179878980
17179888265,17179874570
17179888390,17179878019
17179888892,17179877389
17179888931,17179869480
17179888985,17179888985
17179889099,17179870357
17179889309,17179874420
17179889402,17179889402
17179890032,17179871985
17179890101,17179887440
17179890136,17179871078
17179890209,17179869470
17179890318,17179869580
17179890417,17179874336
17179890512,17179870053
17179890784,17179890784
17179890828,17179871130
17179891011,17179872166
17179891288,17179875766
17179891827,17179891827
17179891979,17179869422
17179892354,17179869784
17179892417,17179872679
17179892563,17179869459
17179892687,17179892687
17179892741,17179879650
17179893366,17179873262
17179893500,17179869423
17179893621,17179872291
17179893925,17179873277
17179894272,17179869826
17179894483,17179871155
17179894952,17179876023
17179895076,17179872043
17179895119,17179876662
17179895173,17179869193
17179895205,17179895205
17179895423,17179870003
17179895500,17179870234
17179895587,17179873387
17179896673,17179896673
17179896793,17179871253
17179897032,17179887178
17179897070,17179873180
17179897489,17179881945
17179897582,17179877336
17179897773,17179897773
17179897807,17179870124
17179897866,17179879327
17179898052,17179876671
17179898308,17179874742
17179898802,17179874758
17179898842,17179877151
17179898863,17179895524
17179899061,17179876113
17179899078,17179870260
17179899104,17179873003
17179899432,17179899432
17179899683,17179877842
17179899787,17179875324
17179900104,17179880488
17179900256,17179876596
17179900293,17179900293
17179901093,17179869950
17179901208,17179871160
17179901258,17179871564
17179902129,17179880421
17179902175,17179869268
17179869489,17179869489
17179869836,17179869836
17179870032,17179869452
17179870468,17179870468
17179870609,17179870609
17179870694,17179870694
17179870729,17179870729
17179870996,17179869593
17179871226,17179870324
17179871250,17179870645
17179871802,17179871802
17179871940,17179871940
17179872001,17179872001
17179872637,17179872637
17179872689,17179872604
17179872860,17179872860
17179872977,17179872977
17179873600,17179870953
17179873755,17179873755
17179873891,17179873891
17179873948,17179871009
17179874023,17179872387
17179874172,17179874172
17179874513,17179874513
17179874754,17179869602
17179874870,17179870918
17179874936,17179874936
17179875057,17179873898
17179875154,17179875154
17179875220,17179871587
17179875296,17179871893
17179875341,17179875341
17179875379,17179871871
17179875410,17179874328
17179875553,17179870051
17179875921,17179870516
17179876059,17179876059
17179876167,17179875846
17179876706,17179876706
17179876771,17179876771
17179877692,17179872796
17179878113,17179869473
17179878192,17179878192
17179878244,17179874906
17179878288,17179871675
17179878397,17179871513
17179878538,17179875816
17179878869,17179876165
17179879022,17179879022
17179879209,17179870023
17179880286,17179880286
17179880379,17179875459
17179880391,17179880391
17179880778,17179875625
17179881205,17179871487
17179881263,17179881156
17179881320,17179870352
17179881563,17179879233
17179881587,17179881076
17179881653,17179871599
17179881889,17179880615
17179881903,17179881264
17179882394,17179875493
17179882426,17179869412
17179882504,17179874022
17179882676,17179870003
17179882699,17179871138
17179883056,17179883056
17179883338,17179878474
17179883378,17179875171
17179883563,17179870966
17179883701,17179870123
17179883960,17179870915
17179884120,17179870552
17179884440,17179881687
17179884455,17179874913
17179884674,17179884674
17179884893,17179871433
17179885023,17179871562
17179885287,17179885287
17179885340,17179871314
17179885401,17179885401
17179885540,17179871843
17179885842,17179871802
17179885958,17179877395
17179886045,17179869649
17179886358,17179870147
17179886388,17179873391
17179886422,17179869463
17179886490,17179870817
17179887362,17179882148
17179887412,17179869213
17179887432,17179870106
17179887650,17179870971
17179888396,17179870359
17179888512,17179879744
17179888595,17179872558
17179888643,17179882982
17179888674,17179881167
17179889132,17179875230
17179889874,17179872670
17179889977,17179879898
17179890139,17179872838
17179890190,17179873007
17179890649,17179872585
17179890800,17179870012
17179890820,17179873583
17179891096,17179878198
17179891399,17179882440
17179891447,17179869995
17179891670,17179875178
17179891741,17179883366
17179891830,17179884087
17179891835,17179883897
17179891945,17179881439
17179892137,17179870687
17179892191,17179872848
17179892275,17179871233
17179892404,17179875093
17179892437,17179872557
17179892567,17179875324
17179892897,17179870210
17179893192,17179871198
17179893247,17179874812
17179893504,17179869893
17179894194,17179875731
17179894796,17179875596
17179895342,17179870448
17179895397,17179871928
17179895806,17179884278
17179895836,17179873487
17179896028,17179873140
17179896233,17179883492
17179896587,17179874932
17179896628,17179887798
17179896686,17179869636
17179896917,17179871948
17179896918,17179874063
17179896952,17179880017
17179897142,17179878434
17179897343,17179878473
17179897383,17179883559
17179897661,17179870581
17179897900,17179870010
17179897906,17179885105
17179897949,17179869616
17179898409,17179872459
17179898537,17179879597
17179898860,17179874172
17179898865,17179880541
17179899142,17179877745
17179899278,17179871300
17179899950,17179887793
17179900035,17179900035
17179900080,17179873558
17179900102,17179883353
17179900820,17179872788
17179901303,17179870506
17179901321,17179886158
17179901365,17179873784
17179901768,17179877635
17179902014,17179873688
17179902332,17179872580
17179902389,17179877078
17179869999,17179869999
17179870217,17179870217
17179870249,17179870249
17179870498,17179870498
17179870618,17179869257
17179870851,17179870851
17179871750,17179871750
17179871782,17179871480
17179871993,17179871993
17179872004,17179872004
17179872138,17179872138
17179872511,17179872511
17179872675,17179872468
17179872884,17179871787
17179873026,17179871071
17179873052,17179873052
17179873064,17179873064
17179873407,17179871400
17179873474,17179873474
17179873983,17179870094
17179874194,17179873186
17179874593,17179872756
17179874884,17179874884
17179874965,17179874965
17179875153,17179869336
17179875202,17179869840
17179875205,17179872788
17179875256,17179873322
17179875723,17179873053
17179875849,17179875849
17179875852,17179875852
17179876240,17179869865
17179876262,17179870921
17179876282,17179871621
17179876385,17179870569
17179876443,17179876443
17179876651,17179876651
17179876689,17179874665
17179876857,17179876857
17179877113,17179871939
17179877317,17179877317
17179877885,17179877851
17179877948,17179872601
17179878636,17179872125
17179878867,17179878867
17179878914,17179874434
17179879141,17179871108
17179879205,17179872061
17179879376,17179869484
17179879586,17179871502
17179879645,17179874812
17179879720,17179878341
17179879746,17179879124
17179880197,17179870035
17179880287,17179875091
17179880363,17179869402
17179880456,17179879815
17179880609,17179873328
17179881409,17179875632
17179881917,17179869235
17179882091,17179875359
17179882098,17179871408
17179882136,17179881643
17179882161,17179873549
17179882524,17179880885
17179882744,17179878103
17179882869,17179870497
17179882886,17179871814
17179882893,17179869584
17179883143,17179877507
17179883145,17179876671
17179883794,17179878772
17179884211,17179874241
17179884228,17179877509
17179884332,17179869491
17179884451,17179880647
17179884744,17179873266
17179885115,17179885115
17179885262,17179870212
17179885522,17179878116
17179885597,17179877652
17179885601,17179885601
17179885633,17179871758
17179886062,17179869787
17179886100,17179874700
17179886306,17179886306
17179886668,17179870396
17179887045,17179873621
17179887992,17179872436
17179888722,17179872959
17179889101,17179870069
17179889588,17179870319
17179889603,17179873216
17179889872,17179887898
17179889877,17179879416
17179889898,17179874198
17179890369,17179890369
17179890410,17179882301
17179890606,17179879120
17179891025,17179869278
17179891461,17179875378
17179891997,17179869667
17179892239,17179872405
17179892503,17179870414
17179893085,17179869544
17179893361,17179869729
17179893650,17179878087
17179893664,17179871043
17179893682,17179893682
17179893734,17179870463
17179894090,17179887245
17179894320,17179873814
17179894366,17179872784
17179894392,17179894392
17179894397,17179873999
17179894608,17179871876
17179895269,17179881750
17179895795,17179874229
17179896245,17179880546
17179896248,17179869197
17179896268,17179870931
17179896457,17179874943
17179896521,17179869370
17179896594,17179873218
17179896807,17179869813
17179896954,17179870937
17179897435,17179875324
17179897629,17179872745
17179897979,17179870545
17179898030,17179869858
17179898128,17179871123
17179898400,17179898400
17179898523,17179869247
17179898577,17179876228
17179898629,17179877403
17179898867,17179898867
17179899116,17179873532
17179899148,17179870258
17179899680,17179870176
17179899738,17179871300
17179899766,17179869841
17179899887,17179874762
17179899904,17179899904
17179900041,17179872223
17179900161,17179893323
17179900719,17179881003
17179900930,17179877241
17179901002,17179871408
17179901667,17179872813
17179902219,17179902219
17179902237,17179876341
17179902520,17179869796
17179902598,17179872029
17179869382,17179869382
17179869651,17179869651
17179869682,17179869682
17179869758,17179869758
17179869892,17179869892
17179869968,17179869968
17179869995,17179869995
17179870017,17179870017
17179870177,17179870177
17179870195,17179870195
17179870398,17179870283
17179870422,17179869998
17179870569,17179870569
17179870623,17179870283
17179870628,17179869743
17179870765,17179870765
17179870809,17179870809
17179870922,17179870922
17179871240,17179871240
17179871352,17179870917
17179871356,17179871356
17179871524,17179871524
17179871543,17179871543
17179871643,17179869190
17179872040,17179872040
17179872104,17179872104
17179872150,17179872150
17179872446,17179872446
17179872547,17179872547
17179872576,17179872576
17179872777,17179872777
17179872928,17179872928
17179872982,17179871927
17179873583,17179873583
17179873790,17179873790
17179873798,17179873798
17179873822,17179869626
17179874182,17179873016
17179874236,17179871705
17179874388,17179872352
17179874482,17179874482
17179874527,17179869567
17179874855,17179869532
17179874889,17179874802
17179874997,17179874997
17179875070,17179871037
17179875084,17179875084
17179875209,17179869447
17179875356,17179869482
17179875647,17179875647
17179875832,17179875832
17179876076,17179873263
17179876180,17179871112
17179876340,17179876340
17179876490,17179876490
17179876549,17179876549
17179876585,17179874958
17179876685,17179876685
17179876849,17179872210
17179877363,17179872601
17179877679,17179877679
17179878097,17179872338
17179878338,17179869697
17179878543,17179869798
17179878603,17179878603
17179879341,17179873423
17179879583,17179872593
17179880396,17179869234
17179880828,17179870089
17179880860,17179873401
17179880956,17179872246
17179880961,17179880961
17179880995,17179870387
17179881115,17179878731
17179881299,17179871588
17179881550,17179871112
17179881610,17179872240
17179881976,17179874528
17179882028,17179874284
17179882366,17179873263
17179882795,17179882795
17179883212,17179874394
17179883263,17179872932
17179883545,17179883545
17179883635,17179883635
17179883642,17179873995
17179883682,17179883682
17179884020,17179871674
17179884344,17179870266
17179884710,17179871020
17179884759,17179884759
17179884763,17179875714
17179884786,17179871993
17179885242,17179885242
17179885488,17179884081
17179885516,17179873147
17179885928,17179885928
17179886268,17179869888
17179886324,17179871269
17179886382,17179886382
17179886568,17179870822
17179886577,17179879554
17179886618,17179871572
17179886645,17179871086
17179886780,17179877919
17179887451,17179880986
17179888402,17179870289
17179888693,17179877062
17179888962,17179888962
17179888982,17179888982
17179889189,17179876025
17179889602,17179884431
17179890242,17179881032
17179890270,17179882440
17179890442,17179890442
17179890584,17179879240
17179890645,17179871000
17179890758,17179876133
17179890770,17179872988
17179891112,17179875372
17179891115,17179871762
17179891182,17179876084
17179891627,17179870717
17179891698,17179873750
17179891739,17179882338
17179892832,17179884081
17179893114,17179873429
17179893421,17179880272
17179893623,17179870948
17179893636,17179873854
17179893810,17179873015
17179893886,17179872775
17179894644,17179870380
17179894884,17179872831
17179894933,17179870001
17179895005,17179895005
17179895038,17179876052
17179895049,17179872471
17179895089,17179869344
17179895153,17179869715
17179895449,17179872303
17179895550,17179877233
17179895561,17179870670
17179895565,17179874053
17179896271,17179896271
17179896756,17179871373
17179896929,17179876887
17179897081,17179869884
17179898151,17179870509
17179898373,17179875642
17179898381,17179877913
17179899092,17179869434
17179899223,17179876966
17179899276,17179873806
17179899285,17179878606
17179899517,17179887175
17179899696,17179874280
17179899837,17179881207
17179899964,17179869586
17179900105,17179871578
17179900365,17179870137
17179900552,17179879658
17179900758,17179872214
17179900931,17179869995
17179901022,17179871547
17179901445,17179872014
17179901583,17179870168
17179901685,17179869852
17179901735,17179874673
17179902333,17179882230
17179869189,17179869189
17179869395,17179869395
17179869429,17179869429
17179869743,17179869743
17179869862,17179869862
17179869973,17179869973
17179870114,17179870114
17179870433,17179870433
17179870752,17179870752
17179870758,17179870758
17179870849,17179870849
17179870871,17179870436
17179871064,17179871064
17179871343,17179870301
17179871448,17179871448
17179871631,17179871631
17179871753,17179871753
17179871908,17179871908
17179872276,17179872276
17179872286,17179872286
17179872534,17179872534
17179872849,17179872849
17179873625,17179871966
17179874156,17179873470
17179874691,17179870967
17179874799,17179874799
17179874839,17179870697
17179874958,17179874958
17179875197,17179870198
17179875287,17179870027
17179875390,17179875390
17179875426,17179874657
17179875672,17179875672
17179875785,17179875785
17179876012,17179876012
17179876497,17179876497
17179876514,17179876514
17179876567,17179872401
17179877055,17179871141
17179877288,17179877288
17179877423,17179876835
17179877715,17179873308
17179878115,17179878115
17179878649,17179878649
17179878964,17179869625
17179879047,17179873008
17179879054,17179874396
17179879750,17179873221
17179879897,17179879897
17179879926,17179879125
17179880188,17179871576
17179880328,17179872601
17179880400,17179880400
17179880471,17179876988
17179880485,17179880485
17179880637,17179870503
17179880698,17179870670
17179880716,17179873221
17179880819,17179871383
17179880940,17179879653
17179881078,17179873027
17179881432,17179869888
17179882002,17179870993
17179882147,17179875428
17179882446,17179877990
17179882488,17179882488
17179882671,17179873703
17179882683,17179882683
17179883524,17179871485
17179883574,17179872771
17179883665,17179883665
17179883780,17179879970
17179883919,17179878386
17179884040,17179872922
17179884231,17179869938
17179884381,17179876711
17179884544,17179874846
17179884615,17179870845
17179884691,17179874353
17179884749,17179873413
17179884858,17179884858
17179885134,17179872304
17179885379,17179877980
17179885504,17179880695
17179885897,17179873735
17179885955,17179880741
17179886891,17179870000
17179886938,17179870527
17179887054,17179872991
17179887077,17179887077
17179887302,17179886650
17179887748,17179874835
17179887867,17179877812
17179887981,17179870257
17179887987,17179871750
17179888048,17179879304
17179888057,17179874047
17179888435,17179870374
17179888888,17179888888
17179888944,17179888944
17179889211,17179889211
17179890102,17179869533
17179890847,17179882041
17179890931,17179876548
17179891201,17179889668
17179891500,17179880894
17179891707,17179869567
17179891820,17179891820
17179892242,17179871093
17179892541,17179892541
17179892626,17179870951
17179892773,17179869386
17179892958,17179891359
17179893133,17179873310
17179893201,17179885963
17179893214,17179873643
17179893454,17179877660
17179893914,17179869616
17179894056,17179894056
17179894316,17179871253
17179894410,17179870596
17179894555,17179871373
17179894725,17179871020
17179895307,17179870087
17179895363,17179871284
17179895952,17179872622
17179896185,17179869377
17179896333,17179877049
17179896647,17179873588
17179896758,17179885631
17179896767,17179876825
17179896880,17179896880
17179896979,17179871779
17179896981,17179880375
17179897117,17179872285
17179897244,17179894178
17179897385,17179877648
17179897852,17179886698
17179898198,17179874778
17179898285,17179869419
17179898313,17179870643
17179898637,17179870771
17179898796,17179870847
17179898799,17179869649
17179898805,17179869424
17179898929,17179869392
17179898957,17179872919
17179899181,17179873375
17179899525,17179869969
17179899718,17179871558
17179899831,17179877639
17179899855,17179870416
17179900180,17179872765
17179900241,17179876816
17179900245,17179875338
17179900487,17179873961
17179900594,17179871904
17179900654,17179871705
17179900870,17179873476
17179900927,17179887175
17179900993,17179874115
17179901278,17179869715
17179901622,17179870257
17179901701,17179872574
17179901936,17179870000
17179869320,17179869320
17179869501,17179869501
17179869568,17179869568
17179869618,17179869618
17179869631,17179869631
17179870134,17179870134
17179870238,17179870238
17179870613,17179870613
17179870640,17179870640
17179870703,17179870703
17179870756,17179870550
17179870818,17179870818
17179870879,17179869623
17179871024,17179871024
17179871245,17179871245
17179871644,17179871644
17179871647,17179871647
17179871662,17179869533
17179872348,17179872348
17179872402,17179872402
17179872617,17179871125
17179872707,17179872707
17179872915,17179872915
17179872947,17179872947
17179873120,17179869625
17179873321,17179870000
17179873439,17179873439
17179873807,17179873807
17179874031,17179874031
17179874255,17179874255
17179874672,17179869719
17179874757,17179870415
17179874763,17179872269
17179875302,17179875302
17179875457,17179869554
17179875584,17179872937
17179876139,17179871762
17179876268,17179875982
17179876269,17179871805
17179876563,17179869554
17179876737,17179869606
17179876941,17179871207
17179877069,17179871113
17179877116,17179870789
17179877227,17179877227
17179877466,17179870283
17179877522,17179871096
17179877828,17179875578
17179877899,17179877899
17179877990,17179877990
17179878049,17179874545
17179878058,17179878058
17179878149,17179870574
17179878202,17179877601
17179878282,17179878282
17179878484,17179873450
17179878629,17179871149
17179878779,17179869649
17179878861,17179878861
17179878983,17179869251
17179879013,17179879013
17179879318,17179877244
17179879807,17179872542
17179880097,17179872191
17179881546,17179876669
17179881989,17179879196
17179882124,17179869231
17179882771,17179870338
17179882957,17179876645
17179883029,17179883029
17179883081,17179870743
17179883231,17179870080
17179883251,17179873826
17179883376,17179883376
17179883830,17179874526
17179884023,17179875386
17179884266,17179872499
17179884367,17179884367
17179884471,17179869616
17179884991,17179870353
17179885101,17179885101
17179885131,17179874040
17179885188,17179878791
17179885508,17179871495
17179885521,17179877183
17179885679,17179878031
17179885833,17179870218
17179886256,17179879883
17179886385,17179869247
17179886459,17179881937
17179886481,17179878109
17179886900,17179879909
17179887028,17179882532
17179887529,17179870789
17179887731,17179887731
17179887928,17179870954
17179888012,17179878772
17179888293,17179876153
17179888706,17179879962
17179888818,17179870319
17179888874,17179872454
17179889057,17179882515
17179889137,17179871558
17179889195,17179874679
17179889234,17179877302
17179889522,17179876654
17179890310,17179890310
17179890553,17179878651
17179890688,17179871665
17179890967,17179874465
17179891161,17179872574
17179891219,17179874051
17179891469,17179891469
17179891589,17179873015
17179891701,17179870947
17179891927,17179871206
17179891928,17179884566
17179891930,17179879406
17179892073,17179869489
17179892099,17179870553
17179892614,17179879079
17179892889,17179877719
17179893132,17179880546
17179893180,17179869366
17179893438,17179872070
17179893813,17179874982
17179893931,17179870619
17179894159,17179871096
17179894373,17179870855
17179894463,17179886370
17179894932,17179894932
17179895320,17179869414
17179895496,17179882041
17179895524,17179895524
17179895689,17179874026
17179895712,17179872950
17179895739,17179871232
17179895865,17179871549
17179896052,17179876056
17179896068,17179878318
17179896151,17179878499
17179896294,17179880142
17179896505,17179870191
17179896611,17179875869
17179896644,17179882232
17179896651,17179869811
17179896730,17179888143
17179896741,17179869470
17179896863,17179871076
17179896888,17179873307
17179897628,17179872885
17179897962,17179871741
17179898583,17179877139
17179898861,17179898861
17179899303,17179879808
17179899342,17179899342
17179899344,17179875325
17179900372,17179873103
17179900385,17179874701
17179900609,17179879113
17179900648,17179871495
17179900657,17179870884
17179900851,17179872282
17179900967,17179900967
17179900986,17179883217
17179901582,17179901582
17179901753,17179872885
17179901824,17179876921
17179901971,17179870300
17179902021,17179869867
17179902334,17179873929
17179902475,17179875178
17179902524,17179875967
17179902529,17179878051
17179902606,17179872252
17179869571,17179869571
17179869632,17179869632
17179869709,17179869709
17179869835,17179869835
17179869889,17179869556
17179869993,17179869993
17179870454,17179870426
17179870528,17179870528
17179870840,17179870840
17179871581,17179869512
17179871620,17179871620
17179871676,17179870964
17179871807,17179871807
17179872364,17179872364
17179872380,17179870727
17179872562,17179869384
17179872619,17179869519
17179872701,17179872701
17179872837,17179870649
17179873096,17179869546
17179873218,17179873218
17179873248,17179869772
17179873426,17179869875
17179873586,17179870971
17179873844,17179873726
17179873879,17179873879
17179873956,17179873956
17179874332,17179871506
17179874576,17179870626
17179874685,17179874685
17179875103,17179875103
17179875199,17179875199
17179875962,17179875962
17179876061,17179876061
17179876209,17179873125
17179876426,17179876426
17179876465,17179870955
17179876953,17179876953
17179876999,17179873180
17179877011,17179876513
17179877958,17179873176
17179878010,17179871125
17179878441,17179872403
17179878553,17179869929
17179878581,17179878581
17179878698,17179869920
17179878741,17179877062
17179878774,17179878774
17179879136,17179870916
17179879188,17179873176
17179879192,17179879192
17179879437,17179869566
17179879542,17179871284
17179879736,17179879736
17179879776,17179879776
17179879879,17179870300
17179879994,17179869993
17179880167,17179880167
17179880190,17179873996
17179880311,17179870286
17179880524,17179869250
17179880818,17179869546
17179880820,17179872851
17179880842,17179873250
17179881318,17179871836
17179881530,17179879717
17179881906,17179876178
17179882007,17179870295
17179882075,17179880930
17179882392,17179878284
17179882588,17179869480
17179882601,17179872783
17179882820,17179882820
17179882881,17179877954
17179882980,17179874035
17179883704,17179869858
17179883852,17179870514
17179883941,17179877848
17179883974,17179883974
17179884043,17179877996
17179884560,17179869613
17179884904,17179872038
17179885844,17179882212
17179886008,17179870523
17179886403,17179869967
17179886655,17179886655
17179886667,17179874117
17179886872,17179870144
17179886877,17179870916
17179887106,17179880418
17179887297,17179873147
17179887335,17179873585
17179887379,17179874090
17179887421,17179869787
17179887617,17179882250
17179887632,17179871440
17179887917,17179877566
17179888019,17179869231
17179888179,17179885963
17179888295,17179874545
17179888304,17179873557
17179888409,17179872136
17179888727,17179880117
17179888951,17179869378
17179889269,17179870461
17179890030,17179877279
17179890089,17179870114
17179890454,17179886307
17179890814,17179874523
17179890838,17179869938
17179891124,17179875228
17179891414,17179869520
17179891564,17179881609
17179891599,17179878753
17179891829,17179870938
17179891976,17179873155
17179891986,17179875507
17179892207,17179892207
17179892429,17179876169
17179892693,17179885533
17179892795,17179870423
17179893062,17179869402
17179893146,17179875367
17179893218,17179881946
17179893338,17179873054
17179893459,17179872453
17179893694,17179877823
17179893721,17179893721
17179893829,17179875269
17179894004,17179871608
17179894208,17179869715
17179894408,17179888888
17179894466,17179874205
17179894619,17179877290
17179894717,17179870257
17179895083,17179877554
17179895308,17179877856
17179895448,17179869498
17179895838,17179869931
17179895896,17179870682
17179896057,17179871769
17179896329,17179877247
17179897150,17179871704
17179897168,17179870100
17179897299,17179896357
17179897323,17179887033
17179897382,17179870193
17179897526,17179870524
17179897763,17179877629
17179897775,17179870904
17179898172,17179871195
17179898267,17179872530
17179898713,17179898713
17179899014,17179890216
17179899151,17179869715
17179899266,17179873901
17179899813,17179869623
17179899948,17179899948
17179900119,17179900119
17179900127,17179872396
17179900480,17179875720
17179900554,17179869458
17179900815,17179870023
17179901131,17179869690
17179901526,17179901526
17179901705,17179871621
17179901969,17179870007
17179902010,17179869232
17179902212,17179870516
17179902571,17179872268
17179869344,17179869344
17179869420,17179869420
17179869630,17179869630
17179869766,17179869766
17179869815,17179869815
17179869853,17179869853
17179869855,17179869855
17179870474,17179870474
17179870533,17179870533
17179871332,17179871332
17179871354,17179871354
17179871870,17179869854
17179872092,17179869411
17179872539,17179870956
17179872725,17179872725
17179872733,17179872733
17179872919,17179872919
17179872969,17179872668
17179873183,17179873183
17179873328,17179873328
17179873706,17179873706
17179873857,17179873857
17179874132,17179874132
17179874293,17179874293
17179874342,17179874342
17179874357,17179871904
17179874476,17179874476
17179874518,17179870591
17179874621,17179874621
17179874650,17179874650
17179874922,17179874922
17179874940,17179874940
17179874976,17179874976
17179875098,17179874078
17179875138,17179875138
17179875184,17179875184
17179875186,17179871553
17179875213,17179872181
17179875312,17179875312
17179875541,17179869423
17179875646,17179870746
17179875859,17179870261
17179876083,17179870517
17179876173,17179871587
17179876498,17179876498
17179876515,17179876515
17179876523,17179871356
17179876943,17179876943
17179877098,17179873603
17179877136,17179872924
17179877304,17179870093
17179877380,17179872680
17179877409,17179871978
17179877563,17179874073
17179877717,17179870922
17179877845,17179876806
17179877894,17179877894
17179877898,17179870859
17179878036,17179876434
17179878135,17179872337
17179878308,17179878308
17179878310,17179878310
17179878392,17179878392
17179878803,17179870665
17179878882,17179877711
17179879240,17179879240
17179879687,17179871041
17179879744,17179879744
17179879832,17179879832
17179880014,17179872397
17179880137,17179869920
17179880532,17179874965
17179880577,17179871099
17179880607,17179875539
17179880776,17179871000
17179881243,17179875216
17179881303,17179877096
17179881381,17179871648
17179881386,17179879453
17179881594,17179873782
17179881682,17179869186
17179882053,17179872285
17179882402,17179872150
17179882404,17179870257
17179882633,17179874021
17179882695,17179878132
17179883282,17179869503
17179883301,17179871125
17179883412,17179871195
17179883556,17179873256
17179883743,17179872153
17179884279,17179884279
17179884406,17179874140
17179884882,17179884882
17179885116,17179871881
17179885275,17179875500
17179885456,17179869715
17179886044,17179876094
17179886181,17179871184
17179886255,17179882683
17179886426,17179869418
17179886619,17179873901
17179886822,17179886822
17179886923,17179883044
17179887133,17179870970
17179887253,17179875265
17179887312,17179874489
17179887390,17179879133
17179887456,17179871926
17179887513,17179879909
17179887749,17179870992
17179888315,17179880714
17179888378,17179873421
17179888566,17179877277
17179888844,17179888844
17179888859,17179869416
17179889345,17179870001
17179889552,17179885458
17179889585,17179877919
17179889647,17179889647
17179889703,17179870377
17179890441,17179876336
17179890445,17179890445
17179890490,17179869649
17179890774,17179871339
17179891308,17179870140
17179891317,17179872604
17179891610,17179869817
17179891672,17179891672
17179891823,17179875453
17179891946,17179881810
17179892118,17179870289
17179892293,17179870001
17179892450,17179885963
17179892607,17179877673
17179892728,17179886370
17179892998,17179872397
17179893234,17179893234
17179893413,17179870140
17179893739,17179870670
17179893879,17179874896
17179893937,17179874271
17179893955,17179876257
17179893999,17179874293
17179894374,17179892874
17179894754,17179869596
17179894898,17179871802
17179895157,17179888714
17179895169,17179871164
17179895278,17179877336
17179895352,17179876123
17179895673,17179869625
17179895713,17179895713
17179896147,17179870257
17179896150,17179896150
17179896159,17179870794
17179896864,17179880275
17179896886,17179871167
17179897024,17179872471
17179897483,17179874100
17179897984,17179884087
17179897987,17179869715
17179898034,17179898034
17179898227,17179898227
17179898470,17179881750
17179898539,17179874813
17179898604,17179869485
17179898766,17179898766
17179898824,17179870736
17179899030,17179879419
17179899219,17179873031
17179899351,17179876124
17179899974,17179880355
17179900179,17179872348
17179900327,17179872815
17179900498,17179869622
17179900570,17179870982
17179900774,17179870601
17179900871,17179880082
17179901075,17179872298
17179901119,17179874751
17179901389,17179901389
17179901419,17179869413
17179901562,17179869386
17179901616,17179883348
17179901700,17179871534
17179902298,17179880103
17179902319,17179902319
17179902409,17179876387
17179869197,17179869197
17179869644,17179869644
17179870075,17179870075
17179870223,17179870223
17179870417,17179869938
17179870473,17179870473
17179870873,17179870873
17179871126,17179871126
17179871228,17179871228
17179871450,17179871450
17179871454,17179871068
17179871534,17179871534
17179871703,17179871703
17179872044,17179871449
17179872142,17179872142
17179872905,17179872905
17179873333,17179869823
17179873349,17179873349
17179873411,17179870473
17179874003,17179870802
17179874127,17179873869
17179874525,17179871877
17179874705,17179874154
17179875146,17179875146
17179875276,17179870845
17179875333,17179870759
17179875673,17179875673
17179875735,17179875735
17179875778,17179870282
17179875858,17179872146
17179876111,17179876111
17179876236,17179869715
17179876797,17179876797
17179877021,17179873676
17179877181,17179877181
17179877511,17179877511
17179877613,17179873837
17179877984,17179874946
17179878103,17179878103
17179878151,17179870796
17179878200,17179878200
17179878280,17179870334
17179878327,17179873991
17179878355,17179871534
17179878356,17179870717
17179878403,17179874489
17179878528,17179873015
17179878856,17179878856
17179878923,17179877872
17179879233,17179879233
17179879280,17179872712
17179879389,17179871750
17179879573,17179879573
17179879704,17179870175
17179879757,17179870137
17179879920,17179879920
17179880024,17179875507
17179880207,17179878552
17179880874,17179873180
17179880967,17179880967
17179880972,17179870065
17179881512,17179881512
17179881661,17179876312
17179881924,17179869262
17179882486,17179869272
17179882817,17179871512
17179882914,17179871896
17179883102,17179873897
17179883330,17179873249
17179883509,17179869604
17179883572,17179874742
17179883787,17179871495
17179883863,17179869520
17179883909,17179869643
17179883980,17179869991
17179884000,17179869570
17179884034,17179873810
17179884167,17179869231
17179884269,17179877908
17179884309,17179873310
17179884341,17179872095
17179884428,17179877760
17179884848,17179871658
17179884870,17179872604
17179884875,17179884875
17179884933,17179869577
17179884947,17179871205
17179885537,17179885537
17179885566,17179878101
17179885783,17179869771
17179885924,17179875535
17179886107,17179877603
17179886252,17179870413
17179886290,17179886290
17179886381,17179878651
17179886640,17179873022
17179886819,17179869931
17179886856,17179886856
17179886983,17179874880
17179887001,17179870063
17179887060,17179872395
17179887135,17179870706
17179887396,17179871236
17179887752,17179873643
17179887967,17179881046
17179888112,17179869336
17179888197,17179870054
17179888215,17179874245
17179888410,17179876431
17179888645,17179873378
17179888863,17179871435
17179889184,17179881971
17179889217,17179871137
17179889618,17179871982
17179889667,17179871189
17179889751,17179870269
17179889831,17179876005
17179889870,17179873210
17179889886,17179870590
17179889944,17179870330
17179890075,17179869519
17179890236,17179888982
17179890344,17179874286
17179890636,17179869194
17179890864,17179869715
17179891020,17179869625
17179891213,17179881071
17179891226,17179870821
17179891340,17179879459
17179891345,17179876261
17179891674,17179870946
17179891826,17179891826
17179891899,17179880275
17179891913,17179870432
17179892200,17179873035
17179892587,17179872227
17179892662,17179879570
17179892847,17179869353
17179893017,17179874646
17179893430,17179893430
17179893601,17179870431
17179893633,17179870092
17179893712,17179884906
17179893839,17179881687
17179893853,17179874516
17179894080,17179894080
17179894084,17179869290
17179894184,17179870048
17179894291,17179875275
17179894552,17179894552
17179894578,17179873147
17179894708,17179875869
17179894917,17179871385
17179894988,17179870983
17179895045,17179871167
17179895435,17179877919
17179895728,17179870983
17179895911,17179870309
17179896273,17179877936
17179896285,17179870114
17179896378,17179896378
17179896444,17179870383
17179896920,17179888776
17179897127,17179874551
17179897138,17179879815
17179897203,17179870816
17179897624,17179897624
17179897772,17179879869
17179897870,17179884781
17179898111,17179876884
17179898127,17179871227
17179898194,17179876291
17179898378,17179869268
17179898553,17179869563
17179898618,17179871944
17179899059,17179870859
17179900164,17179874737
17179900721,17179879122
17179900818,17179878341
17179901225,17179870259
17179901433,17179870143
17179901594,17179871452
17179901689,17179872745
17179901711,17179876624
17179901743,17179876615
17179901860,17179872018
17179902181,17179871534
17179902313,17179884263
17179902377,17179872761
17179902404,17179884436
17179869222,17179869222
17179869767,17179869767
17179869880,17179869880
17179870019,17179869321
17179870109,17179869529
17179870196,17179870196
17179870260,17179870260
17179870420,17179870420
17179870549,17179870549
17179870734,17179870734
17179870912,17179870912
17179870971,17179870971
17179870993,17179870993
17179871113,17179871113
17179871770,17179871770
17179871864,17179870484
17179871916,17179869819
17179871952,17179870859
17179872046,17179872046
17179872230,17179870829
17179872458,17179872458
17179872633,17179872633
17179872875,17179871351
17179873073,17179871863
17179873254,17179873254
17179873358,17179873358
17179873456,17179869639
17179873498,17179873498
17179873541,17179870000
17179873607,17179869649
17179874354,17179874354
17179874932,17179874932
17179874949,17179870257
17179875133,17179875133
17179875305,17179875305
17179875547,17179872018
17179875780,17179869455
17179876116,17179876116
17179876226,17179872370
17179876383,17179869891
17179876419,17179872761
17179876463,17179876463
17179876654,17179876654
17179876670,17179875535
17179876832,17179870469
17179876882,17179869820
17179877066,17179876806
17179877158,17179877158
17179877509,17179877509
17179877574,17179870789
17179877687,17179870982
17179877851,17179877851
17179878080,17179875338
17179878500,17179869715
17179879043,17179879043
17179879177,17179871197
17179879269,17179877892
17179879533,17179879529
17179879629,17179879328
17179880004,17179880004
17179880110,17179870711
17179880634,17179878755
17179880681,17179880681
17179880712,17179870380
17179880846,17179873969
17179880886,17179870889
17179880951,17179873322
17179881143,17179881143
17179881180,17179878050
17179881198,17179881198
17179881794,17179869623
17179881885,17179876460
17179881901,17179872276
17179882146,17179881366
17179882923,17179871189
17179883003,17179878845
17179883097,17179883097
17179883106,17179871284
17179883248,17179871237
17179883411,17179873589
17179883583,17179883583
17179883610,17179873885
17179883636,17179869715
17179884029,17179869491
17179884064,17179884064
17179884302,17179872243
17179884715,17179884139
17179884780,17179877907
17179884864,17179872559
17179885046,17179874818
17179885141,17179876327
17179885264,17179876609
17179885272,17179885272
17179885432,17179872159
17179885623,17179869858
17179885665,17179871761
17179885712,17179873481
17179886209,17179870675
17179886401,17179872851
17179886441,17179886441
17179886471,17179884134
17179886502,17179872838
17179886594,17179874226
17179886635,17179884087
17179886666,17179877641
17179886871,17179874015
17179886883,17179870597
17179887185,17179879290
17179887824,17179869473
17179887901,17179887901
17179888067,17179882058
17179888166,17179888166
17179888262,17179881393
17179888306,17179879479
17179888322,17179870993
17179888528,17179869439
17179888695,17179869875
17179888737,17179879175
17179888744,17179874522
17179888815,17179874401
17179888839,17179876969
17179889019,17179875046
17179889173,17179876613
17179889337,17179889337
17179889513,17179882925
17179889687,17179871126
17179889922,17179870015
17179890201,17179869927
17179890452,17179871256
17179890726,17179877690
17179891260,17179873725
17179891305,17179869239
17179891334,17179884845
17179891473,17179872153
17179891510,17179878637
17179892010,17179869741
17179892224,17179871381
17179892238,17179871070
17179892467,17179869310
17179892600,17179872680
17179893640,17179878176
17179893642,17179876663
17179893653,17179893653
17179893744,17179877467
17179893833,17179874729
17179893958,17179870829
17179893992,17179870937
17179894071,17179872848
17179894127,17179883348
17179895827,17179877805
17179896152,17179883238
17179896649,17179877921
17179896960,17179872667
17179897188,17179876740
17179897423,17179874436
17179897464,17179876417
17179897688,17179871239
17179897711,17179897711
17179898563,17179870266
17179898674,17179870725
17179898686,17179871797
17179898853,17179869819
17179899077,17179877626
17179899377,17179898713
17179899420,17179878797
17179899455,17179869272
17179899520,17179873931
17179899615,17179873414
17179899830,17179873663
17179900121,17179878110
17179900223,17179874056
17179900266,17179879561
17179900337,17179873464
17179900364,17179870603
17179900419,17179869666
17179900572,17179869698
17179900918,17179880349
17179901036,17179870183
17179901077,17179872506
17179901720,17179876185
17179901965,17179879456
17179902461,17179870709
17179869389,17179869389
17179870282,17179870282
17179870646,17179870646
17179870779,17179870779
17179871043,17179871043
17179871092,17179871092
17179871101,17179871101
17179871378,17179871378
17179871473,17179871473
17179871798,17179870020
17179871801,17179871172
17179871839,17179871646
17179871986,17179871986
17179872174,17179870457
17179872204,17179870453
17179872525,17179872525
17179872624,17179869926
17179872711,17179872711
17179873066,17179873066
17179873347,17179869597
17179873462,17179873462
17179873897,17179873897
17179874175,17179872164
17179874349,17179874349
17179874592,17179872915
17179874614,17179873657
17179874711,17179872370
17179874990,17179874990
17179875189,17179871113
17179875269,17179875269
17179875501,17179871491
17179876026,17179872647
17179876380,17179876380
17179876575,17179876575
17179876602,17179875167
17179876604,17179870491
17179876731,17179876731
17179877056,17179877056
17179877361,17179870015
17179877499,17179874930
17179878129,17179872138
17179878221,17179869213
17179878318,17179878318
17179878777,17179873154
17179878918,17179869576
17179879191,17179871833
17179879973,17179879734
17179880032,17179880032
17179880211,17179870110
17179880376,17179876380
17179880535,17179874468
17179880565,17179869223
17179880725,17179869336
17179881103,17179869327
17179881172,17179878279
17179881207,17179881207
17179881225,17179881225
17179881310,17179871428
17179881555,17179881555
17179881660,17179881660
17179882295,17179875305
17179882306,17179869754
17179882334,17179873995
17179882950,17179869784
17179882968,17179870054
17179883092,17179874336
17179883267,17179877302
17179883331,17179877370
17179883604,17179874803
17179883700,17179883700
17179884521,17179881573
17179884527,17179881824
17179884553,17179869969
17179884631,17179883064
17179884732,17179883821
17179885270,17179871312
17179885286,17179869943
17179885372,17179874603
17179885416,17179885416
17179885603,17179869198
17179885611,17179880442
17179885650,17179870819
17179885821,17179871277
17179885920,17179877139
17179885979,17179874264
17179886048,17179877914
17179886393,17179876063
17179886402,17179874975
17179886721,17179875330
17179886970,17179877894
17179887095,17179875684
17179887231,17179870110
17179887509,17179887509
17179887537,17179869424
17179887694,17179870324
17179887728,17179887728
17179888104,17179876222
17179888164,17179887329
17179888165,17179880127
17179888280,17179888280
17179888508,17179869544
17179889249,17179869823
17179889444,17179874585
17179889778,17179873830
17179889893,17179870369
17179890007,17179879558
17179890017,17179878133
17179890028,17179871103
17179890150,17179876451
17179890311,17179881658
17179890746,17179876208
17179890903,17179869753
17179891241,17179871227
17179891319,17179870603
17179892009,17179869919
17179892298,17179872043
17179892520,17179870140
17179892628,17179870668
17179892757,17179869619
17179892884,17179874581
17179892888,17179872932
17179892942,17179869423
17179892981,17179871184
17179893434,17179869411
17179893536,17179874435
17179893644,17179873641
17179894039,17179871621
17179894351,17179877793
17179894484,17179869875
17179894615,17179872692
17179894882,17179894882
17179895087,17179874836
17179895105,17179869673
17179895106,17179872393
17179895394,17179882314
17179895489,17179872440
17179895597,17179881655
17179895700,17179873773
17179895939,17179877185
17179896499,17179874766
17179896848,17179870659
17179896873,17179871473
17179896914,17179876732
17179896926,17179870427
17179897034,17179875317
17179897313,17179869387
17179897368,17179897368
17179897683,17179875727
17179897845,17179870015
17179897868,17179879147
17179897937,17179871057
17179897945,17179879649
17179898180,17179872060
17179899277,17179899277
17179899334,17179872464
17179899454,17179884191
17179899495,17179877442
17179899531,17179899531
17179899730,17179870343
17179899853,17179877516
17179899975,17179869439
17179900070,17179883396
17179900116,17179869758
17179900194,17179888935
17179900237,17179870147
17179900246,17179879315
17179900369,17179875238
17179900381,17179885838
17179900672,17179870580
17179901821,17179872594
17179901864,17179876627
17179901991,17179901991
17179902047,17179871928
17179902261,17179872712
17179869345,17179869345
17179869402,17179869402
17179869773,17179869773
17179869839,17179869839
17179870880,17179870880
17179871258,17179871258
17179871553,17179871553
17179871748,17179871091
17179872030,17179872030
17179872167,17179872167
17179872338,17179872338
17179872350,17179872350
17179872510,17179872510
17179872607,17179869343
17179873000,17179873000
17179873505,17179871239
17179874032,17179871201
17179874167,17179869673
17179874373,17179874373
17179875036,17179875036
17179875052,17179875052
17179875360,17179875360
17179875574,17179875574
17179875670,17179870881
17179875692,17179875692
17179876221,17179871926
17179876708,17179876708
17179877024,17179872393
17179877610,17179876426
17179877714,17179870552
17179877792,17179877792
17179878031,17179878031
17179878421,17179874187
17179878723,17179875900
17179878778,17179870162
17179878783,17179869661
17179878934,17179877893
17179879085,17179869346
17179879560,17179879560
17179879904,17179871502
17179880160,17179880160
17179880543,17179869368
17179881249,17179871890
17179881334,17179873781
17179881426,17179876042
17179881766,17179870253
17179881891,17179874433
17179881984,17179875129
17179882514,17179870448
17179882580,17179878339
17179882602,17179869540
17179882684,17179869423
17179882830,17179876740
17179883257,17179870533
17179883313,17179873890
17179883470,17179870694
17179883584,17179869235
17179883749,17179872766
17179883825,17179883825
17179883826,17179870788
17179883985,17179875654
17179884060,17179874665
17179884133,17179871846
17179884546,17179872633
17179884604,17179878216
17179884796,17179884796
17179884945,17179871993
17179885111,17179870609
17179885119,17179877652
17179885148,17179869623
17179885307,17179885307
17179885358,17179875842
17179885485,17179879374
17179885703,17179873239
17179885963,17179885963
17179886071,17179870597
17179886086,17179870084
17179886149,17179880107
17179886175,17179870091
17179886361,17179886361
17179887011,17179876537
17179887592,17179878376
17179887598,17179870168
17179887837,17179881071
17179887995,17179880344
17179888275,17179872963
17179888589,17179881265
17179888598,17179875233
17179888854,17179873310
17179889003,17179889003
17179889086,17179872190
17179889176,17179872099
17179889716,17179881297
17179889939,17179877987
17179890253,17179875317
17179890537,17179869475
17179890885,17179875982
17179891472,17179869715
17179891621,17179871532
17179891796,17179888125
17179892058,17179869231
17179892089,17179870130
17179892117,17179870483
17179892439,17179869613
17179892708,17179869773
17179892910,17179874875
17179893236,17179882156
17179893350,17179884578
17179893436,17179887186
17179893673,17179878418
17179893877,17179876335
17179893882,17179870515
17179893970,17179870660
17179894448,17179873238
17179894787,17179869967
17179895060,17179872395
17179895068,17179876533
17179895101,17179873043
17179895360,17179874609
17179895555,17179887597
17179895606,17179871820
17179895754,17179879541
17179895870,17179895870
17179895957,17179871423
17179896095,17179870020
17179896409,17179869964
17179896497,17179878418
17179896826,17179882851
17179897207,17179897207
17179897286,17179872132
17179897461,17179869817
17179898115,17179869411
17179898166,17179869603
17179898181,17179883640
17179898371,17179898371
17179898436,17179878550
17179898623,17179872995
17179898640,17179870509
17179898712,17179872763
17179898727,17179871570
17179898791,17179869209
17179898807,17179873930
17179898909,17179870733
17179898953,17179874141
17179899011,17179877286
17179899153,17179877050
17179899187,17179874822
17179899353,17179873475
17179900182,17179876626
17179900460,17179875325
17179900706,17179871671
17179901049,17179901049
17179901126,17179882689
17179901295,17179873151
17179901310,17179870255
17179901329,17179872105
17179901353,17179873991
17179901963,17179873275
17179901989,17179872807
17179902053,17179869319
17179902488,17179872524
17179902496,17179871044
17179902519,17179873855
17179902562,17179871926
17179869400,17179869400
17179869928,17179869928
17179870175,17179870175
17179870346,17179869562
17179870764,17179870159
17179871158,17179869764
17179871182,17179871182
17179871251,17179871251
17179871408,17179871408
17179871432,17179871432
17179871458,17179871458
17179871629,17179871629
17179871652,17179871652
17179871719,17179871719
17179871746,17179871746
17179871840,17179871840
17179872079,17179870549
17179872109,17179869996
17179872114,17179869723
17179872214,17179872214
17179872514,17179872514
17179872735,17179871565
17179872840,17179872840
17179873399,17179873399
17179873882,17179872711
17179874083,17179871406
17179874141,17179874141
17179874488,17179871562
17179874596,17179874238
17179874722,17179874722
17179875313,17179870773
17179875674,17179872638
17179875845,17179875134
17179875912,17179869320
17179875982,17179875982
17179876089,17179870495
17179876466,17179869418
17179876744,17179875639
17179876873,17179871453
17179877015,17179873688
17179877097,17179875136
17179877138,17179877138
17179877279,17179877279
17179877282,17179875702
17179877628,17179877628
17179877911,17179877911
17179877963,17179877963
17179877989,17179877989
17179878570,17179874411
17179878941,17179875702
17179878988,17179871492
17179879197,17179879197
17179879350,17179870005
17179879488,17179876998
17179879809,17179878655
17179879949,17179879186
17179880099,17179874744
17179880344,17179880344
17179880530,17179871041
17179881096,17179873231
17179881275,17179874649
17179881277,17179878108
17179881613,17179877493
17179881643,17179881643
17179881866,17179870642
17179881880,17179877719
17179882139,17179882139
17179882227,17179871266
17179882286,17179882286
17179882892,17179882892
17179883052,17179874476
17179883384,17179869950
17179883880,17179873162
17179884509,17179874939
17179884663,17179869702
17179884866,17179873322
17179885006,17179885006
17179885760,17179874717
17179885791,17179874610
17179885936,17179872768
17179885938,17179874550
17179886010,17179877671
17179886212,17179878198
17179886813,17179870829
17179887027,17179870100
17179887182,17179870882
17179887250,17179869579
17179887450,17179869526
17179887657,17179871112
17179888100,17179888100
17179888251,17179880142
17179888300,17179871802
17179888551,17179869544
17179888894,17179869960
17179888989,17179874816
17179889956,17179878076
17179890164,17179870405
17179890183,17179869848
17179890342,17179870251
17179890394,17179869228
17179890710,17179869384
17179890780,17179872131
17179891254,17179882131
17179891318,17179880741
17179892188,17179873155
17179892342,17179882351
17179892478,17179875459
17179892700,17179875640
17179892804,17179869950
17179892914,17179879130
17179893034,17179874879
17179893089,17179893089
17179893160,17179870480
17179893467,17179877589
17179893526,17179872302
17179893815,17179871915
17179894262,17179870269
17179894387,17179870344
17179894511,17179873098
17179894713,17179872081
17179894788,17179869619
17179895285,17179873064
17179895317,17179870114
17179895719,17179869189
17179895857,17179869886
17179895881,17179873963
17179895909,17179876453
17179896321,17179873504
17179896567,17179878050
17179896733,17179874348
17179897063,17179872445
17179897122,17179878773
17179897193,17179879327
17179897231,17179873891
17179897296,17179878955
17179897531,17179897531
17179898161,17179880426
17179898362,17179878164
17179898389,17179872014
17179898502,17179873648
17179898658,17179875317
17179898739,17179871172
17179898919,17179869875
17179899005,17179899005
17179899284,17179872826
17179899591,17179882692
17179899658,17179879479
17179899703,17179871004
17179899977,17179873987
17179900021,17179870412
17179900493,17179873283
17179900670,17179869439
17179900725,17179877437
17179901124,17179876291
17179901747,17179890784
17179901802,17179875894
17179902088,17179869390
17179902328,17179882473
17179902369,17179880156
17179869236,17179869236
17179869261,17179869261
17179869281,17179869281
17179869287,17179869287
17179869311,17179869311
17179869552,17179869552
17179869793,17179869793
17179870044,17179869222
17179870179,17179870174
17179870546,17179870546
17179870683,17179870683
17179870766,17179869350
17179870821,17179870821
17179871247,17179871247
17179871459,17179870892
17179871735,17179870754
17179872147,17179872147
17179872326,17179869438
17179872531,17179872531
17179872918,17179871854
17179873317,17179872988
17179873355,17179869197
17179873695,17179873256
17179873887,17179870289
17179874115,17179874115
17179874475,17179869669
17179874504,17179873728
17179874551,17179874551
17179874595,17179874595
17179874756,17179874684
17179875129,17179875129
17179875223,17179871238
17179875243,17179872445
17179876128,17179870181
17179876225,17179871351
17179876390,17179872826
17179876411,17179872601
17179876480,17179876480
17179876672,17179876672
17179876826,17179870902
17179877257,17179869302
17179877524,17179877524
17179877567,17179869302
17179877737,17179870953
17179877879,17179877879
17179877934,17179871622
17179878004,17179878004
17179878131,17179870318
17179878272,17179878272
17179878537,17179871139
17179878610,17179870255
17179878871,17179872869
17179878975,17179877559
17179879562,17179869911
17179879728,17179869269
17179879905,17179872093
17179879955,17179875869
17179879963,17179875306
17179880364,17179871604
17179881019,17179873103
17179881439,17179881439
17179881574,17179876868
17179881708,17179875812
17179882542,17179869715
17179882622,17179869451
17179882632,17179872021
17179882872,17179869748
17179883051,17179873837
17179883578,17179873639
17179883672,17179872248
17179883783,17179872899
17179884422,17179871804
17179884626,17179884626
17179884722,17179871143
17179885316,17179871054
17179885397,17179869295
17179885418,17179885418
17179885451,17179885451
17179885494,17179875135
17179885499,17179874319
17179885906,17179869574
17179886131,17179881228
17179886580,17179878726
17179886612,17179870431
17179886615,17179881102
17179886654,17179873481
17179886736,17179877414
17179886745,17179869500
17179886845,17179871707
17179887105,17179877679
17179887156,17179870234
17179887251,17179876113
17179887839,17179881999
17179888212,17179869192
17179888213,17179874931
17179888520,17179880225
17179888729,17179872696
17179889407,17179889407
17179889468,17179877060
17179889575,17179873125
17179889749,17179873081
17179889790,17179872796
17179890358,17179871863
17179890523,17179890523
17179890844,17179869686
17179891048,17179891048
17179891108,17179886881
17179891349,17179880960
17179891380,17179874406
17179891417,17179870352
17179891680,17179871544
17179891947,17179871558
17179892222,17179872201
17179892267,17179872237
17179892469,17179872246
17179893020,17179869741
17179893159,17179882459
17179893332,17179870546
17179893384,17179869901
17179893452,17179875539
17179893615,17179893615
17179893725,17179869429
17179893774,17179871950
17179893782,17179893782
17179893917,17179893917
17179893935,17179876575
17179894018,17179883665
17179894163,17179872146
17179894296,17179870457
17179894302,17179872057
17179894650,17179885578
17179894664,17179870656
17179894694,17179871472
17179894935,17179871883
17179895305,17179869869
17179895585,17179870769
17179895626,17179869668
17179895855,17179872732
17179895944,17179871345
17179895985,17179870269
17179896349,17179879129
17179896588,17179877538
17179896627,17179872748
17179896800,17179876887
17179897005,17179871101
17179897361,17179883700
17179897455,17179872775
17179897525,17179870042
17179898193,17179882338
17179898357,17179871470
17179898625,17179870557
17179898699,17179872781
17179898767,17179873813
17179898811,17179870818
17179898857,17179870759
17179898921,17179891940
17179898925,17179875216
17179898946,17179883590
17179899676,17179886655
17179900191,17179875337
17179900296,17179870020
17179900329,17179869470
17179900519,17179883700
17179900760,17179880930
17179900793,17179885395
17179900850,17179869649
17179900856,17179869808
17179900912,17179869469
17179901043,17179869300
17179901665,17179870141
17179902055,17179872468
17179902239,17179886521
17179902277,17179870595
17179902429,17179871374
17179902591,17179872338
17179869423,17179869423
17179869677,17179869677
17179869886,17179869886
17179869961,17179869961
17179870159,17179870159
17179870406,17179870406
17179870511,17179869264
17179870894,17179869392
17179870913,17179870913
17179871037,17179871037
17179871038,17179871038
17179871904,17179871904
17179872012,17179869596
17179872014,17179872014
17179872068,17179872068
17179872871,17179871757
17179873327,17179870627
17179873369,17179873369
17179873630,17179873630
17179873811,17179870466
17179874112,17179874112
17179874149,17179871050
17179874169,17179874169
17179874340,17179874340
17179874573,17179874573
17179874604,17179874604
17179874666,17179874666
17179874868,17179874868
17179874886,17179874886
17179874903,17179872267
17179874963,17179874963
17179875600,17179875600
17179875900,17179875900
17179875924,17179874591
17179876562,17179876562
17179876821,17179876336
17179877383,17179874133
17179877548,17179871469
17179877707,17179877707
17179878001,17179878001
17179878290,17179878290
17179878325,17179878325
17179878533,17179872220
17179879004,17179871660
17179879125,17179879125
17179879395,17179879395
17179879494,17179879494
17179880018,17179873105
17179880193,17179878329
17179880692,17179875409
17179881021,17179870166
17179881106,17179870670
17179881437,17179874476
17179881583,17179881583
17179881607,17179872032
17179881632,17179875987
17179881716,17179870377
17179881725,17179871779
17179881742,17179872848
17179881818,17179874571
17179881964,17179871449
17179881988,17179869953
17179882222,17179872120
17179882564,17179869537
17179882759,17179870152
17179883023,17179869379
17179883216,17179881102
17179883265,17179874769
17179883294,17179878284
17179883356,17179875306
17179883742,17179869616
17179884879,17179870686
17179885113,17179878150
17179885135,17179876575
17179885154,17179876248
17179885381,17179885381
17179885912,17179869455
17179885960,17179870948
17179886287,17179886287
17179886396,17179886396
17179886439,17179878386
17179886479,17179876029
17179886527,17179886527
17179886631,17179877507
17179886684,17179886143
17179886695,17179869896
17179886850,17179882111
17179886885,17179872423
17179887016,17179869246
17179887026,17179878152
17179887148,17179878348
17179887849,17179874743
17179887942,17179881945
17179888014,17179873991
17179888016,17179878209
17179888341,17179888341
17179888430,17179883036
17179888540,17179877719
17179888613,17179876711
17179888653,17179882326
17179888656,17179869636
17179889005,17179873233
17179889417,17179874216
17179889542,17179885115
17179889610,17179871966
17179889663,17179871944
17179889717,17179889717
17179889837,17179870998
17179889915,17179880919
17179890427,17179869875
17179890611,17179873956
17179890699,17179869423
17179890719,17179870283
17179890866,17179877760
17179890981,17179878330
17179891155,17179871588
17179891344,17179869272
17179891398,17179869745
17179891460,17179881926
17179891474,17179875907
17179891604,17179874305
17179891623,17179875708
17179891660,17179878148
17179891712,17179870255
17179891937,17179884392
17179891966,17179872296
17179892047,17179892047
17179892143,17179873131
17179892213,17179869361
17179892297,17179869717
17179892565,17179870517
17179892568,17179876606
17179892798,17179873279
17179893148,17179870508
17179893179,17179886951
17179893398,17179874924
17179893916,17179873765
17179894323,17179872406
17179894675,17179890226
17179895082,17179877991
17179895185,17179869857
17179895191,17179876747
17179895379,17179895379
17179895388,17179874006
17179895568,17179871787
17179895593,17179870711
17179895709,17179876553
17179895988,17179876648
17179896003,17179870762
17179896126,17179875422
17179896558,17179870355
17179896569,17179896569
17179896632,17179896632
17179896693,17179883700
17179896724,17179873641
17179896895,17179888290
17179897078,17179871051
17179897226,17179869625
17179897729,17179869649
17179897890,17179897890
17179897940,17179870506
17179898819,17179898819
17179898971,17179876176
17179899152,17179870827
17179899529,17179872189
17179899729,17179877493
17179900198,17179889535
17179900500,17179871826
17179900941,17179872372
17179901610,17179875877
17179901748,17179871248
17179901837,17179870720
17179902213,17179874268
17179902231,17179869931
17179902462,17179877290
17179902482,17179871890
17179869326,17179869326
17179869387,17179869387
17179869479,17179869479
17179870023,17179870023
17179870102,17179870102
17179870522,17179870522
17179870635,17179870033
17179870828,17179870828
17179870935,17179870935
17179871298,17179871298
17179871320,17179869555
17179871399,17179871399
17179871440,17179871440
17179871646,17179871646
17179872155,17179872155
17179872519,17179872519
17179872614,17179872614
17179872671,17179871831
17179872872,17179870983
17179873614,17179872184
17179873728,17179873728
17179874063,17179874063
17179874195,17179871053
17179874379,17179870641
17179874442,17179869682
17179874784,17179870486
17179875140,17179870994
17179875329,17179870888
17179875433,17179873130
17179875534,17179869967
17179875537,17179869323
17179875543,17179872877
17179875684,17179875684
17179875758,17179875758
17179875933,17179875933
17179876048,17179873648
17179876495,17179876495
17179876554,17179869826
17179876694,17179873131
17179876950,17179876950
17179876989,17179872132
17179877002,17179873636
17179877469,17179871788
17179877474,17179873548
17179877819,17179872186
17179878408,17179876005
17179878894,17179877853
17179879157,17179871189
17179879265,17179877029
17179879355,17179879355
17179879535,17179875133
17179879563,17179870257
17179879805,17179870910
17179879817,17179872148
17179879821,17179869294
17179880115,17179872262
17179880124,17179869256
17179880520,17179870148
17179880947,17179869379
17179881771,17179870612
17179881873,17179874062
17179882585,17179870137
17179882673,17179872423
17179883335,17179869897
17179883391,17179872768
17179883872,17179870256
17179884118,17179871675
17179884434,17179884434
17179884447,17179871065
17179884843,17179879875
17179884851,17179869581
17179884965,17179875246
17179885072,17179869191
17179885084,17179885084
17179885314,17179874280
17179885525,17179880066
17179885573,17179879125
17179885917,17179879429
17179885996,17179869259
17179886056,17179875901
17179886202,17179876038
17179886289,17179869940
17179886726,17179872395
17179886921,17179869790
17179887194,17179877893
17179888021,17179871830
17179888185,17179873694
17179888340,17179888340
17179888496,17179870236
17179888630,17179871100
17179888676,17179869452
17179888687,17179872484
17179889344,17179871857
17179889368,17179878140
17179889385,17179869779
17179890249,17179883488
17179890363,17179884826
17179890395,17179890395
17179890614,17179870703
17179890695,17179890695
17179890879,17179877181
17179890959,17179875318
17179891164,17179887077
17179891167,17179869272
17179891173,17179872543
17179891678,17179881035
17179892001,17179882459
17179892069,17179877973
17179892225,17179869623
17179892643,17179892643
17179892765,17179892765
17179892788,17179869721
17179892839,17179892839
17179893081,17179869546
17179893382,17179874736
17179893609,17179871780
17179894119,17179875207
17179894308,17179871894
17179894627,17179879327
17179894696,17179894696
17179895760,17179874516
17179895825,17179878348
17179896044,17179870250
17179896146,17179873153
17179897633,17179873358
17179897810,17179897810
17179897927,17179875459
17179898253,17179871543
17179898361,17179869576
17179898474,17179869368
17179898569,17179898569
17179898585,17179870733
17179898631,17179871425
17179898814,17179876171
17179898821,17179871351
17179898827,17179883674
17179898851,17179871633
17179899243,17179872149
17179899256,17179874545
17179899326,17179899326
17179899667,17179876299
17179900339,17179869957
17179900445,17179870772
17179900874,17179875727
17179901281,17179873448
17179901426,17179871923
17179901449,17179873603
17179901577,17179870774
17179901815,17179869831
17179901840,17179875551
17179902031,17179871155
17179902293,17179884905
17179902342,17179872896
17179902391,17179902391
17179869648,17179869648
17179869881,17179869881
17179869933,17179869933
17179870062,17179870062
17179870147,17179870147
17179870485,17179870485
17179870488,17179870488
17179870508,17179870508
17179870788,17179870788
17179870790,17179870790
17179870878,17179870829
17179870964,17179870964
17179871308,17179870909
17179871678,17179871678
17179871774,17179869575
17179871915,17179871915
17179871918,17179871918
17179871937,17179871937
17179871978,17179871978
17179872019,17179872019
17179872118,17179872118
17179872269,17179872269
17179872358,17179870998
17179872615,17179872368
17179872720,17179870753
17179872853,17179872853
17179872961,17179872580
17179873047,17179873047
17179873297,17179873297
17179873381,17179873381
17179873551,17179873551
17179873754,17179869322
17179873962,17179870130
17179874037,17179874037
17179874080,17179874080
17179874180,17179870251
17179874364,17179869919
17179874772,17179873316
17179874950,17179869799
17179875279,17179874687
17179875573,17179875573
17179877067,17179877067
17179877142,17179877142
17179877837,17179876942
17179878020,17179872905
17179878177,17179873535
17179878230,17179876111
17179878299,17179871838
17179878432,17179878109
17179878437,17179869935
17179878468,17179878468
17179878518,17179875372
17179878984,17179871349
17179879117,17179870172
17179879246,17179875321
17179879294,17179875715
17179879516,17179869822
17179879552,17179879552
17179879800,17179877884
17179879845,17179870412
17179879849,17179869989
17179879960,17179870004
17179880109,17179870298
17179880240,17179875514
17179880290,17179880290
17179880372,17179876133
17179880840,17179873536
17179881003,17179881003
17179881598,17179871231
17179882145,17179869441
17179882319,17179871599
17179882827,17179876540
17179882944,17179872233
17179883021,17179875325
17179883110,17179871291
17179883361,17179883361
17179883568,17179878600
17179883774,17179872725
17179883818,17179883818
17179883835,17179883835
17179883840,17179879866
17179883954,17179875409
17179884666,17179875702
17179884861,17179872644
17179884889,17179882667
17179884900,17179871524
17179885117,17179871992
17179885430,17179869938
17179885695,17179875607
17179885878,17179870000
17179886083,17179872388
17179886265,17179886265
17179886840,17179886840
17179887490,17179870645
17179888017,17179882692
17179888152,17179888152
17179888480,17179870609
17179888524,17179869390
17179888582,17179888582
17179888612,17179870586
17179889064,17179873897
17179889131,17179877312
17179889891,17179872118
17179890191,17179875336
17179890343,17179877601
17179890411,17179877996
17179890600,17179870298
17179890684,17179879459
17179891097,17179874767
17179891244,17179870935
17179891509,17179877137
17179891728,17179870485
17179892094,17179883590
17179892323,17179871074
17179892405,17179870272
17179893105,17179878109
17179893112,17179870324
17179893315,17179893315
17179893472,17179873119
17179893764,17179877788
17179894118,17179878004
17179894251,17179894251
17179894445,17179869491
17179894535,17179872781
17179894638,17179870235
17179894701,17179869211
17179894732,17179870122
17179894756,17179881366
17179895280,17179874422
17179895359,17179874178
17179895378,17179875502
17179895534,17179869425
17179895671,17179874693
17179896067,17179873641
17179896223,17179891720
17179896277,17179871444
17179896323,17179869745
17179896374,17179896374
17179896702,17179872325
17179896837,17179871139
17179897009,17179879196
17179897029,17179870257
17179897333,17179876525
17179897527,17179870118
17179897791,17179871745
17179897802,17179870504
17179897803,17179869290
17179897882,17179897882
17179898056,17179872281
17179898068,17179870141
17179898322,17179871833
17179898350,17179873683
17179898364,17179870931
17179898509,17179877919
17179899081,17179872200
17179899972,17179869625
17179900169,17179877987
17179900184,17179873790
17179900349,17179900349
17179900608,17179873986
17179900610,17179869864
17179900940,17179869903
17179901042,17179869301
17179901599,17179869202
17179901668,17179870914
17179902257,17179877794
17179902311,17179876887
17179902417,17179878898
17179902473,17179878541
17179869193,17179869193
17179869331,17179869210
17179869535,17179869535
17179869653,17179869653
17179869787,17179869787
17179869792,17179869792
17179869799,17179869799
17179869807,17179869807
17179870116,17179869336
17179870228,17179869879
17179870291,17179870291
17179870682,17179870682
17179870954,17179870954
17179870955,17179870955
17179871788,17179871788
17179871795,17179871795
17179872084,17179871961
17179872743,17179872743
17179872998,17179872998
17179873062,17179873062
17179873316,17179873316
17179873570,17179870998
17179873667,17179873667
17179874295,17179873509
17179874403,17179870053
17179874698,17179869676
17179874712,17179874712
17179874744,17179874744
17179874856,17179872579
17179874977,17179874977
17179875102,17179869631
17179875130,17179873460
17179875172,17179875172
17179875446,17179875446
17179875715,17179875715
17179875745,17179871203
17179875864,17179870460
17179876010,17179876010
17179876044,17179870517
17179876102,17179869572
17179876107,17179874170
17179876621,17179869949
17179876649,17179876649
17179876732,17179876732
17179876796,17179871123
17179876837,17179873548
17179876959,17179874969
17179877154,17179873400
17179877177,17179877177
17179877400,17179874231
17179877429,17179877429
17179877486,17179877486
17179877526,17179870324
17179877553,17179876335
17179877620,17179875684
17179877907,17179877907
17179878039,17179878039
17179878091,17179869336
17179878168,17179878168
17179878254,17179872198
17179878289,17179869979
17179878696,17179870762
17179879000,17179872242
17179879011,17179872242
17179879278,17179874063
17179879870,17179876514
17179879975,17179869473
17179879981,17179869595
17179880295,17179874417
17179880319,17179870477
17179881314,17179871383
17179881861,17179881861
17179882491,17179881817
17179882560,17179875659
17179883555,17179869245
17179883564,17179873053
17179883899,17179869897
17179884431,17179884431
17179884462,17179874997
17179884890,17179869469
17179884934,17179872245
17179885507,17179880225
17179885727,17179871842
17179885819,17179884162
17179886127,17179870463
17179886468,17179874355
17179886545,17179886545
17179886624,17179879470
17179886636,17179886552
17179886727,17179871720
17179886807,17179871881
17179886878,17179885578
17179887260,17179873474
17179887276,17179887276
17179887320,17179887320
17179887331,17179877838
17179887619,17179869597
17179887661,17179875836
17179887692,17179871604
17179887701,17179872787
17179887738,17179875187
17179887747,17179887747
17179887818,17179875052
17179887969,17179887969
17179888018,17179882185
17179888039,17179885963
17179888455,17179869285
17179889028,17179870610
17179889543,17179871513
17179890225,17179885313
17179890379,17179877009
17179890407,17179871678
17179890682,17179879374
17179891017,17179877501
17179891043,17179873460
17179891186,17179882705
17179891253,17179891253
17179891266,17179876170
17179891632,17179870387
17179891673,17179869989
17179892135,17179875451
17179892515,17179871590
17179892554,17179892554
17179892627,17179875794
17179892894,17179873930
17179892909,17179871665
17179892949,17179873514
17179893046,17179871755
17179893374,17179893374
17179893411,17179881446
17179893427,17179872146
17179893441,17179870067
17179893811,17179884995
17179893930,17179869708
17179894058,17179877893
17179894507,17179872314
17179894685,17179881556
17179894700,17179876778
17179895256,17179877629
17179895527,17179869969
17179895722,17179895722
17179895961,17179870477
17179896088,17179877679
17179896342,17179871248
17179896377,17179877579
17179896682,17179873399
17179896874,17179870250
17179896899,17179870820
17179896997,17179870551
17179897187,17179871419
17179897404,17179897404
17179898148,17179872651
17179898416,17179873310
17179898527,17179876370
17179898594,17179873956
17179898707,17179875967
17179898765,17179898765
17179898779,17179898779
17179898956,17179872093
17179899407,17179896281
17179899551,17179873484
17179899612,17179877183
17179899663,17179872644
17179899779,17179870273
17179899823,17179872424
17179899824,17179878325
17179899867,17179878406
17179899873,17179874340
17179900098,17179872391
17179900195,17179872565
17179900395,17179875869
17179900413,17179876116
17179900576,17179883240
17179900756,17179876981
17179901014,17179870065
17179901298,17179869969
17179901301,17179870191
17179901335,17179878729
17179901478,17179901478
17179901854,17179884655
17179901935,17179870357
17179902326,17179870770
17179869188,17179869188
17179869500,17179869500
17179869607,17179869607
17179870621,17179870621
17179870733,17179870733
17179870800,17179870800
17179871324,17179870324
17179871417,17179871417
17179871603,17179871603
17179871635,17179870546
17179871680,17179871680
17179871688,17179871688
17179872088,17179870670
17179872229,17179870480
17179872473,17179869498
17179872568,17179870480
17179872641,17179872181
17179872699,17179870361
17179872771,17179872771
17179872818,17179872818
17179873095,17179873053
17179873153,17179873153
17179873446,17179872018
17179873744,17179873744
17179873884,17179869965
17179873953,17179871125
17179874742,17179874742
17179874899,17179869932
17179875054,17179874159
17179875237,17179875237
17179875266,17179869784
17179875422,17179875422
17179876174,17179871371
17179876333,17179871752
17179876430,17179869458
17179876610,17179869886
17179876681,17179871147
17179876932,17179869380
17179876976,17179869807
17179877031,17179877031
17179877260,17179875372
17179877824,17179869788
17179878222,17179878222
17179878461,17179876327
17179878738,17179869440
17179879098,17179879098
17179879221,17179871586
17179879392,17179872651
17179879619,17179879619
17179879754,17179871164
17179879768,17179869518
17179879806,17179871491
17179879921,17179871663
17179880059,17179873048
17179880266,17179878796
17179880891,17179880891
17179881291,17179873162
17179881837,17179873682
17179881904,17179881904
17179882348,17179870249
17179882435,17179875052
17179882501,17179882501
17179882525,17179869826
17179882991,17179869938
17179883134,17179872732
17179883167,17179875620
17179883379,17179869625
17179883484,17179872351
17179883559,17179883559
17179884100,17179880033
17179884262,17179884162
17179884404,17179870000
17179884476,17179870325
17179884618,17179877222
17179884628,17179870405
17179884659,17179870787
17179885221,17179869841
17179885483,17179873100
17179885549,17179873462
17179885634,17179876431
17179886269,17179869713
17179886303,17179886303
17179886595,17179871139
17179886669,17179870372
17179886702,17179870330
17179886747,17179874964
17179887314,17179870420
17179887329,17179887329
17179887547,17179875842
17179887929,17179869248
17179887974,17179877583
17179888005,17179870015
17179888103,17179870993
17179888274,17179869511
17179888431,17179888431
17179888911,17179873641
17179889076,17179872905
17179889243,17179875171
17179889304,17179869861
17179889358,17179877467
17179889554,17179871170
17179889563,17179871044
17179889630,17179889630
17179889789,17179869387
17179890114,17179882615
17179890289,17179874330
17179890696,17179875326
17179890733,17179875122
17179891184,17179873454
17179891192,17179874931
17179891220,17179873144
17179891438,17179875836
17179891614,17179891614
17179891781,17179869620
17179892198,17179877040
17179892280,17179892280
17179892796,17179892796
17179893016,17179869606
17179893065,17179881972
17179893544,17179881668
17179894103,17179886545
17179894461,17179872162
17179894486,17179871766
17179894648,17179870892
17179894814,17179874662
17179894945,17179877941
17179895350,17179870064
17179895541,17179873780
17179895558,17179895558
17179895691,17179872585
17179895725,17179877636
17179895756,17179873726
17179895872,17179873307
17179896034,17179896034
17179896131,17179874446
17179896186,17179870400
17179896699,17179896699
17179896762,17179896762
17179896829,17179876548
17179896845,17179869681
17179896945,17179872273
17179897278,17179876820
17179898179,17179875774
17179898240,17179886236
17179898479,17179871112
17179898632,17179872019
17179899318,17179871122
17179899350,17179870596
17179899753,17179869264
17179900082,17179886451
17179900117,17179870170
17179900282,17179869210
17179900830,17179875126
17179901133,17179871889
17179901170,17179870282
17179901351,17179869277
17179901400,17179872453
17179901466,17179871178
17179901868,17179881855
17179902007,17179876915
17179902136,17179869814
17179902203,17179870092
17179902250,17179871572
17179902255,17179869325
17179869641,17179869641
17179869764,17179869764
17179869854,17179869854
17179870030,17179870030
17179870163,17179869496
17179870245,17179870245
17179870323,17179870323
17179870835,17179870001
17179871502,17179871502
17179871733,17179871733
17179871974,17179869231
17179872010,17179869186
17179872028,17179872028
17179872033,17179872033
17179872297,17179869929
17179872299,17179871174
17179872457,17179869300
17179872857,17179872856
17179872859,17179869678
17179873127,17179871901
17179873266,17179873266
17179873494,17179873494
17179873676,17179873676
17179873951,17179870353
17179874152,17179870086
17179874298,17179874298
17179874493,17179874493
17179874665,17179874665
17179874692,17179869731
17179874783,17179874783
17179874960,17179870609
17179875024,17179870083
17179875652,17179869681
17179876006,17179870020
17179876035,17179873008
17179876194,17179875791
17179876237,17179874014
17179876851,17179871227
17179876890,17179869926
17179877144,17179873916
17179877186,17179869430
17179877323,17179869530
17179878499,17179878499
17179878534,17179878534
17179878889,17179873748
17179878899,17179878899
17179879160,17179877040
17179879462,17179874622
17179879556,17179873559
17179879786,17179872227
17179879877,17179871277
17179880254,17179870134
17179880468,17179880468
17179880547,17179879172
17179880626,17179873433
17179880633,17179880633
17179880836,17179870925
17179881307,17179870442
17179881469,17179871417
17179881925,17179873393
17179882159,17179874216
17179882261,17179871652
17179882296,17179870324
17179882555,17179873647
17179882809,17179870080
17179882974,17179870021
17179883036,17179883036
17179883046,17179872263
17179883628,17179878753
17179883715,17179873256
17179883805,17179883805
17179883903,17179881945
17179884416,17179871865
17179885203,17179871241
17179885558,17179870257
17179885717,17179875464
17179885793,17179876185
17179886139,17179871642
17179886232,17179879869
17179886897,17179877013
17179886989,17179872601
17179887238,17179876380
17179887625,17179880549
17179887764,17179887764
17179887944,17179887944
17179888138,17179871529
17179888380,17179878339
17179888401,17179882019
17179888434,17179876342
17179888636,17179869502
17179888878,17179874657
17179889220,17179889220
17179889264,17179870218
17179889442,17179873326
17179889443,17179869933
17179889550,17179873717
17179889621,17179885391
17179889662,17179874326
17179889737,17179889737
17179889865,17179877739
17179890347,17179889974
17179890492,17179878755
17179890552,17179881159
17179890807,17179870789
17179891000,17179872212
17179891259,17179869353
17179891428,17179885874
17179891484,17179870743
17179891590,17179875844
17179891882,17179870081
17179891987,17179891987
17179892312,17179871291
17179892398,17179869759
17179892538,17179880117
17179892595,17179888290
17179892763,17179873274
17179892769,17179874521
17179892873,17179874595
17179892930,17179869619
17179892944,17179874074
17179893099,17179876842
17179893145,17179879978
17179893222,17179871074
17179893273,17179871493
17179893587,17179881609
17179893904,17179869649
17179893936,17179879093
17179893945,17179875459
17179894099,17179870358
17179894241,17179870015
17179894455,17179886142
17179894474,17179872819
17179894559,17179894559
17179894575,17179873930
17179894731,17179877960
17179894913,17179871072
17179895057,17179871613
17179895258,17179874665
17179895407,17179872401
17179895590,17179874966
17179895635,17179874211
17179895752,17179869200
17179895802,17179870461
17179896382,17179877442
17179896390,17179870970
17179896551,17179869919
17179896563,17179871298
17179896678,17179869649
17179896770,17179875419
17179896840,17179872397
17179897113,17179886236
17179897146,17179871411
17179897269,17179870291
17179897287,17179869200
17179897573,17179871542
17179897715,17179877486
17179897820,17179875989
17179898093,17179898093
17179898209,17179870069
17179898296,17179898296
17179898514,17179878771
17179898864,17179872040
17179898975,17179873618
17179899139,17179872436
17179899229,17179876654
17179899436,17179870189
17179899878,17179874420
17179899911,17179870160
17179900360,17179872354
17179900396,17179900396
17179900743,17179900743
17179900932,17179872848
17179901021,17179869200
17179901048,17179894560
17179901148,17179873052
17179901219,17179869544
17179901841,17179876493
17179901845,17179870054
17179901881,17179888154
17179901907,17179870303
17179901995,17179869558
17179902151,17179877060
17179902390,17179870477
17179902486,17179875378
17179902492,17179875592
17179902611,17179871917
17179869215,17179869215
17179869295,17179869295
17179869508,17179869508
17179869555,17179869555
17179869896,17179869896
17179869926,17179869926
17179870350,17179869458
17179870502,17179869790
17179870589,17179870589
17179871124,17179871124
17179871213,17179871213
17179871241,17179871241
17179871403,17179871144
17179871562,17179871562
17179871572,17179871572
17179871613,17179871613
17179871809,17179871809
17179871837,17179871837
17179871911,17179870944
17179871929,17179869649
17179872035,17179871741
17179872294,17179869799
17179872301,17179872301
17179872463,17179872463
17179872603,17179872603
17179872955,17179869926
17179873098,17179873098
17179873210,17179873210
17179873279,17179873279
17179873296,17179869863
17179873596,17179873596
17179874254,17179869202
17179874325,17179870054
17179874779,17179871390
17179874906,17179874906
17179874962,17179874652
17179875128,17179872011
17179875293,17179869615
17179875323,17179875323
17179875369,17179875369
17179875664,17179869508
17179875681,17179872830
17179875724,17179875321
17179875731,17179875731
17179877146,17179874395
17179877213,17179877213
17179877417,17179870741
17179877437,17179877437
17179878235,17179871205
17179878404,17179869836
17179878458,17179871382
17179878757,17179876187
17179878823,17179869547
17179879206,17179870809
17179879458,17179869621
17179879604,17179869715
17179879663,17179869208
17179879719,17179872856
17179879917,17179869295
17179880064,17179870939
17179880164,17179870414
17179880664,17179871351
17179881204,17179870570
17179881289,17179871381
17179881647,17179872999
17179881696,17179873332
17179881848,17179881848
17179881865,17179877455
17179881960,17179869817
17179882016,17179882016
17179882133,17179871931
17179882154,17179874802
17179882213,17179873025
17179882432,17179882432
17179882858,17179882858
17179883225,17179883225
17179883288,17179870870
17179883302,17179869960
17179883423,17179869581
17179883598,17179871561
17179883683,17179869186
17179883686,17179873481
17179883861,17179883861
17179883895,17179883895
17179883915,17179872168
17179884111,17179873222
17179884291,17179884291
17179884372,17179873907
17179885016,17179870966
17179885181,17179869315
17179885240,17179871810
17179885426,17179869340
17179885773,17179878337
17179885797,17179884392
17179885843,17179869230
17179886216,17179873052
17179886291,17179872994
17179886328,17179878707
17179886347,17179870846
17179886953,17179877745
17179887088,17179870570
17179887706,17179887706
17179887851,17179869234
17179888128,17179872157
17179888488,17179884995
17179888697,17179882401
17179888809,17179869715
17179889010,17179871024
17179889159,17179871241
17179889247,17179880695
17179889372,17179873703
17179889433,17179888909
17179889836,17179870203
17179889981,17179879978
17179890099,17179874813
17179890122,17179890122
17179890134,17179879799
17179891110,17179870425
17179891189,17179870249
17179891426,17179876767
17179892019,17179877658
17179892938,17179892938
17179892993,17179869273
17179893175,17179870312
17179893637,17179871550
17179893924,17179873387
17179894016,17179869449
17179894603,17179894603
17179894637,17179871988
17179894834,17179874829
17179894842,17179872609
17179895809,17179881655
17179895975,17179874241
17179896094,17179873001
17179896096,17179877447
17179896144,17179870335
17179896392,17179873599
17179896524,17179872285
17179896742,17179869353
17179896828,17179877579
17179896833,17179869641
17179896980,17179871596
17179897067,17179897067
17179897232,17179870268
17179897300,17179881454
17179897432,17179876294
17179897447,17179870693
17179897667,17179871591
17179898055,17179878796
17179898157,17179877096
17179898366,17179874840
17179898469,17179879317
17179898576,17179872049
17179898786,17179873320
17179898787,17179874062
17179899071,17179899071
17179899202,17179880669
17179899364,17179879513
17179899571,17179874248
17179899609,17179880162
17179899630,17179870162
17179899874,17179881643
17179900075,17179884684
17179900192,17179878376
17179900992,17179869834
17179900995,17179870495
17179901309,17179901309
17179901537,17179869253
17179901829,17179869295
17179902316,17179869726
17179902373,17179871922
17179902399,17179876342
17179902553,17179876923
17179869459,17179869459
17179869560,17179869560
17179869583,17179869583
17179869606,17179869606
17179869846,17179869408
17179870185,17179870185
17179870631,17179869458
17179870654,17179870654
17179870663,17179870663
17179870737,17179870737
17179870755,17179870755
17179871123,17179871123
17179871257,17179871257
17179871286,17179870259
17179871434,17179869404
17179871679,17179871679
17179871765,17179871765
17179872098,17179872098
17179872121,17179872121
17179872264,17179872264
17179872597,17179869403
17179873016,17179873016
17179873107,17179870092
17179873603,17179873603
17179873634,17179869717
17179874250,17179871364
17179874434,17179874434
17179874540,17179871355
17179874574,17179872292
17179874693,17179874693
17179874951,17179869623
17179875290,17179872361
17179875611,17179872732
17179875669,17179873147
17179875767,17179870330
17179875782,17179875782
17179875976,17179871356
17179875979,17179869621
17179876078,17179873043
17179876300,17179876298
17179876332,17179869348
17179876345,17179869919
17179876376,17179869425
17179876456,17179869649
17179876462,17179872285
17179876547,17179870647
17179876550,17179869616
17179876957,17179870597
17179877471,17179872690
17179877683,17179873122
17179878051,17179878051
17179878285,17179878285
17179878304,17179869437
17179878642,17179878342
17179878694,17179873147
17179879015,17179870133
17179879050,17179869620
17179879218,17179870247
17179879315,17179879315
17179879491,17179869439
17179879888,17179876902
17179880667,17179879600
17179881201,17179881201
17179881322,17179869423
17179881442,17179869924
17179881680,17179872779
17179881760,17179873035
17179882093,17179871636
17179882630,17179882630
17179882692,17179882692
17179882940,17179882940
17179883333,17179869914
17179883520,17179870654
17179883607,17179878632
17179883754,17179875171
17179883891,17179873145
17179883951,17179869570
17179884003,17179872564
17179884157,17179873857
17179884311,17179880649
17179884573,17179884573
17179885276,17179877138
17179885277,17179870982
17179885357,17179872994
17179885362,17179869813
17179885510,17179875062
17179885606,17179873279
17179885737,17179874975
17179886448,17179870324
17179886503,17179886503
17179886609,17179875576
17179886648,17179870790
17179887199,17179887199
17179887211,17179887211
17179887279,17179871831
17179887477,17179870853
17179887895,17179875814
17179888205,17179871869
17179888239,17179887329
17179888786,17179888786
17179888807,17179870821
17179888811,17179885874
17179889470,17179870130
17179889561,17179888471
17179889941,17179877351
17179890125,17179870380
17179890304,17179869524
17179890637,17179880162
17179890712,17179872543
17179890869,17179869630
17179891127,17179869292
17179891131,17179870058
17179891150,17179891150
17179891160,17179876827
17179891222,17179876021
17179891361,17179873007
17179891466,17179875442
17179891543,17179891543
17179892038,17179871981
17179892170,17179879438
17179892186,17179871105
17179892245,17179871037
17179892392,17179871895
17179892859,17179869298
17179893595,17179885458
17179893611,17179874336
17179894419,17179890298
17179894563,17179869353
17179894954,17179869423
17179894963,17179869649
17179895015,17179873984
17179895180,17179869370
17179895679,17179870425
17179895684,17179874521
17179895747,17179869202
17179896108,17179871908
17179896466,17179877049
17179896542,17179896542
17179896590,17179878324
17179896606,17179896606
17179896933,17179872119
17179897709,17179872534
17179897734,17179874187
17179898242,17179871195
17179898259,17179877994
17179898327,17179869234
17179898329,17179869621
17179898542,17179876933
17179898572,17179869248
17179898656,17179898656
17179898681,17179898681
17179898952,17179870530
17179899460,17179875311
17179899593,17179877914
17179900061,17179870846
17179900188,17179870243
17179900389,17179871638
17179900581,17179875988
17179900953,17179877690
17179900956,17179894767
17179901086,17179878058
17179901227,17179870074
17179901434,17179878865
17179901606,17179870419
17179901953,17179882042
17179902195,17179878492
17179902314,17179869559
17179902385,17179871450
17179869582,17179869582
17179869596,17179869596
17179870151,17179870151
17179870311,17179869481
17179870356,17179870356
17179870408,17179870408
17179870436,17179870436
17179870479,17179870479
17179870719,17179870719
17179871028,17179871028
17179871110,17179871110
17179871183,17179869834
17179871540,17179871532
17179871547,17179871547
17179871628,17179870702
17179871785,17179870258
17179871892,17179870818
17179872677,17179872677
17179873165,17179869839
17179873166,17179873166
17179873212,17179871238
17179873389,17179873389
17179873644,17179869836
17179873672,17179873088
17179874042,17179873098
17179874179,17179870678
17179874264,17179874264
17179874534,17179874534
17179874546,17179874546
17179874873,17179874873
17179875204,17179869533
17179875281,17179874242
17179875473,17179875473
17179875510,17179875510
17179875560,17179872622
17179875708,17179875708
17179876248,17179876248
17179876472,17179876472
17179876698,17179870052
17179876897,17179870828
17179877101,17179874109
17179877301,17179877301
17179877807,17179869826
17179877832,17179875203
17179877875,17179877875
17179877995,17179873310
17179878139,17179877510
17179878362,17179878362
17179878597,17179870054
17179878653,17179874489
17179878737,17179874159
17179879144,17179874246
17179879439,17179870324
17179879606,17179879438
17179879793,17179879793
17179879855,17179875894
17179880051,17179870320
17179880102,17179880102
17179880394,17179871871
17179880761,17179880147
17179880983,17179870772
17179881146,17179870982
17179881363,17179871300
17179881524,17179873272
17179881573,17179881573
17179881704,17179870316
17179881874,17179875449
17179881967,17179871719
17179882167,17179873812
17179882281,17179869359
17179882416,17179879714
17179882642,17179880192
17179882741,17179882741
17179882838,17179877954
17179882905,17179882905
17179883128,17179874560
17179883226,17179878209
17179883426,17179870259
17179883534,17179872785
17179883546,17179870195
17179883566,17179871746
17179883725,17179873180
17179884054,17179869316
17179884209,17179872285
17179884319,17179873134
17179884331,17179882244
17179884677,17179870891
17179884740,17179870198
17179884952,17179875228
17179885038,17179872616
17179885099,17179871186
17179885142,17179870693
17179885224,17179869518
17179885291,17179885291
17179885315,17179873381
17179885708,17179873032
17179885807,17179872337
17179886054,17179873283
17179886162,17179871291
17179886279,17179870261
17179886575,17179871507
17179886984,17179869756
17179887075,17179873088
17179887183,17179870853
17179887269,17179870527
17179887299,17179870100
17179887303,17179887303
17179887724,17179887724
17179887745,17179870469
17179887792,17179876370
17179887941,17179881152
17179888002,17179888002
17179888330,17179873042
17179888771,17179869778
17179889106,17179872206
17179889335,17179882301
17179889645,17179870473
17179890069,17179875066
17179890131,17179885105
17179890146,17179873852
17179890662,17179870309
17179890666,17179871370
17179890704,17179874358
17179890979,17179872431
17179891123,17179869230
17179891396,17179875126
17179891517,17179884995
17179892107,17179878898
17179892361,17179879456
17179892435,17179876492
17179892768,17179871125
17179893342,17179878199
17179893475,17179893475
17179893669,17179870724
17179893939,17179873809
17179894052,17179875474
17179894340,17179881358
17179894509,17179869434
17179894793,17179873460
17179894821,17179875881
17179895011,17179872637
17179895036,17179877660
17179895295,17179870432
17179895457,17179876654
17179895711,17179869540
17179895851,17179882515
17179895983,17179871080
17179896132,17179874884
17179896331,17179896331
17179896384,17179876742
17179896404,17179869855
17179896613,17179880708
17179896784,17179871904
17179896791,17179874355
17179896890,17179879507
17179896928,17179882755
17179897054,17179886306
17179897105,17179875776
17179897225,17179870186
17179897433,17179870998
17179897923,17179869193
17179898175,17179876447
17179898418,17179875714
17179898551,17179871728
17179898764,17179883580
17179899295,17179899295
17179899300,17179872678
17179900043,17179870647
17179900154,17179900154
17179900252,17179869710
17179900304,17179869191
17179900683,17179869584
17179900839,17179869994
17179900958,17179871678
17179901107,17179870040
17179901374,17179901374
17179901386,17179883897
17179901505,17179872405
17179901738,17179869252
17179901983,17179871139
17179902292,17179877482
17179902306,17179870584
17179902478,17179873154
17179869388,17179869388
17179869847,17179869320
17179869877,17179869295
17179870121,17179869440
17179870509,17179870509
17179870555,17179870555
17179870690,17179870690
17179870785,17179869649
17179870917,17179870917
17179870933,17179870933
17179871041,17179871041
17179871207,17179871207
17179871223,17179870108
17179871443,17179871443
17179871668,17179871668
17179871994,17179871994
17179872086,17179872086
17179872154,17179870552
17179872498,17179872498
17179872644,17179872644
17179872778,17179872778
17179872809,17179871534
17179872974,17179872974
17179872996,17179872996
17179873057,17179873057
17179873405,17179873405
17179874294,17179870859
17179874520,17179869239
17179874893,17179872796
17179875666,17179875666
17179875847,17179875847
17179876293,17179872766
17179876396,17179870195
17179876518,17179875294
17179876985,17179876985
17179877117,17179873054
17179877132,17179872848
17179877358,17179871178
17179877372,17179872930
17179877384,17179871902
17179877625,17179876702
17179877892,17179877892
17179877916,17179872959
17179877943,17179869886
17179877969,17179877969
17179878205,17179871330
17179878510,17179872145
17179878625,17179869894
17179878640,17179875443
17179878711,17179872482
17179878782,17179877760
17179878821,17179872939
17179879440,17179869442
17179879945,17179870074
17179880139,17179874969
17179880265,17179880265
17179880566,17179871663
17179880597,17179869221
17179880700,17179880700
17179880925,17179880925
17179881214,17179870898
17179881552,17179876184
17179881648,17179870507
17179882238,17179870348
17179882256,17179870256
17179882707,17179877237
17179882757,17179870017
17179882776,17179879764
17179884390,17179869642
17179884658,17179881872
17179884707,17179870195
17179884767,17179874766
17179884795,17179869597
17179885058,17179884230
17179885096,17179874891
17179885356,17179873417
17179885403,17179876370
17179885588,17179878148
17179885839,17179869950
17179885863,17179874077
17179885932,17179870670
17179885959,17179876483
17179885980,17179872944
17179886027,17179873121
17179886087,17179869850
17179886514,17179876122
17179886534,17179874549
17179886739,17179871334
17179886787,17179886787
17179887290,17179872627
17179887475,17179873756
17179887779,17179873050
17179887811,17179879060
17179887953,17179869262
17179888195,17179870402
17179888218,17179872644
17179888333,17179869689
17179888924,17179879352
17179889297,17179870817
17179889483,17179873964
17179889682,17179879989
17179889753,17179877815
17179889927,17179872093
17179890019,17179876738
17179890079,17179870377
17179890460,17179870985
17179890625,17179890625
17179890725,17179870411
17179890909,17179875156
17179891023,17179875557
17179891065,17179870323
17179891505,17179877690
17179891561,17179883579
17179891579,17179875231
17179891977,17179871846
17179892062,17179873780
17179892169,17179869976
17179893163,17179879597
17179893290,17179872862
17179893451,17179893451
17179893832,17179874140
17179893841,17179874381
17179894209,17179874020
17179894338,17179872149
17179894740,17179869310
17179894807,17179870816
17179895274,17179872040
17179895599,17179869212
17179895905,17179870541
17179896017,17179873753
17179896341,17179873418
17179896509,17179869856
17179897100,17179872401
17179897151,17179886176
17179897678,17179880669
17179898011,17179875571
17179898017,17179873226
17179898029,17179898029
17179898560,17179874666
17179898966,17179869764
17179899156,17179871637
17179899289,17179869494
17179899416,17179874227
17179899483,17179872796
17179899640,17179875785
17179899643,17179882405
17179900614,17179869396
17179900872,17179876806
17179901286,17179878425
17179901513,17179872944
17179901801,17179876185
17179902032,17179869622
17179902266,17179869455
17179902321,17179870272
17179902617,17179879419
17179869475,17179869475
17179869744,17179869744
17179870040,17179870040
17179870243,17179870243
17179870517,17179870517
17179870754,17179870754
17179871505,17179870931
17179871874,17179871874
17179871982,17179871982
17179872087,17179871807
17179872399,17179872399
17179872495,17179872495
17179873078,17179869989
17179873094,17179870987
17179873285,17179873285
17179873694,17179873694
17179873812,17179873812
17179873903,17179873903
17179873936,17179872561
17179874055,17179874055
17179874363,17179870480
17179875026,17179874673
17179875136,17179875136
17179875171,17179875171
17179875472,17179869218
17179875897,17179875242
17179876045,17179871528
17179876060,17179876060
17179876527,17179876527
17179876738,17179876738
17179876986,17179869740
17179877077,17179877077
17179877185,17179877185
17179877709,17179875698
17179878555,17179875306
17179878567,17179870935
17179878834,17179872652
17179879107,17179872725
17179879241,17179877288
17179879266,17179879266
17179879531,17179869231
17179879700,17179879700
17179879705,17179877261
17179880088,17179880088
17179880686,17179879286
17179880926,17179874035
17179881095,17179869715
17179881270,17179876063
17179881588,17179879869
17179881609,17179881609
17179881707,17179870713
17179882020,17179872241
17179882228,17179869399
17179882584,17179870716
17179882752,17179870621
17179882850,17179871841
17179883114,17179871724
17179883382,17179875072
17179883403,17179877793
17179883752,17179870936
17179883938,17179869666
17179884071,17179870195
17179884347,17179870737
17179884353,17179870922
17179884438,17179869491
17179884503,17179874371
17179884545,17179873630
17179884910,17179878773
17179885009,17179872374
17179885093,17179871843
17179885384,17179870460
17179885551,17179876685
17179885762,17179870820
17179885823,17179872286
17179885991,17179885991
17179886463,17179879992
17179886590,17179870168
17179886888,17179869564
17179887155,17179887155
17179887208,17179869186
17179887270,17179869744
17179887383,17179869320
17179887406,17179881822
17179887503,17179871729
17179887688,17179887688
17179888392,17179879709
17179888539,17179871752
17179888721,17179869684
17179888748,17179874945
17179888763,17179869903
17179888772,17179871234
17179888884,17179876217
17179888941,17179877493
17179889935,17179873783
17179889969,17179869676
17179890135,17179890135
17179890286,17179871136
17179890325,17179873257
17179890367,17179872293
17179890494,17179870959
17179890558,17179869625
17179890892,17179878392
17179891033,17179869297
17179891111,17179880353
17179891358,17179874830
17179891462,17179870012
17179891567,17179879290
17179891744,17179870507
17179892144,17179886991
17179892158,17179870357
17179892291,17179875679
17179892334,17179874965
17179892424,17179874117
17179892633,17179879658
17179892895,17179889608
17179892960,17179871780
17179893167,17179870455
17179893462,17179871298
17179893491,17179871075
17179893648,17179869528
17179893814,17179893814
17179893821,17179869964
17179893943,17179893943
17179894043,17179882689
17179894199,17179870425
17179894214,17179870064
17179894230,17179870992
17179894430,17179870640
17179894801,17179869355
17179894869,17179870944
17179895148,17179874529
17179895473,17179874730
17179895559,17179873180
17179895768,17179871177
17179896053,17179876508
17179896482,17179870320
17179896743,17179894781
17179897779,17179874879
17179897785,17179869333
17179897822,17179872977
17179897901,17179871065
17179898104,17179878928
17179898200,17179869891
17179898279,17179873429
17179898321,17179869441
17179899263,17179884578
17179899882,17179869690
17179899997,17179899997
17179900862,17179900862
17179900948,17179880167
17179900978,17179874958
17179901041,17179872965
17179901266,17179870675
17179901300,17179873837
17179901315,17179869992
17179901367,17179881817
17179901395,17179882623
17179901928,17179871179
17179902046,17179869202
17179902166,17179871317
17179902353,17179871154
17179902626,17179875390
17179869283,17179869283
17179869894,17179869894
17179869930,17179869710
17179870216,17179870216
17179871225,17179870376
17179871413,17179871413
17179871508,17179870811
17179871758,17179871758
17179871922,17179871922
17179872192,17179872192
17179872215,17179872178
17179873134,17179873134
17179873624,17179870987
17179873915,17179873915
17179873978,17179873706
17179874154,17179874154
17179874431,17179874431
17179874659,17179871009
17179874728,17179869284
17179874988,17179874988
17179875549,17179873557
17179875575,17179872711
17179876162,17179871033
17179876259,17179870670
17179876406,17179876406
17179876416,17179869703
17179876704,17179876704
17179876754,17179874875
17179876864,17179875797
17179877030,17179870332
17179877072,17179873989
17179877617,17179876797
17179877708,17179874070
17179877876,17179870936
17179878160,17179870523
17179878448,17179873487
17179878586,17179872153
17179878835,17179876778
17179878944,17179872586
17179879060,17179879060
17179879083,17179869455
17179879262,17179872399
17179880728,17179880728
17179881042,17179875324
17179881264,17179881264
17179881428,17179869252
17179881582,17179873003
17179881600,17179877662
17179881649,17179873765
17179882074,17179869355
17179882337,17179870921
17179882395,17179877848
17179882666,17179880696
17179882729,17179871553
17179882836,17179878781
17179883073,17179869649
17179883104,17179876626
17179883214,17179871550
17179883290,17179869885
17179883308,17179872065
17179883393,17179872979
17179883522,17179883522
17179883660,17179873092
17179883719,17179872609
17179883728,17179875122
17179883934,17179873016
17179883979,17179872788
17179884217,17179876615
17179884522,17179869504
17179884540,17179871485
17179884591,17179869697
17179884636,17179878841
17179885026,17179873162
17179885187,17179872680
17179885196,17179872970
17179885227,17179875726
17179885303,17179871450
17179885768,17179885768
17179885798,17179871558
17179886025,17179877886
17179886078,17179885700
17179886592,17179874891
17179886710,17179879175
17179886834,17179871112
17179887316,17179871746
17179887470,17179871691
17179887549,17179871472
17179887733,17179874812
17179888168,17179878379
17179888662,17179874133
17179888682,17179871080
17179888846,17179869470
17179889030,17179877681
17179889181,17179872006
17179889493,17179872301
17179889617,17179889617
17179889971,17179869850
17179890757,17179887890
17179891027,17179873484
17179891360,17179870476
17179891554,17179877461
17179891865,17179876005
17179892252,17179892252
17179892310,17179892310
17179892371,17179879717
17179892471,17179879406
17179892800,17179892800
17179893312,17179875642
17179893470,17179881824
17179893525,17179891720
17179893570,17179880404
17179893880,17179871609
17179894233,17179869580
17179894342,17179894342
17179894435,17179872246
17179894515,17179879989
17179894678,17179878216
17179894738,17179880127
17179894865,17179870724
17179894915,17179872269
17179894958,17179872372
17179895100,17179880080
17179895117,17179869470
17179895406,17179869345
17179895859,17179871763
17179895987,17179879178
17179896004,17179896004
17179896170,17179890695
17179896179,17179871698
17179896191,17179872008
17179896449,17179883674
17179896705,17179873486
17179896753,17179870938
17179897561,17179870124
17179897964,17179877690
17179898060,17179872095
17179898278,17179870650
17179898550,17179880485
17179898978,17179883353
17179899675,17179873717
17179899746,17179899746
17179899962,17179870919
17179899988,17179869715
17179900539,17179870753
17179901088,17179871948
17179901156,17179877552
17179901737,17179876147
17179902143,17179869715
17179869250,17179869250
17179869273,17179869273
17179869411,17179869411
17179869415,17179869415
17179869915,17179869915
17179870317,17179870317
17179870396,17179870396
17179870484,17179870484
17179870592,17179869649
17179870744,17179870744
17179871082,17179870196
17179871132,17179871132
17179871170,17179871170
17179871292,17179869886
17179871571,17179871571
17179871852,17179871852
17179872407,17179870596
17179872419,17179872419
17179872428,17179870369
17179872517,17179869678
17179872869,17179872869
17179872888,17179872888
17179873010,17179873010
17179873114,17179873114
17179873597,17179873597
17179874385,17179870289
17179874412,17179874412
17179874492,17179870168
17179874782,17179872038
17179874904,17179869589
17179874973,17179869284
17179875277,17179873366
17179875412,17179870094
17179875561,17179875561
17179875762,17179871085
17179875916,17179875916
17179875984,17179875984
17179876190,17179869403
17179876233,17179872419
17179876510,17179872068
17179876767,17179876767
17179876894,17179874539
17179877187,17179870844
17179877256,17179877256
17179877292,17179876067
17179877378,17179875046
17179877591,17179874039
17179877724,17179877724
17179877732,17179870114
17179878142,17179873168
17179878227,17179874159
17179878417,17179869869
17179878765,17179869940
17179878860,17179878860
17179878997,17179871466
17179879046,17179870315
17179879291,17179870344
17179880229,17179875235
17179880365,17179880128
17179880405,17179873309
17179880811,17179870054
17179880884,17179872418
17179881067,17179872732
17179881069,17179871877
17179881250,17179881250
17179881349,17179869649
17179881791,17179876394
17179881918,17179869352
17179881973,17179881973
17179881981,17179877795
17179882105,17179870344
17179882232,17179882232
17179882456,17179873642
17179882592,17179869619
17179882660,17179872515
17179882852,17179870038
17179883071,17179872191
17179883170,17179875238
17179883203,17179871750
17179884113,17179869855
17179884324,17179875449
17179884805,17179871470
17179884967,17179878330
17179884993,17179869239
17179885037,17179875846
17179885339,17179885339
17179885341,17179885341
17179885723,17179871190
17179885741,17179881822
17179885896,17179869940
17179886012,17179886012
17179886089,17179879123
17179886415,17179869434
17179886425,17179875230
17179886662,17179885659
17179886935,17179870372
17179887413,17179883988
17179887428,17179870092
17179887459,17179887459
17179887980,17179878522
17179888050,17179888050
17179888065,17179869285
17179888077,17179869950
17179888096,17179881013
17179888355,17179876645
17179888587,17179878317
17179889277,17179889277
17179889391,17179870609
17179889917,17179870183
17179889954,17179870475
17179890372,17179875810
17179890375,17179873905
17179890846,17179886698
17179891089,17179869919
17179891098,17179891098
17179891191,17179882762
17179891278,17179870907
17179891371,17179875990
17179891479,17179888891
17179891585,17179879680
17179892124,17179874249
17179892531,17179892531
17179892636,17179874988
17179892669,17179879304
17179892673,17179872788
17179892853,17179869804
17179893064,17179873147
17179893088,17179878252
17179893090,17179893090
17179893161,17179870176
17179893191,17179869524
17179893217,17179872474
17179893614,17179870619
17179893663,17179869984
17179893959,17179873956
17179893977,17179877906
17179894406,17179869710
17179894542,17179881687
17179894544,17179872706
17179894599,17179879419
17179895021,17179895021
17179895336,17179871910
17179895470,17179870478
17179896078,17179871840
17179896213,17179896213
17179896379,17179872706
17179896478,17179883366
17179896557,17179896557
17179896745,17179879875
17179896940,17179874876
17179897003,17179871138
17179897154,17179875115
17179897254,17179870931
17179897285,17179874549
17179897588,17179897588
17179898010,17179869625
17179898032,17179869697
17179898040,17179878422
17179898160,17179880484
17179898241,17179874293
17179898274,17179871852
17179898505,17179898505
17179898582,17179871668
17179898696,17179870000
17179899133,17179869440
17179899177,17179874514
17179899634,17179872038
17179900042,17179870073
17179900325,17179869637
17179900709,17179874135
17179900785,17179869410
17179901551,17179869510
17179902074,17179873855
17179902149,17179871388
17179902180,17179870757
17179902215,17179869263
17179902420,17179881365
17179902441,17179869409
17179869444,17179869444
17179869538,17179869538
17179869636,17179869636
17179869700,17179869700
17179869867,17179869867
17179869952,17179869952
17179870060,17179870060
17179870254,17179870254
17179870367,17179869712
17179870416,17179870416
17179870580,17179870580
17179870639,17179870639
17179870689,17179870689
17179870732,17179869514
17179870868,17179870868
17179871062,17179869310
17179871254,17179869381
17179871701,17179870517
17179871853,17179871112
17179871893,17179871893
17179872009,17179871418
17179872015,17179872015
17179872424,17179872424
17179872574,17179872574
17179872687,17179871846
17179872820,17179872820
17179872896,17179872896
17179873075,17179869519
17179873335,17179873335
17179873522,17179871632
17179873588,17179873588
17179873666,17179871592
17179873713,17179869967
17179873767,17179870191
17179873788,17179870993
17179874040,17179874040
17179874066,17179872905
17179874110,17179874110
17179874386,17179874386
17179874411,17179874411
17179874483,17179871472
17179876121,17179869314
17179876320,17179871789
17179876798,17179871174
17179876862,17179874830
17179876901,17179872061
17179877204,17179876074
17179877996,17179877996
17179878063,17179869615
17179878277,17179875235
17179878620,17179878620
17179879116,17179876541
17179879207,17179875110
17179879415,17179879415
17179879623,17179879623
17179879691,17179871153
17179879785,17179870076
17179879943,17179869387
17179880007,17179869278
17179880015,17179869239
17179880307,17179870257
17179880492,17179880492
17179880629,17179870259
17179880639,17179870982
17179880759,17179871871
17179880994,17179875992
17179881001,17179872644
17179881224,17179873582
17179881279,17179870000
17179881408,17179880708
17179881584,17179871237
17179881601,17179880894
17179882031,17179873418
17179882038,17179870040
17179882068,17179882068
17179882891,17179882189
17179882956,17179871918
17179883352,17179874603
17179883451,17179870903
17179884281,17179870192
17179884362,17179877056
17179884638,17179870388
17179884819,17179869730
17179884863,17179870745
17179885057,17179885057
17179885061,17179873781
17179885157,17179879735
17179885343,17179872813
17179885477,17179875989
17179885550,17179870236
17179885608,17179870021
17179885747,17179875759
17179885794,17179869207
17179885860,17179869387
17179886011,17179878848
17179886035,17179869305
17179886334,17179874186
17179886447,17179873129
17179886815,17179870875
17179886821,17179871599
17179887143,17179877796
17179887228,17179871823
17179887240,17179872389
17179887286,17179870225
17179887321,17179875324
17179887455,17179882940
17179887508,17179871258
17179887799,17179874609
17179887810,17179871467
17179887954,17179875875
17179888231,17179888231
17179888250,17179874268
17179888305,17179877601
17179888323,17179870124
17179888760,17179870015
17179889002,17179871138
17179889861,17179874354
17179890364,17179890364
17179890400,17179873963
17179890639,17179870312
17179890949,17179877442
17179891338,17179874030
17179891435,17179874010
17179891592,17179870503
17179891605,17179891605
17179891703,17179880263
17179891704,17179878216
17179891886,17179883064
17179891907,17179873123
17179892052,17179870420
17179892120,17179872051
17179892402,17179870893
17179892681,17179869471
17179892843,17179878168
17179892882,17179870982
17179893243,17179878839
17179893396,17179870131
17179893477,17179870875
17179894019,17179873297
17179894176,17179871590
17179894625,17179869896
17179894941,17179873190
17179895029,17179895029
17179895707,17179883559
17179895854,17179872753
17179896085,17179872937
17179896385,17179873221
17179896609,17179874186
17179897380,17179897380
17179897505,17179874078
17179897762,17179869933
17179898002,17179898002
17179898133,17179870220
17179898487,17179898487
17179898680,17179873399
17179899129,17179872506
17179899840,17179880222
17179899888,17179884995
17179900040,17179876778
17179901169,17179893277
17179901205,17179874712
17179901892,17179882795
17179902030,17179890362
17179902607,17179869656
17179869207,17179869207
17179869254,17179869254
17179869268,17179869268
17179869711,17179869711
17179869762,17179869762
17179869888,17179869888
17179870038,17179870038
17179870797,17179870797
17179871005,17179870969
17179871030,17179871030
17179871396,17179871396
17179871497,17179871497
17179872158,17179872158
17179872605,17179870461
17179872794,17179870324
17179873043,17179873043
17179873046,17179872468
17179873230,17179873230
17179873283,17179873283
17179873459,17179872648
17179873573,17179871724
17179873576,17179869434
17179873799,17179872753
17179873834,17179869701
17179873853,17179873853
17179874338,17179873432
17179874350,17179872745
17179874759,17179872054
17179874780,17179870099
17179875120,17179875120
17179875169,17179871066
17179875265,17179875265
17179875306,17179875306
17179875414,17179870550
17179875622,17179874952
17179876169,17179876169
17179876296,17179876296
17179876572,17179870206
17179877040,17179877040
17179877122,17179877122
17179877130,17179875805
17179877274,17179873873
17179877505,17179869509
17179877912,17179877912
17179877992,17179876905
17179878069,17179878069
17179878759,17179874665
17179878790,17179869314
17179878990,17179870950
17179879097,17179871212
17179879356,17179875245
17179879398,17179873999
17179879697,17179871734
17179879709,17179879709
17179880291,17179876382
17179880304,17179870324
17179880353,17179880353
17179880479,17179880479
17179880590,17179871600
17179880617,17179880617
17179880628,17179872524
17179880702,17179869434
17179880793,17179880793
17179881139,17179881139
17179881455,17179875635
17179881560,17179873977
17179882756,17179882756
17179882965,17179882965
17179882988,17179869616
17179883232,17179871815
17179883873,17179875214
17179884093,17179874136
17179884184,17179876029
17179884218,17179875007
17179884420,17179869256
17179884477,17179869858
17179884506,17179871143
17179884859,17179882301
17179885098,17179873925
17179885222,17179869865
17179885607,17179878050
17179885648,17179869649
17179885748,17179885748
17179885784,17179877494
17179886781,17179869483
17179886982,17179886982
17179887217,17179869386
17179887230,17179872128
17179887284,17179887284
17179888008,17179879355
17179888665,17179872314
17179888826,17179871480
17179888880,17179874210
17179889078,17179889078
17179889102,17179875046
17179889405,17179869596
17179890055,17179877658
17179890229,17179874211
17179890478,17179884431
17179890673,17179881102
17179890692,17179871356
17179890870,17179869563
17179890918,17179871027
17179891021,17179891021
17179891055,17179877152
17179891248,17179872441
17179891768,17179891768
17179891844,17179872119
17179892249,17179874819
17179892302,17179873782
17179892338,17179870061
17179892393,17179892393
17179892683,17179870084
17179892937,17179880891
17179892990,17179870491
17179893100,17179869356
17179893231,17179873714
17179893281,17179873670
17179893616,17179880937
17179893856,17179873855
17179893905,17179876360
17179893923,17179887167
17179894067,17179875774
17179894228,17179869489
17179894356,17179871917
17179894479,17179869839
17179894811,17179869284
17179894875,17179872454
17179895161,17179873703
17179895395,17179869697
17179896181,17179893277
17179896229,17179870551
17179896939,17179874730
17179897465,17179871521
17179897468,17179892531
17179897585,17179879770
17179897689,17179869581
17179897798,17179878153
17179898027,17179885818
17179898103,17179869256
17179898212,17179871245
17179898548,17179872003
17179898561,17179882068
17179898624,17179873518
17179898889,17179872265
17179898934,17179873275
17179899288,17179899288
17179899679,17179889535
17179899682,17179877493
17179899697,17179871810
17179900514,17179900514
17179900837,17179870312
17179900904,17179876702
17179901406,17179871252
17179901414,17179874280
17179901603,17179869533
17179901613,17179870947
17179901659,17179869332
17179901945,17179873027
17179902335,17179902335
17179902397,17179902397
17179902533,17179877010
17179902608,17179874040
17179869249,17179869249
17179869685,17179869685
17179870066,17179870054
17179870364,17179870092
17179870600,17179870600
17179870696,17179870696
17179870781,17179870781
17179870899,17179870899
17179871096,17179871096
17179871149,17179871149
17179871263,17179871263
17179871489,17179871489
17179871625,17179871194
17179871961,17179871961
17179872153,17179872153
17179872770,17179869696
17179873199,17179873199
17179873223,17179873223
17179873238,17179873238
17179873569,17179873569
17179873730,17179871854
17179873804,17179873804
17179873910,17179873910
17179874001,17179871871
17179874111,17179869848
17179874445,17179874445
17179874745,17179874745
17179874785,17179873915
17179874880,17179874880
17179874887,17179874887
17179874915,17179874915
17179875012,17179874684
17179875195,17179870782
17179875636,17179870210
17179875696,17179875696
17179875823,17179869460
17179875856,17179874436
17179875903,17179875903
17179876069,17179875211
17179876154,17179874493
17179876165,17179876165
17179876370,17179876370
17179876786,17179869212
17179876981,17179876981
17179877048,17179871040
17179877268,17179874815
17179877272,17179872028
17179877375,17179875851
17179877491,17179870789
17179878172,17179871230
17179878381,17179870724
17179878503,17179871247
17179878718,17179872383
17179878745,17179878745
17179878947,17179877853
17179879019,17179876377
17179879151,17179877830
17179879155,17179875987
17179879179,17179879179
17179879232,17179878796
17179879368,17179874130
17179879492,17179870982
17179880120,17179869484
17179880270,17179878665
17179880713,17179880713
17179880730,17179872900
17179881373,17179881373
17179881468,17179881264
17179881576,17179872025
17179881674,17179876767
17179881877,17179876895
17179881946,17179881946
17179882429,17179871511
17179882479,17179870914
17179882551,17179876459
17179883127,17179872134
17179883793,17179871986
17179883808,17179883808
17179883815,17179869406
17179884512,17179871012
17179884788,17179877788
17179885209,17179885209
17179885310,17179873810
17179885853,17179873939
17179886090,17179873330
17179886408,17179869931
17179886451,17179886451
17179886516,17179882620
17179886651,17179875782
17179886795,17179869669
17179886803,17179870428
17179886992,17179873989
17179886993,17179870916
17179886997,17179876369
17179887019,17179870081
17179887241,17179886036
17179887322,17179887322
17179887366,17179875165
17179887403,17179871491
17179887427,17179887427
17179887607,17179869710
17179887820,17179869756
17179888440,17179882212
17179888457,17179869692
17179888680,17179877279
17179888922,17179872826
17179889581,17179870891
17179889688,17179881824
17179889992,17179869850
17179890121,17179871298
17179890165,17179873488
17179890169,17179869775
17179890518,17179873116
17179890631,17179874755
17179890700,17179871933
17179890772,17179879403
17179890913,17179869329
17179891056,17179871871
17179891347,17179870487
17179891451,17179881066
17179891495,17179872580
17179891746,17179891746
17179892021,17179876369
17179892108,17179877660
17179892115,17179869233
17179892220,17179873538
17179892353,17179870092
17179892573,17179883388
17179892933,17179871638
17179893153,17179893153
17179893197,17179893197
17179893288,17179869849
17179893307,17179877607
17179893697,17179872445
17179893818,17179872156
17179893994,17179879692
17179894260,17179871529
17179894423,17179870818
17179894643,17179877946
17179894730,17179888425
17179894863,17179878807
17179894947,17179876902
17179895052,17179877814
17179895074,17179871112
17179895246,17179877566
17179895346,17179874021
17179895522,17179875112
17179895685,17179873694
17179896102,17179877016
17179896417,17179871077
17179896418,17179878600
17179896992,17179871230
17179897261,17179874217
17179897520,17179871337
17179897656,17179869983
17179897931,17179871843
17179897991,17179877046
17179898280,17179873387
17179899087,17179899087
17179899091,17179873381
17179899293,17179869444
17179899849,17179871354
17179899924,17179869808
17179899939,17179871651
17179899951,17179887459
17179900006,17179869784
17179900029,17179900029
17179900045,17179869455
17179900578,17179888143
17179900742,17179871195
17179900989,17179870091
17179901421,17179876340
17179901484,17179877085
17179901662,17179899892
17179901843,17179901843
17179902123,17179873518
17179902276,17179872352
17179902325,17179869852
17179902585,17179878603
17179869298,17179869298
17179869457,17179869457
17179870047,17179869544
17179870127,17179870127
17179870378,17179869805
17179870525,17179870525
17179870612,17179870612
17179870638,17179870638
17179870707,17179870707
17179871447,17179871204
17179871499,17179871499
17179872303,17179872303
17179872435,17179871739
17179872642,17179872642
17179872789,17179872789
17179873101,17179873101
17179873184,17179872444
17179873304,17179873304
17179873334,17179872033
17179873750,17179873750
17179873821,17179872833
17179873942,17179871619
17179874129,17179874129
17179874222,17179871155
17179874231,17179874231
17179874629,17179874629
17179874661,17179874661
17179874753,17179874753
17179874930,17179874930
17179875058,17179875058
17179875280,17179875280
17179875639,17179875639
17179875675,17179869715
17179875714,17179875714
17179875810,17179875810
17179876203,17179874271
17179876432,17179876432
17179876542,17179874565
17179876573,17179869362
17179876878,17179876878
17179877093,17179869212
17179877521,17179877521
17179878112,17179871681
17179878116,17179878116
17179878125,17179870893
17179878236,17179871453
17179878264,17179870027
17179878539,17179870838
17179878572,17179877557
17179878697,17179878697
17179878842,17179870334
17179880030,17179874924
17179880127,17179880127
17179880305,17179878865
17179880652,17179873750
17179880752,17179870740
17179880794,17179873116
17179881142,17179873815
17179881149,17179877468
17179881585,17179873781
17179882000,17179873145
17179882307,17179871620
17179882563,17179870143
17179882656,17179871815
17179882661,17179870418
17179882722,17179874468
17179882966,17179871470
17179883190,17179873274
17179883359,17179876170
17179883763,17179871855
17179884169,17179878474
17179884212,17179870257
17179884296,17179884296
17179884798,17179881250
17179884860,17179884860
17179885609,17179879438
17179885661,17179870480
17179886094,17179873507
17179886432,17179869603
17179886634,17179871734
17179886675,17179882851
17179887496,17179875004
17179887585,17179874093
17179887623,17179869254
17179887864,17179887864
17179887976,17179871638
17179888091,17179876905
17179888188,17179875137
17179888470,17179888470
17179888527,17179872542
17179888755,17179870505
17179888882,17179888882
17179889018,17179870074
17179889024,17179889024
17179889151,17179872330
17179889306,17179870602
17179889626,17179879304
17179890011,17179871253
17179890073,17179878272
17179890092,17179870028
17179890119,17179871679
17179890465,17179873986
17179890793,17179873741
17179890919,17179876537
17179890960,17179870352
17179891134,17179879978
17179891425,17179871552
17179891572,17179869625
17179891616,17179873310
17179892657,17179870804
17179892726,17179875228
17179892822,17179870477
17179892950,17179873793
17179893144,17179893144
17179893439,17179870811
17179893458,17179893458
17179893564,17179870829
17179893752,17179872356
17179893828,17179882313
17179893946,17179869376
17179893947,17179874433
17179894092,17179884255
17179894191,17179873272
17179894213,17179871332
17179894261,17179870442
17179894929,17179871205
17179895007,17179872461
17179895020,17179871944
17179895154,17179870214
17179895242,17179879824
17179895353,17179879597
17179895511,17179869886
17179895641,17179875324
17179896011,17179869407
17179896059,17179876135
17179896195,17179869223
17179896348,17179870065
17179896867,17179896867
17179896994,17179880611
17179897245,17179897245
17179897253,17179872391
17179897326,17179869626
17179897544,17179876730
17179897596,17179891209
17179897621,17179869190
17179897816,17179874265
17179897916,17179870216
17179898021,17179871715
17179898117,17179869723
17179898275,17179877223
17179898290,17179882063
17179898390,17179874776
17179898513,17179876327
17179898718,17179871619
17179898788,17179872026
17179899007,17179869352
17179899045,17179870716
17179899183,17179882230
17179899381,17179875576
17179899401,17179874661
17179899641,17179871910
17179899681,17179876008
17179899741,17179869649
17179899742,17179887121
17179900068,17179871910
17179900142,17179874891
17179900848,17179875945
17179901101,17179871112
17179901275,17179875246
17179901385,17179869802
17179901474,17179901474
17179902304,17179892638
17179902498,17179873436
17179902526,17179873283
17179869200,17179869200
17179869572,17179869572
17179869970,17179869970
17179870328,17179870328
17179870371,17179870074
17179870862,17179870862
17179871218,17179870014
17179871227,17179871227
17179871430,17179871430
17179871469,17179871469
17179871586,17179871586
17179871822,17179871822
17179871828,17179871828
17179871844,17179871466
17179872275,17179869732
17179872412,17179872321
17179872465,17179870064
17179872550,17179872550
17179872713,17179869801
17179872734,17179872734
17179872924,17179872924
17179872945,17179870054
17179873068,17179873068
17179873111,17179870874
17179873241,17179873241
17179873350,17179869286
17179873477,17179873477
17179873582,17179873582
17179873673,17179871531
17179873685,17179873685
17179874054,17179874054
17179874645,17179874528
17179874938,17179870329
17179874946,17179874946
17179875010,17179874226
17179875073,17179875073
17179875221,17179869453
17179875294,17179875294
17179875383,17179871846
17179875403,17179869597
17179875475,17179875475
17179875483,17179873538
17179875869,17179875869
17179875899,17179869518
17179876090,17179875318
17179876223,17179876223
17179876605,17179874313
17179876781,17179869940
17179877287,17179873621
17179877537,17179871242
17179877575,17179869237
17179877900,17179872506
17179878483,17179870275
17179878915,17179878915
17179878993,17179870804
17179879231,17179870998
17179879249,17179872397
17179879588,17179872512
17179879959,17179878987
17179879992,17179879992
17179880013,17179870015
17179880186,17179871548
17179880515,17179869954
17179880872,17179869919
17179880936,17179872726
17179881137,17179876878
17179881616,17179873239
17179881836,17179877414
17179881938,17179870051
17179882322,17179869584
17179882412,17179882412
17179883041,17179875578
17179883348,17179883348
17179883362,17179874358
17179883437,17179873897
17179883499,17179875667
17179883560,17179873483
17179884062,17179874119
17179884360,17179880082
17179884436,17179884436
17179884457,17179884457
17179884641,17179872836
17179884713,17179881046
17179885144,17179873526
17179885233,17179869237
17179885431,17179869271
17179886159,17179874227
17179886164,17179872454
17179886294,17179885893
17179886475,17179870097
17179886738,17179881439
17179886748,17179875665
17179886914,17179870249
17179887151,17179876911
17179887340,17179874830
17179887423,17179878945
17179887647,17179887647
17179887671,17179883700
17179888130,17179877846
17179888202,17179872541
17179888257,17179884065
17179888843,17179870919
17179888869,17179873340
17179889119,17179871169
17179889847,17179869525
17179890212,17179873907
17179890583,17179870653
17179890893,17179890893
17179891072,17179880128
17179891378,17179891378
17179891811,17179886628
17179891828,17179872471
17179891867,17179880426
17179892166,17179878945
17179892512,17179881167
17179892552,17179875852
17179892863,17179892863
17179892952,17179881862
17179892955,17179869596
17179892978,17179875694
17179892983,17179892983
17179893465,17179871112
17179893513,17179893513
17179893647,17179893647
17179893862,17179872638
17179894010,17179883413
17179894143,17179871789
17179894299,17179869221
17179894688,17179872325
17179895077,17179869586
17179895790,17179875988
17179895800,17179883968
17179895970,17179871499
17179895998,17179881135
17179896231,17179872715
17179896638,17179870372
17179896847,17179896847
17179897018,17179877046
17179897097,17179881247
17179897280,17179884573
17179897671,17179870670
17179898217,17179869649
17179898338,17179870531
17179898353,17179869608
17179898475,17179898475
17179898500,17179870358
17179898620,17179873682
17179898803,17179873594
17179898841,17179878052
17179899433,17179879631
17179899473,17179870925
17179899577,17179899577
17179899973,17179874590
17179900251,17179870054
17179900484,17179869598
17179900533,17179883146
17179900598,17179869483
17179900627,17179869544
17179900750,17179872359
17179900754,17179877181
17179900821,17179869919
17179901092,17179901092
17179901143,17179877227
17179901167,17179873557
17179901248,17179871116
17179901376,17179897777
17179901381,17179893843
17179901506,17179869630
17179902357,17179883770
17179869426,17179869426
17179869448,17179869448
17179869858,17179869858
17179870046,17179870046
17179870070,17179869427
17179870388,17179870388
17179870426,17179870426
17179870446,17179870446
17179870566,17179870566
17179870775,17179870775
17179871266,17179871266
17179871507,17179871507
17179872608,17179871487
17179873023,17179869324
17179873115,17179869297
17179873243,17179873243
17179873261,17179872155
17179873353,17179873353
17179873461,17179869835
17179873561,17179873190
17179873837,17179873837
17179873982,17179871044
17179874056,17179874056
17179874113,17179874113
17179874150,17179874150
17179874171,17179874171
17179874324,17179874324
17179874334,17179872184
17179874437,17179870268
17179874572,17179873972
17179875085,17179873782
17179875105,17179869423
17179875246,17179875246
17179875330,17179875330
17179875805,17179875805
17179876487,17179869319
17179876519,17179870283
17179876568,17179871846
17179877214,17179876387
17179877248,17179869621
17179877298,17179871151
17179877319,17179874311
17179877457,17179870198
17179877741,17179871054
17179877743,17179871424
17179878341,17179878341
17179878744,17179870630
17179878763,17179878763
17179878791,17179878791
17179879276,17179874890
17179879626,17179871400
17179879825,17179870238
17179879840,17179870312
17179880103,17179880103
17179880134,17179870330
17179880325,17179870460
17179880651,17179871781
17179880714,17179880714
17179880741,17179880741
17179880929,17179870115
17179881011,17179870195
17179881031,17179870903
17179881177,17179881163
17179881355,17179869475
17179881959,17179879962
17179882035,17179882035
17179882049,17179880418
17179882293,17179878928
17179882299,17179869362
17179882329,17179882329
17179882400,17179877919
17179882558,17179869259
17179882593,17179874024
17179882700,17179870650
17179882800,17179882800
17179882835,17179871737
17179883154,17179870481
17179883169,17179883169
17179883286,17179870085
17179883344,17179869715
17179883615,17179870652
17179883851,17179873199
17179884817,17179871425
17179884911,17179869944
17179885645,17179872322
17179886084,17179869382
17179886097,17179872726
17179886165,17179877629
17179886356,17179871064
17179886825,17179869221
17179886827,17179874309
17179887721,17179871521
17179887827,17179887827
17179888033,17179872422
17179888209,17179870385
17179888474,17179879240
17179888644,17179869822
17179888730,17179876492
17179888860,17179871370
17179888972,17179881848
17179889116,17179889116
17179889230,17179876111
17179889628,17179869592
17179889657,17179870704
17179889681,17179873938
17179889797,17179871129
17179890261,17179869758
17179890305,17179874063
17179890669,17179877973
17179890940,17179870811
17179891047,17179876317
17179892012,17179873310
17179892091,17179875894
17179892301,17179869354
17179892506,17179873856
17179892660,17179870424
17179892718,17179878317
17179892943,17179870343
17179893092,17179869950
17179893476,17179870829
17179893649,17179873891
17179893690,17179873057
17179893699,17179871802
17179894020,17179872649
17179894034,17179871147
17179894068,17179869692
17179894282,17179872783
17179894513,17179894513
17179894526,17179873750
17179894721,17179894721
17179895008,17179872332
17179895062,17179895062
17179895365,17179873993
17179895610,17179871275
17179895858,17179895858
17179895947,17179871084
17179896856,17179886370
17179896879,17179896879
17179897327,17179875643
17179897570,17179874211
17179897659,17179876969
17179898046,17179870954
17179898114,17179874287
17179898238,17179869675
17179898449,17179870650
17179898651,17179869490
17179898708,17179880032
17179899138,17179879459
17179899310,17179874891
17179899422,17179873765
17179899482,17179869914
17179899906,17179882683
17179900002,17179880360
17179900199,17179871982
17179900219,17179870114
17179900370,17179875967
17179900405,17179900405
17179900555,17179874745
17179900577,17179877301
17179900655,17179885918
17179900695,17179900695
17179900893,17179869715
17179901348,17179873712
17179901456,17179870770
17179901524,17179888821
17179901555,17179872771
17179901762,17179871555
17179901818,17179870331
17179901905,17179870170
17179902296,17179869940
17179869233,17179869233
17179869346,17179869346
17179869693,17179869693
17179869893,17179869893
17179870164,17179870164
17179870581,17179870581
17179870724,17179870724
17179871721,17179871721
17179871755,17179871755
17179872034,17179872026
17179872283,17179871633
17179872855,17179872855
17179873336,17179873336
17179873520,17179873520
17179873537,17179873525
17179873841,17179869371
17179873946,17179873946
17179874190,17179873798
17179874347,17179874347
17179874510,17179870487
17179874678,17179874678
17179874769,17179874769
17179874822,17179874822
17179875080,17179875080
17179875194,17179875194
17179876358,17179876358
17179876854,17179871496
17179876875,17179872110
17179877232,17179869923
17179877513,17179877513
17179877623,17179877623
17179877735,17179871104
17179877848,17179877848
17179877895,17179877895
17179877977,17179872246
17179877982,17179871546
17179878561,17179870089
17179878609,17179873443
17179878826,17179875738
17179878875,17179869692
17179879357,17179879357
17179879584,17179872463
17179879814,17179871410
17179879900,17179872729
17179879919,17179876490
17179880078,17179874803
17179880154,17179872030
17179880220,17179880220
17179880452,17179872004
17179880496,17179869969
17179880747,17179880747
17179881027,17179874075
17179881039,17179869378
17179881119,17179881119
17179881211,17179881211
17179881473,17179870802
17179881572,17179872785
17179881783,17179881783
17179881897,17179869972
17179882009,17179882009
17179882160,17179870560
17179882275,17179872791
17179882277,17179882277
17179882424,17179870997
17179882503,17179869196
17179882565,17179871743
17179882970,17179869969
17179883171,17179872482
17179883285,17179872711
17179883363,17179872801
17179883365,17179883365
17179883469,17179872285
17179883549,17179883549
17179883762,17179870134
17179884270,17179872639
17179884592,17179871433
17179884771,17179873558
17179884826,17179884826
17179885132,17179870227
17179885273,17179869722
17179885491,17179885491
17179885749,17179885749
17179885964,17179885964
17179886570,17179873033
17179886963,17179870170
17179887210,17179873387
17179887708,17179871066
17179887782,17179876498
17179887868,17179876825
17179887891,17179887891
17179888373,17179870090
17179888450,17179879793
17179889192,17179873696
17179889380,17179889380
17179890288,17179871213
17179890549,17179878522
17179890652,17179874840
17179891374,17179881642
17179891534,17179873900
17179891883,17179870114
17179891933,17179874163
17179891973,17179873819
17179892400,17179870373
17179892525,17179871624
17179892634,17179871966
17179892818,17179874766
17179893584,17179870977
17179894047,17179869715
17179894301,17179870231
17179894693,17179876797
17179894800,17179894800
17179895075,17179869441
17179895167,17179876654
17179895175,17179873279
17179895177,17179871648
17179895586,17179878140
17179895600,17179883404
17179895629,17179877928
17179895646,17179878864
17179896403,17179869711
17179896663,17179871603
17179897020,17179882620
17179897051,17179874366
17179897347,17179875989
17179897476,17179872558
17179897737,17179897737
17179897739,17179877618
17179897754,17179872628
17179898170,17179877195
17179898188,17179873890
17179898306,17179880426
17179898323,17179871237
17179898493,17179871637
17179898521,17179874995
17179899458,17179899458
17179899544,17179871644
17179899816,17179871510
17179900273,17179873025
17179900306,17179876074
17179900394,17179875198
17179900437,17179870885
17179900567,17179881417
17179900621,17179869994
17179901247,17179872755
17179901788,17179891714
17179901844,17179877105
17179902056,17179869715
17179902275,17179873753
17179869221,17179869221
17179869286,17179869286
17179869919,17179869919
17179870064,17179870064
17179870250,17179870250
17179870642,17179870642
17179870845,17179870845
17179870895,17179869269
17179870937,17179870937
17179870963,17179870963
17179871117,17179870173
17179871147,17179871147
17179871472,17179871472
17179871518,17179871518
17179871694,17179871694
17179871815,17179871815
17179872273,17179872273
17179872408,17179872408
17179872482,17179872482
17179872555,17179872555
17179872643,17179872643
17179872805,17179872805
17179872815,17179872815
17179872828,17179872828
17179872831,17179872831
17179872836,17179872836
17179873292,17179873292
17179873492,17179872314
17179873518,17179873518
17179873633,17179873633
17179873846,17179869475
17179873911,17179871399
17179873961,17179873961
17179874143,17179872351
17179874158,17179873974
17179874554,17179871650
17179874581,17179874581
17179874605,17179874605
17179874671,17179874671
17179874804,17179874804
17179875233,17179875233
17179875478,17179873399
17179875738,17179875738
17179875819,17179870621
17179876874,17179874417
17179876982,17179873915
17179877029,17179877029
17179877545,17179877545
17179877671,17179877671
17179877763,17179877422
17179878017,17179878000
17179878159,17179876013
17179878853,17179872788
17179878855,17179873081
17179878971,17179871432
17179879029,17179872639
17179879203,17179872233
17179879329,17179871908
17179879351,17179870480
17179879522,17179872711
17179879638,17179874550
17179879660,17179872348
17179879710,17179873486
17179880025,17179875324
17179880077,17179880077
17179880482,17179880482
17179880812,17179880812
17179881086,17179877185
17179881278,17179876943
17179881416,17179881416
17179881507,17179869474
17179881741,17179869826
17179881969,17179871037
17179882206,17179881972
17179882271,17179869625
17179882330,17179875600
17179882445,17179882445
17179882515,17179882515
17179882596,17179870015
17179882811,17179869715
17179883238,17179883238
17179883431,17179873685
17179883476,17179874513
17179883585,17179876185
17179883768,17179871285
17179884288,17179872979
17179884459,17179870340
17179884672,17179884278
17179884807,17179869417
17179884837,17179884837
17179884885,17179877792
17179884907,17179884907
17179884921,17179876370
17179885251,17179874211
17179885641,17179870034
17179885956,17179880421
17179886353,17179871681
17179886400,17179869817
17179886423,17179870092
17179886499,17179869213
17179886820,17179870442
17179886841,17179885890
17179887334,17179869864
17179887342,17179876654
17179887347,17179870277
17179887504,17179887501
17179887578,17179876473
17179888003,17179875238
17179888190,17179875647
17179888254,17179870184
17179888492,17179872081
17179888686,17179871995
17179888883,17179870884
17179888886,17179872753
17179888992,17179871491
17179889001,17179869967
17179889015,17179877955
17179889122,17179875507
17179889530,17179877429
17179889704,17179875066
17179889710,17179870593
17179889879,17179873589
17179889943,17179876029
17179889962,17179871645
17179889979,17179874687
17179890159,17179874505
17179890351,17179870376
17179890393,17179879600
17179890691,17179869572
17179890900,17179871871
17179890920,17179869476
17179890938,17179869720
17179891083,17179874377
17179891086,17179884004
17179891501,17179869715
17179891507,17179871605
17179891654,17179869670
17179891910,17179874569
17179892574,17179878770
17179892880,17179870374
17179893188,17179877662
17179893208,17179871112
17179893270,17179872296
17179893327,17179870611
17179893420,17179875851
17179893668,17179873058
17179893722,17179876099
17179893799,17179871982
17179894247,17179876645
17179894576,17179870370
17179894777,17179881573
17179895147,17179879815
17179895371,17179871128
17179895491,17179872372
17179895662,17179869434
17179896434,17179896434
17179896552,17179881159
17179896810,17179881556
17179896831,17179884127
17179896838,17179872056
17179896943,17179877261
17179897031,17179869586
17179897440,17179875187
17179898171,17179873462
17179898403,17179873062
17179898439,17179898439
17179898817,17179869284
17179898954,17179873340
17179899024,17179870804
17179899155,17179869441
17179899642,17179869826
17179900278,17179871499
17179901051,17179869655
17179901110,17179871700
17179901178,17179875902
17179901189,17179869522
17179901503,17179885533
17179901654,17179877942
17179901710,17179871950
17179902155,17179873379
17179902168,17179873178
17179902320,17179876538
17179902433,17179881972
17179869335,17179869335
17179869401,17179869401
17179869996,17179869996
17179870444,17179870444
17179870786,17179870786
17179870905,17179870905
17179870952,17179870952
17179871023,17179871023
17179871184,17179871184
17179871196,17179869186
17179871243,17179871243
17179871665,17179871665
17179871673,17179871355
17179871794,17179871322
17179872054,17179872054
17179872131,17179872131
17179872467,17179871169
17179872532,17179872351
17179872709,17179872019
17179872995,17179872995
17179873264,17179872388
17179873324,17179873315
17179873402,17179872004
17179873700,17179873700
17179873952,17179871826
17179873996,17179873996
17179874479,17179869888
17179875270,17179873064
17179875328,17179875328
17179875530,17179872856
17179875548,17179871277
17179876467,17179872065
17179876488,17179870331
17179876865,17179876865
17179877153,17179874412
17179877184,17179877184
17179877404,17179873756
17179877710,17179871257
17179877866,17179871837
17179878024,17179878024
17179878094,17179872186
17179878320,17179875933
17179878488,17179878488
17179878627,17179870982
17179879016,17179870177
17179879066,17179879066
17179879077,17179879077
17179879128,17179871012
17179879247,17179878436
17179879263,17179879263
17179879741,17179871671
17179879838,17179874803
17179879915,17179871141
17179880006,17179877879
17179880253,17179874526
17179880320,17179869858
17179880724,17179869537
17179880903,17179869469
17179881157,17179869356
17179881350,17179869186
17179881447,17179875330
17179881494,17179876480
17179881695,17179869623
17179882110,17179871340
17179882190,17179871525
17179882511,17179875325
17179882595,17179873151
17179882733,17179882733
17179883166,17179883166
17179883242,17179874873
17179883616,17179869400
17179883756,17179874678
17179884384,17179870005
17179884470,17179881999
17179884664,17179870368
17179884683,17179873487
17179884733,17179870993
17179885017,17179873773
17179885043,17179869674
17179885268,17179869490
17179885296,17179871027
17179885480,17179885480
17179885687,17179874834
17179885876,17179881556
17179885965,17179880368
17179886114,17179870043
17179886261,17179873587
17179886305,17179870588
17179886350,17179869473
17179886793,17179871555
17179886944,17179874652
17179887128,17179887128
17179887239,17179870933
17179887353,17179887353
17179887411,17179872642
17179887567,17179876165
17179887638,17179875037
17179887640,17179872787
17179887885,17179880011
17179888054,17179886006
17179888282,17179869251
17179888423,17179877286
17179888952,17179883413
17179889574,17179872768
17179889890,17179871418
17179890082,17179869649
17179890313,17179869199
17179890660,17179870846
17179891016,17179870098
17179891329,17179877593
17179891493,17179891493
17179891573,17179871918
17179891693,17179871865
17179891954,17179872885
17179892273,17179871104
17179892295,17179878285
17179892549,17179870308
17179892697,17179880696
17179892774,17179869806
17179892864,17179877787
17179892916,17179869424
17179893007,17179869578
17179893378,17179871605
17179893548,17179875597
17179893620,17179893620
17179893843,17179893843
17179894462,17179881822
17179894519,17179877954
17179894819,17179879570
17179894990,17179889145
17179895166,17179871928
17179895183,17179870000
17179895310,17179883322
17179895367,17179869938
17179895387,17179872886
17179895780,17179876271
17179896100,17179896100
17179896225,17179872512
17179896523,17179889348
17179896601,17179870409
17179896619,17179882349
17179897162,17179885582
17179897342,17179871020
17179897744,17179897744
17179897918,17179880546
17179897959,17179873991
17179898035,17179871680
17179898254,17179872354
17179898310,17179881163
17179898365,17179898365
17179898566,17179872706
17179898595,17179873728
17179898760,17179874529
17179899119,17179869720
17179899127,17179871130
17179899136,17179873869
17179899217,17179871473
17179899247,17179874020
17179899319,17179872440
17179899809,17179873869
17179899865,17179877524
17179900018,17179876933
17179900128,17179874030
17179900236,17179870223
17179900513,17179874348
17179900673,17179872422
17179900701,17179889668
17179901028,17179873707
17179901382,17179901382
17179901823,17179877814
17179901833,17179885115
17179901919,17179869205
17179902076,17179873125
17179902427,17179878581
17179869421,17179869421
17179869805,17179869805
17179869983,17179869983
17179870022,17179870022
17179870024,17179870024
17179870380,17179870380
17179870404,17179869428
17179870486,17179870486
17179870513,17179870513
17179870770,17179870770
17179870816,17179870816
17179870907,17179870907
17179871310,17179869412
17179871382,17179871382
17179871412,17179871412
17179871494,17179871494
17179871575,17179869500
17179871696,17179871648
17179872178,17179872178
17179872337,17179872337
17179872378,17179872378
17179872542,17179872542
17179872620,17179869416
17179872806,17179872806
17179872939,17179872939
17179872950,17179872950
17179872958,17179870218
17179873867,17179871646
17179873994,17179870343
17179874155,17179873548
17179874243,17179872999
17179874652,17179874652
17179874720,17179874720
17179874724,17179874724
17179874765,17179874765
17179875134,17179875134
17179875643,17179875643
17179875752,17179875029
17179876008,17179876008
17179876265,17179869700
17179876420,17179874239
17179876763,17179871417
17179877023,17179871710
17179877060,17179877060
17179877175,17179870377
17179877340,17179876921
17179877360,17179871315
17179877418,17179873022
17179877432,17179871541
17179877583,17179877583
17179877680,17179870238
17179877849,17179870252
17179877871,17179871833
17179878256,17179878256
17179878467,17179869824
17179878722,17179878722
17179878989,17179869724
17179879253,17179879253
17179879906,17179879906
17179880010,17179880010
17179880068,17179876895
17179880327,17179875034
17179880334,17179880334
17179880822,17179880428
17179880851,17179880851
17179881608,17179870191
17179881620,17179876133
17179882090,17179872455
17179882540,17179870458
17179882874,17179882874
17179883033,17179880617
17179883080,17179869940
17179883589,17179871334
17179883626,17179870233
17179883838,17179878649
17179883978,17179874623
17179884074,17179870666
17179884248,17179873256
17179884791,17179879735
17179885014,17179871057
17179885024,17179883099
17179885050,17179870531
17179885179,17179871411
17179885368,17179869912
17179885509,17179870522
17179885581,17179877493
17179886069,17179869501
17179886455,17179881076
17179886600,17179872233
17179886903,17179874533
17179886975,17179874943
17179887243,17179878171
17179887861,17179875273
17179887909,17179880572
17179888134,17179869824
17179888627,17179888627
17179889090,17179877256
17179889222,17179889222
17179889374,17179874588
17179890234,17179890234
17179890290,17179869715
17179890361,17179870507
17179890469,17179870985
17179890605,17179890605
17179890756,17179882556
17179891256,17179891256
17179891302,17179869591
17179891402,17179875507
17179891587,17179870010
17179891716,17179891716
17179891993,17179869585
17179892456,17179873784
17179892499,17179869832
17179892504,17179889475
17179892731,17179877330
17179892907,17179870737
17179893229,17179885391
17179893517,17179893517
17179893591,17179874265
17179894081,17179869455
17179894252,17179872351
17179894277,17179880898
17179894888,17179871626
17179894931,17179869226
17179895197,17179895197
17179895323,17179873226
17179895409,17179873790
17179895608,17179869465
17179896138,17179870584
17179896215,17179896215
17179896243,17179870881
17179896262,17179878791
17179896373,17179874616
17179896658,17179870381
17179896855,17179870020
17179897086,17179877472
17179897139,17179870282
17179897309,17179873996
17179897459,17179875782
17179897487,17179869773
17179897552,17179869726
17179897558,17179885265
17179897566,17179894251
17179897819,17179875402
17179897939,17179887322
17179897970,17179872639
17179898019,17179898019
17179898142,17179872054
17179898516,17179898516
17179898838,17179882386
17179899089,17179881273
17179899740,17179873146
17179899771,17179883388
17179899996,17179876586
17179900168,17179871491
17179900271,17179900271
17179900540,17179869967
17179900546,17179873770
17179900574,17179877566
17179900748,17179869890
17179900947,17179871494
17179900951,17179875273
17179901105,17179882386
17179901127,17179872638
17179901177,17179901177
17179901341,17179901341
17179902022,17179876038
17179902049,17179871233
17179902066,17179875200
17179902430,17179879770
17179869225,17179869225
17179869406,17179869406
17179870273,17179870273
17179870541,17179870541
17179870551,17179870551
17179871222,17179871222
17179871835,17179870687
17179872120,17179872120
17179872195,17179869673
17179872238,17179872238
17179872253,17179872253
17179872586,17179872586
17179872761,17179872761
17179872893,17179871278
17179873362,17179873362
17179874029,17179869423
17179874274,17179870836
17179874433,17179874433
17179874516,17179874516
17179874547,17179874547
17179874582,17179869499
17179874806,17179869255
17179875180,17179872101
17179875185,17179875185
17179875289,17179875289
17179875314,17179871312
17179875364,17179875364
17179875500,17179875500
17179875748,17179871491
17179876119,17179875981
17179876145,17179876145
17179876304,17179874185
17179876481,17179869999
17179876880,17179870421
17179876971,17179869399
17179876980,17179873677
17179877476,17179869415
17179877674,17179877674
17179877854,17179877854
17179877873,17179871233
17179878349,17179870789
17179878808,17179876168
17179879059,17179879059
17179880028,17179870859
17179880034,17179872826
17179880672,17179869324
17179880791,17179880791
17179880792,17179871590
17179880935,17179875794
17179881171,17179873735
17179881622,17179871168
17179881808,17179879570
17179882115,17179875338
17179882123,17179872932
17179882137,17179882137
17179882185,17179882185
17179882202,17179882202
17179882844,17179872957
17179882943,17179869288
17179883146,17179883146
17179883531,17179872304
17179883575,17179869491
17179883634,17179878674
17179883739,17179875207
17179883970,17179871129
17179884195,17179869353
17179884909,17179869661
17179885010,17179871471
17179885025,17179875581
17179885031,17179871382
17179885475,17179871545
17179885541,17179877040
17179885973,17179885973
17179886064,17179872383
17179886150,17179886150
17179886658,17179876404
17179887291,17179887291
17179887751,17179887751
17179887916,17179887916
17179888217,17179874966
17179888248,17179870495
17179888285,17179869858
17179888438,17179872910
17179888577,17179872669
17179889070,17179876124
17179889353,17179869950
17179889381,17179889381
17179889475,17179889475
17179889515,17179872071
17179889608,17179889608
17179889622,17179871328
17179889924,17179879657
17179890120,17179879667
17179890964,17179870758
17179891028,17179874646
17179891314,17179869806
17179891384,17179869835
17179892005,17179874650
17179892202,17179871829
17179892465,17179871779
17179892570,17179889564
17179892705,17179874367
17179893078,17179870178
17179894266,17179871546
17179894288,17179869500
17179894362,17179871873
17179894367,17179872374
17179894862,17179871378
17179895128,17179875305
17179895221,17179870079
17179895658,17179869412
17179895816,17179872399
17179896007,17179873712
17179896015,17179872011
17179896157,17179896157
17179896275,17179896275
17179896346,17179883332
17179896586,17179874278
17179896780,17179896780
17179896875,17179869434
17179897275,17179870449
17179897578,17179871922
17179897593,17179897593
17179897995,17179897995
17179898218,17179877105
17179898461,17179877497
17179898477,17179877208
17179898607,17179871624
17179898693,17179871496
17179898834,17179873300
17179898871,17179873336
17179898965,17179874467
17179899159,17179881817
17179899227,17179876476
17179899438,17179879245
17179899558,17179869321
17179899694,17179870377
17179899769,17179899769
17179899833,17179888888
17179899991,17179874185
17179900592,17179872200
17179901181,17179869993
17179901493,17179870520
17179901573,17179869289
17179901585,17179879421
17179901587,17179870985
17179901987,17179876168
17179902112,17179869630
17179902227,17179873526
17179902370,17179870665
17179869253,17179869253
17179869302,17179869302
17179869374,17179869374
17179869473,17179869473
17179869962,17179869455
17179870092,17179870092
17179870197,17179870197
17179870761,17179870761
17179870892,17179870892
17179870908,17179870908
17179871639,17179871639
17179871883,17179871883
17179871930,17179869255
17179872062,17179872062
17179872177,17179871232
17179872314,17179872314
17179872370,17179872370
17179872427,17179872403
17179872533,17179869685
17179872742,17179870781
17179872769,17179872769
17179872986,17179869540
17179873830,17179873830
17179873850,17179873850
17179874010,17179874010
17179874088,17179872954
17179874626,17179871528
17179874837,17179874837
17179875482,17179872637
17179875783,17179875783
17179875865,17179869428
17179876434,17179876434
17179876594,17179876594
17179876712,17179872210
17179876743,17179870724
17179877263,17179871464
17179877333,17179869851
17179877342,17179877342
17179877682,17179869545
17179878155,17179878155
17179878165,17179869649
17179878187,17179878187
17179878234,17179870969
17179878685,17179872796
17179878854,17179870993
17179878928,17179878928
17179878932,17179869861
17179878967,17179869799
17179878970,17179871084
17179878974,17179875816
17179878985,17179875791
17179879258,17179873890
17179879354,17179877603
17179879602,17179870157
17179879641,17179876609
17179879798,17179877936
17179879950,17179871071
17179880351,17179880351
17179880586,17179880586
17179880630,17179878926
17179880687,17179878606
17179880880,17179871694
17179881109,17179875390
17179881241,17179881241
17179881377,17179871222
17179881387,17179870590
17179881561,17179881561
17179882208,17179882208
17179882812,17179877241
17179882908,17179875799
17179883222,17179871278
17179883296,17179883296
17179883488,17179883488
17179883535,17179870874
17179883588,17179874656
17179883733,17179873781
17179883758,17179880418
17179884142,17179870405
17179884147,17179884147
17179884469,17179873688
17179884702,17179877985
17179885121,17179874869
17179885150,17179881139
17179885152,17179885152
17179885184,17179869434
17179885399,17179880220
17179885460,17179870105
17179885694,17179869983
17179885699,17179885699
17179885870,17179877211
17179885989,17179885989
17179886188,17179874226
17179886258,17179878928
17179886627,17179886627
17179886674,17179886674
17179887010,17179869854
17179887273,17179871621
17179887557,17179873025
17179887845,17179877580
17179887952,17179872255
17179888122,17179876292
17179888277,17179869992
17179888935,17179888935
17179888984,17179888984
17179889104,17179876538
17179889175,17179877046
17179889388,17179871499
17179889538,17179889538
17179889571,17179873633
17179889758,17179869767
17179889919,17179869698
17179889937,17179870868
17179889997,17179880695
17179890244,17179873902
17179890526,17179874305
17179890904,17179870014
17179890945,17179877510
17179891575,17179872027
17179891690,17179875315
17179892039,17179869650
17179892209,17179879909
17179892221,17179892221
17179892343,17179872525
17179892480,17179870561
17179892566,17179871576
17179892597,17179892597
17179892724,17179869398
17179892901,17179880684
17179893211,17179871598
17179893265,17179871521
17179893576,17179877013
17179893785,17179871978
17179894440,17179879179
17179894636,17179870938
17179894677,17179876324
17179894707,17179879658
17179894980,17179870943
17179895240,17179872227
17179895281,17179874326
17179895456,17179873896
17179896072,17179889411
17179896156,17179876925
17179896222,17179877142
17179896332,17179885120
17179896549,17179886823
17179896876,17179870207
17179897172,17179874650
17179897177,17179875409
17179897240,17179881269
17179897369,17179877109
17179897638,17179897638
17179897677,17179897677
17179897851,17179870162
17179897946,17179869740
17179898234,17179870833
17179898347,17179869481
17179898402,17179877886
17179899141,17179869806
17179899376,17179882041
17179899410,17179869597
17179899712,17179871233
17179899719,17179876625
17179899725,17179871192
17179900290,17179870816
17179900292,17179870468
17179900354,17179872033
17179900417,17179869808
17179900634,17179869901
17179900805,17179872389
17179901235,17179870434
17179901245,17179873946
17179901416,17179877317
17179901763,17179883795
17179901973,17179874823
17179902307,17179870149
17179902376,17179878557
17179902394,17179869438
17179902610,17179870650
