record_id,company_name,company_legal_names,company_commercial_names,main_country_code,main_country,main_region,main_city_district,main_city,main_postcode,main_street,main_street_number,main_latitude,main_longitude,main_address_raw_text,locations,num_locations,company_type,year_founded,lnk_year_founded,short_description,long_description,business_tags,business_model,product_type,naics_vertical,naics_2022_primary_code,naics_2022_primary_label,naics_2022_secondary_codes,naics_2022_secondary_labels,main_business_category,main_industry,main_sector,primary_phone,phone_numbers,primary_email,emails,other_emails,website_url,website_domain,website_tld,website_language_code,facebook_url,twitter_url,instagram_url,linkedin_url,ios_app_url,android_app_url,youtube_url,tiktok_url,alexa_rank,sics_codified_industry,sics_codified_industry_code,sics_codified_subsector,sics_codified_subsector_code,sics_codified_sector,sics_codified_sector_code,sic_codes,sic_labels,isic_v4_codes,isic_v4_labels,nace_rev2_codes,nace_rev2_labels,created_at,last_updated_at,website_number_of_pages,generated_description,generated_business_tags,status,domains,all_domains,revenue,revenue_type,employee_count,employee_count_type,inbound_links_count,entity_id
17179869275,Ahmad Haqiqat Solar Energy Trading L.L.C,Ahmad Haqiqat Solar Energy Trading L.L.C,,AE,United Arab Emirates,Dubai,,Dubai,,Deira Street,10A,25.2725895,55.3081709,10A St - Naif - Dubai - United Arab Emirates,"AE, United Arab Emirates, Dubai, Dubai, , Deira Street, 10A, 25.2725895, 55.3081709",1,Private,,,"Ahmad Haqiqat Solar Energy Trading L.L.C is a solar energy company based in Dubai, United Arab Emirates.",,,Retail,Capital Products,,,,,,Solar Energy Company,Renewable energy,Resources & Energy,+971507540086,+971507540086,,,,http://www.ghulamsarwar.com/,ghulamsarwar.com,com,,,,,,,,,,,,,,,,,,,,,,,2023-06-24 22:19:31.671,2024-12-17 14:36:13.928,,"Ahmad Haqiqat Solar Energy Trading L.L.C is a company based in Dubai, United Arab Emirates. It operates in the solar energy sector and also supplies batteries and water coolers.",Water Coolers Manufacturer | Solarium Batteries Manufacturer,Active,,,,,,,,17179869275
17179869545,Orkest Collectief,,Orkest Collectief,NL,Netherlands,South Holland,,Zoetermeer,,,,,,", Zoetermeer, South Holland, Netherlands","NL, Netherlands, South Holland, Zoetermeer, , , , 52.06228915, 4.487754536970652",,,,,,,,,,,,,,,,,,,,,,,https://www.orkestcollectief.com/,orkestcollectief.com,com,,,,,http://www.linkedin.com/company/orkest-collectief,,,,,,,,,,,,,,,,,,2024-07-23 21:38:52.903,2024-08-07 16:45:00.746,,,,Active,,,,,,,,17179869545
17179869608,Italian Pack,,Italian Pack,IT,Italy,Lombardy,Acquanera,Como,22100,Via Al Bassone,30,45.7721201,9.0817386,"30 Via al Bassone, Como, Lombardia, 22100, Italy","IT, Italy, Lombardy, Como, 22100, Via al Bassone, 30, 45.7721201, 9.0817386",1,Private,1988,1988,"Italian Pack is a packaging solutions company based in Como, Italy.","Italian Pack was established in 1988, Northern Italy, and is a leading manufacturer of tray sealing, vacuum packing and lidding machinery. Italian Pack can offer their customers a extensive range of machines from a simple table top sealer to complete, fully automatic high speed lines, including tray denesting, conveying, tray filling, film sealing and lidding. Applications include standard air closing, modified atmosphere packaging (MAP) and skin packing. Our loyal customers are from all divisions of the food industry; Ready Meals, Meat, Poultry, Fish, Seafood and Desserts. From our purpose built factory in Como, the highly experienced team at Italian
Pack ensure we remain at the forefront of technical advancement. We continue to offer quality solutions and a market leading range of manual to fully automated equipment to a worldwide customer base. Italian Pack - Quality, Reliability and Performance",Fish & Seafood | Ready-to-eat Meals | Machinery | Table Tops | Meats & Poultry | Machinery Manufacturing,Retail,Capital Products,,,,,,Packaging Solutions,Containers & Packaging,Other Capital Goods,+39031888011,+39031888011,,,,https://www.italianpack.com/,italianpack.com,com,,https://facebook.com/italianpack,,,http://www.linkedin.com/company/italianpack,,,,,,,,,,,,,,,,,,2022-03-05 12:38:56,2024-11-06 17:03:49.729,,"Italian Pack is a leading manufacturer of tray sealing, vacuum packing, and lidding machinery based in Northern Italy. Established in 1988, the company offers a wide range of machines, from simple table top sealers to fully automatic high speed lines, including tray denesting, conveying, tray filling, film sealing, and slitting. Their machines are used in various applications such as standard air closing, modified atmosphere packaging, and skin packing. Italian Pack serves customers from various sectors of the food industry, including Ready Meals, Meat, Poultry, Fish, Seafood, and Desserts. With a purpose-built factory in Como, the highly experienced team at Italian Pack ensures that they remain at the forefront of technical advancement. They provide quality solutions and a market-leading range of manual to fully automated equipment to a global customer base. Italian Brand - Quality, Reliability, and Performance.",Standard Air Closing | Lidding Machines | Modified Atmosphere Packaging | Tray Fillers | Tray Conveyors | Sealing Films | Vacuum Packing Machine | Tray Sealing Machinery Supplier | Skin Packing,Active,,,,,77,extracted,,17179869608
17179869897,,,,US,United States,New Jersey,,Toms River,08753,Fischer Boulevard,827,39.969913482666016,-74.13304138183594,"827 Fischer Blvd, Toms River, NJ 08753","US, United States, New Jersey, Toms River, 08753, Fischer Boulevard, 827, 39.969913482666016, -74.13304138183594 | US, United States, New Jersey, Toms River, 08753, Hooper Avenue, 2100, 40.01902770996094, -74.14521026611328 | US, United States, New Jersey, Clifton, 07013, Van Houten Avenue, 1433, 40.87446212768555, -74.17671203613281 | US, United States, New Jersey, Clifton, 07013, Clifton Avenue, 1055, 40.86243438720703, -74.16458129882812 | US, United States, New York, New York, 10305, Hylan Boulevard, 1400, 40.59447479248047, -74.08634185791016 | US, United States, New York, New York, 11222, Manhattan Avenue, 875, 40.72962188720703, -73.95431518554688 | US, United States, New York, New York, 11215, 5th Avenue, 478, 40.66819381713867, -73.98747253417969 | US, United States, New Jersey, Long Branch, 07740, 2nd Avenue, 627, 40.284122467041016, -73.98629760742188 | US, United States, New Jersey, North Bergen, 07047, John F. Kennedy Boulevard, 8901, 40.809974670410156, -74.0069808959961 | US, United States, New Jersey, Neptune Township, 07756, Main Avenue, 61, 40.212257385253906, -74.0073013305664",47,,,,,,,,,,,,,,,,,,,,,,https://www.kearnybank.com/,kearnybank.com,com,,,,,,,,,,,,,,,,,,,,,,,2022-12-10 07:03:54.48,2023-06-12 14:04:27.338,,,,Active,kearnybank.com,kearnybank.com,,,,,,17179869897
17179869962,Indus Tower,,Indus Tower,IN,India,Rajasthan,,Mangrol,325215,,,,,"Mangrol, Rajasthan 325215, India","IN, India, Rajasthan, Mangrol, 325215, , , 25.333268800000006, 76.505673",1,Private,,,"Indus Tower is an electronics store based in Mangrol, India.",,,Retail,Durable Products,,,,,,Electronics Stores,Consumer Electronics & Appliances,Electronics & Appliances,+9118001021666,+9118001021666,,,,https://www.industowers.com/,industowers.com,com,,,,,,,,,,,,,,,,,,,,,,,2024-04-20 22:45:26.438,2024-12-08 23:13:17.22,,"The Indus Tower is an electronics store located in Mangrol, Rajasthan, India.",Electronics Retailer | Telephone Apparatus Manufacturing,Active,,,,,,,,17179869455
17179870020,HALFWAY PHARMACY,,HALFWAY PHARMACY,GB,United Kingdom,England,Merryman's Hill,Borough Of Swale,ME12 3JD,Minster Road,,,,,"GB, United Kingdom, England, Borough of Swale, ME12 3JD, Minster Road, , 51.42072677612305, 0.7877886295318604",,,,,,,,,,,,,,,,,,+441795662706,+441795662706,,,,https://www.paydens.com/,paydens.com,com,,,,,,,,,,,,,,,,,,,,,,,2022-02-11 15:14:00,2022-02-11 15:14:00,,,,Active,,,,,,,,17179870020
17179870031,SSL Pools,,SSL Pools,GB,United Kingdom,England,Whitehills Business Park,Blackpool,FY1 1DL,,,,,"Unit 1 Juniper Court, Thompson Road, Whitehills Business Park, Blackpool, United Kingdom","GB, United Kingdom, England, Blackpool, FY1 1DL, , , 53.8179442, -3.0509812",1,Private,,,"SSL Pools is a construction services company based in Blackpool, United Kingdom.",,,Services,Professional Services,Nonresidential Building Construction,236220,Commercial and Institutional Building Construction,,,Construction Services,General Contractors & Heavy Construction,Construction,+441772862183,+441772862183,service@sslpools.co.uk,service@sslpools.co.uk,,https://www.sslpools.co.uk/,sslpools.co.uk,co.uk,,https://www.facebook.com/SSLPools/,,,,,,,,,,,,,,,8741 | 1522 | 1531 | 1541 | 1542 | 1799,"Management Services (commercial and institutional building construction management) | General Contractors - Residential Buildings Other Than Single-Family (dormitory, barrack, hotel, and motel construction contractors) | Operative Builders (grain elevator, dry cleaning plant, and manufacturing and industrial warehouse operative builders) | General Contractors - Industrial Buildings and Warehouses (general contractors of grain elevators; dry cleaning plants; and manufacturing, industrial, and public warehouses) | General Contractors - Nonresidential Buildings, Other than Industrial Buildings and Warehouses | Special Trade Contractors, NEC (indoor swimming pool construction contractors)",4100 | 4290,Construction of buildings | Construction of other civil engineering projects,41.1 | 41.2 | 42.99 | 42.91,Development of building projects | Construction of residential and non-residential buildings | Construction of other civil engineering projects n.e.c. | Construction of water projects,2022-07-23 14:38:19.838,2024-12-03 09:36:50.233,,,,Active,,,,,,,,17179869249
17179870146,Sunshine Coast Holiday Parks,,Sunshine Coast Holiday Parks,AU,Australia,Queensland,Dicky Beach,Sunshine Coast Regional,4551,Beerburrum Street,,,,"Beerburrum St, Dicky Beach QLD 4551 Ph: 617-5491 3342","AU, Australia, Queensland, Sunshine Coast Regional, 4551, Beerburrum Street, , -26.7833094, 153.1380127 | AU, Australia, Queensland, Maroochydore, 4558, Cotton Tree Parade, , -26.654674, 153.099846 | AU, Australia, Queensland, Maroochydore, 4558, Melrose Parade, , -26.6601797, 153.102773 | AU, Australia, Queensland, Sunshine Coast Regional, 4557, Parkyn Parade, , -26.684261499999998, 153.13208948475844 | AU, Australia, Queensland, Sunshine Coast Regional, 4564, Cottonwood Street, , -26.6172387, 153.0987662 | AU, Australia, Queensland, Coolum Beach, 4573, David Low Way, , -26.5221119, 153.0904076",6,Private,,,"Sunshine Coast Holiday Parks is a RV park/campground based in Sunshine Coast Regional, Australia.","The Sunshine Coast is aptly named: this stunning stretch of coastline basks in Australia's most temperate weather making it a relaxing holiday destination in any season. Whatever your interest - swimming, surfing, boating, fishing, bushwalking or just kicking back on the beach, there's a park that's the right fit for you. Explore our locations. We have six holiday parks across the Sunshine Coast.",Holiday Park | Beach Holiday | Maroochydore | Holiday Destination | Family Holiday Parks | Dog Friendly | Boating And Fishing,Services,Consumer Services,RV Parks & Campgrounds,721211,RV (Recreational Vehicle) Parks and Campgrounds,,,RV Parks & Campgrounds,Accommodation,Accommodation & Food Services,+61754461474,+61754599070 | +61754461474 | +61754441201 | +61754487157 | +61754431167 | +61754913342,,,,https://www.sunshinecoastholidayparks.com.au/,sunshinecoastholidayparks.com.au,com.au,en,,,,,,,,,,,,,,,,7033,Recreational Vehicle Parks and Campsites,5520,"Camping grounds, recreational vehicle parks and trailer parks",55.3,"Camping grounds, recreational vehicle parks and trailer parks",2019-11-24 11:07:34,2024-11-29 10:38:58,28,"Coolum Beach Holiday Park is a holiday park located in Coolum Beach, Queensland. It is part of the Sunshine Coast Holiday Parks network, which includes several other parks such as Dicky Beach Family Holiday Park, Mooloolaba Beach Holiday Park, Maroochydore Beach Holiday Park, Cotton Tree Holiday Park, and Mudjimba Beach Holiday Park. The park offers a range of accommodations including camping, caravaning, and villas, providing guests with direct access to the beach and various outdoor activities. The Sunshine Coast, where Coolum Beach Holiday Park is situated, is known for its beautiful beaches, natural attractions, and vibrant local markets, making it a popular holiday destination.",Holiday Park Accommodations | Residential Villas | Beachfront Caravan and Camping Experiences | Dog-friendly Accommodation | Holiday Destination | Hospitality Services,Active,sunshinecoastholidayparks.com.au,sunshinecoastholidayparks.com.au,13494976,modelled,75,modelled,28,17179869719
17179870170,Green Pine Xingjie Shoes Co. Ltd.,Green Pine Xingjie Shoes Co. Ltd.,,TW,Taiwan,New Taipei,Zhonghe District,New Taipei,220739,Yuanshan Road,,,,"235, Taiwan, New Taipei City, Zhonghe District, Yuanshan Rd, 512-6號6樓","TW, Taiwan, New Taipei, New Taipei, 220739, Yuanshan Road, , 25.0091863, 121.4793014",1,Private,,,"Green Pine Xingjie Shoes Co. Ltd. is a shoes & other footwear store based in New Taipei, Taiwan.",,,Retail,Nondurable Products,Shoes & Other Footwear Stores,458210,Shoe Retailers,,,Shoes & Other Footwear Stores,Footwear,"Apparel, Accessories & Footwear",+886282211822,+886282211822,,,,https://www.greenpine.online/?opi=79508299&sa=U&ved=0ahUKEwjk5ZfltNqGAxUkkYkEHVv4BBIQ61gIEygP&usg=AOvVaw0oPXknImH8FNbDa-_RfsKx,greenpine.online,online,,,,,,,,,,,,,,,,,5963 | 5411 | 5421 | 5961 | 5431 | 5142 | 5961 | 5139 | 5661 | 5961,"Direct Selling Establishments (except mobile food services and food wagons) | Grocery Stores (frozen food and freezer plan providers) | Meat and Fish (Seafood) Markets, Including Freezer Provisioners (freezer provisioners) | Catalog and Mail-Order Houses (electronic auctions) | Fruit and Vegetable Markets (temporary fruit and vegetable stands) | Packaged Frozen Foods (frozen food sold via retail method) | Catalog and Mail-Order Houses (electronic shopping web sites) | Footwear (footwear sold via retail method) | Shoe Stores | Catalog and Mail-Order Houses (mail-order houses)",4771 | 4782 | 4791 | 4799,"Retail sale of clothing, footwear and leather articles in specialized stores | Retail sale via stalls and markets of textiles, clothing and footwear | Retail sale via mail order houses or via Internet | Other retail sale not in stores, stalls or markets",47.99 | 47.91 | 47.82 | 47.71 | 47.72,"Other retail sale not in stores, stalls or markets | Retail sale via mail order houses or via Internet | Retail sale via stalls and markets of textiles, clothing and footwear | Retail sale of clothing in specialised stores | Retail sale of footwear and leather goods in specialised stores",2024-06-14 21:45:42.691,2024-06-14 21:45:42.691,,"Green Pine 興傑鞋業有限公司 is a shoe store located in New Taipei, Taiwan.",Shoe Stores,Active,,,,,,,,17179870170
17179870193,Netto Care,,Netto Care,GB,United Kingdom,England,Cupernham,Romsey,SO51 7LR,Fairview Drive,14,50.9962391,-1.48078322504971,14 Fairview Drive,"GB, United Kingdom, England, Romsey, SO51 7LR, Fairview Drive, 14, 50.9962391, -1.48078322504971",1,Private,,,"Netto Care is a nursing & personal care services provider based in Romsey, United Kingdom.","At Kingsclere Homes, we are committed to providing the very best care for our residents.",,Services,Consumer Services,Nursing Care,623110,Nursing Care Facilities (Skilled Nursing Facilities),,,Nursing & Personal Care,Social Services,Health Care & Social Assistance,+441702433335,+441702433335,info@kingsclerecourt.co.uk,,,https://www.nettocare.co.uk/,nettocare.co.uk,co.uk,,https://www.facebook.com/nettocare/,,,,,,,,,,,,,,,8051 | 8052 | 8059,"Skilled Nursing Care Facilities (except continuing care retirement communities and mental retardation hospitals) | Intermediate Care Facilities (except continuing care retirement communities and mental retardation facilities) | Nursing and Personal Care Facilities, NEC (except continuing care retirement communities, psychiatric convalescent homes with health care, and homes for the mentally retarded with health care)",8710,Residential nursing care facilities,87.1,Residential nursing care activities,2024-05-27 08:00:39.977,2024-12-02 19:01:52.764,,Kingsclere Homes is a company dedicated to delivering exceptional care for its residents.,Elderly Care Services | Residential Services,Active,,,,,,,,17179870193
17179870261,Galt Toys Galt Baby,,Galt Toys Galt Baby | Galt Baby,US,United States,Illinois,,Chicago,60611,North Michigan Avenue,900,41.8996659,-87.62562060731955,"900 N Michigan Ave, Chicago, Illinois, 60611-1542, United States","US, United States, Illinois, Chicago, 60611, North Michigan Avenue, 900, 41.8996659, -87.62562060731955",1,Private,,,"Galt Toys Galt Baby is a children clothing supplier based in Chicago, Illinois, United States.","Galt Baby in Chicago has a wide selection of the best in strollers, toys, baby gear, nursery furniture and cribs. We offer unique and practical items for your child.",,Retail,Nondurable Products,Clothing,458110,Clothing and Clothing Accessories Retailers,,,Children Clothing,Clothing,"Apparel, Accessories & Footwear",+13124409550,+13124409550,,,,https://www.galtbaby.com/,galtbaby.com,com,,https://facebook.com/Galt.Baby,https://twitter.com/galtbaby,,http://www.linkedin.com/company/galt-toys-galt-baby,,,,,,,,,,,,5137 | 5641 | 5137 | 5651 | 5632 | 5611 | 5699 | 5411 | 5621 | 5137 | 5961 | 5961 | 5136 | 5961 | 5431 | 5699 | 5963 | 5142 | 5632 | 5421 | 5136 | 5611 | 5621,"Women's, Children's, and Infants' Clothing and Accessories (selling a general line of womens clothing via retail method) | Children's and Infants’ Wear Stores | Women's, Children's and Infants' Clothing and Accessories (selling a general line of children's and infants' clothing via retail method) | Family Clothing Stores | Women's Accessory and Specialty Stores (accessories) | Men’s and Boys’ Clothing and Accessory Stores (accessories) | Miscellaneous Apparel and Accessory Stores (accessories) | Grocery Stores (frozen food and freezer plan providers) | Women's Clothing Stores (dress shops and bridal shops) | Women’s, Children’s, and Infants’ Clothing and Accessories (uniforms and work clothing sold via retail method) | Catalog and Mail-Order Houses (mail-order houses) | Catalog and Mail-Order Houses (electronic auctions) | Men's and Boys' Clothing and Furnishings (uniforms and work clothing sold via retail method) | Catalog and Mail-Order Houses (electronic shopping web sites) | Fruit and Vegetable Markets (temporary fruit and vegetable stands) | Miscellaneous Apparel and Accessory Stores (miscellaneous apparel except accessories and custom tailors) | Direct Selling Establishments (except mobile food services and food wagons) | Packaged Frozen Foods (frozen food sold via retail method) | Women’s Accessory and Specialty Stores (specialty stores) | Meat and Fish (Seafood) Markets, Including Freezer Provisioners (freezer provisioners) | Men's and Boys' Clothing and Furnishings (men's and boys' apparel, except uniforms and work clothing, sold via retail method) | Men's and Boys' Clothing and Accessory Stores (clothing stores) | Women's Clothing Stores (except dress shops and bridal shops)",4771 | 4773 | 4782 | 4791 | 4799,"Retail sale of clothing, footwear and leather articles in specialized stores | Other retail sale of new goods in specialized stores | Retail sale via stalls and markets of textiles, clothing and footwear | Retail sale via mail order houses or via Internet | Other retail sale not in stores, stalls or markets",47.76 | 47.77 | 47.78 | 47.99 | 47.91 | 47.82 | 47.71 | 47.72,"Retail sale of flowers, plants, seeds, fertilisers, pet animals and pet food in specialised stores | Retail sale of watches and jewellery in specialised stores | Other retail sale of new goods in specialised stores | Other retail sale not in stores, stalls or markets | Retail sale via mail order houses or via Internet | Retail sale via stalls and markets of textiles, clothing and footwear | Retail sale of clothing in specialised stores | Retail sale of footwear and leather goods in specialised stores",2024-11-15 09:52:59.64,2024-11-15 09:52:59.64,,,,Active,,,4000000,extracted,,,,17179870261
17179870506,CVB Media,,CVB Media,US,United States,Pennsylvania,,,,,,,,,"US, United States, Pennsylvania, , , , , ,",1,Private,,,"CVB Media is a social media agency based in Pennsylvania, United States.","Your customers & clients are on social media, ready to consume content from and engage with your business. CVB Media will consistently keep your business top of mind on these growing platforms with original videos and branded images. Worry-free and effective social media marketing.",,Services,Professional Services,Digital Agencies,541511,Custom Computer Programming Services,512110,Motion Picture and Video Production,Social Media Agencies,Digital Agencies,Advertising & Marketing,+15704233940,+15704233940,,,,https://cvb-media.business.site/,cvb-media.business.site,site,en,,,,,,,,,,Advertising & Marketing,SV-AD,Media,SV.1,Services,SV,7371,Computer Programming Services,6201,Computer programming activities,62.01,Computer programming activities,2023-08-18 01:04:51,2024-01-06 23:14:24,2,"CVB Media is a social media marketing service company based in DuBois, Pennsylvania. They specialize in videography and marketing, providing original videos and branded images to keep businesses top of mind on growing social media platforms. Their services include video filming and editing, photography, and engagement photos. CVB Media aims to deliver top-notch products to help businesses engage with their customers and clients on these platforms.",Social Media Marketing Services | Video Packages | Wedding Videography,Active,cvb-media.business.site,cvb-media.business.site,1237684,modelled,6,modelled,2,17179870506
17179870520,Western Mass Rendering,,Western Mass Rendering,US,United States,Massachusetts,,Southwick,01077,Foster Road,94,42.05711884406984,-72.72799477582664,"94 Foster Rd, Southwick, Massachusetts, 01077-9522, United States","US, United States, Massachusetts, Southwick, 01077, Foster Road, 94, 42.05711884406984, -72.72799477582664",,,,,,,,,,,,,,,,,,,,,,,https://www.westernmassrendering.com/,westernmassrendering.com,com,,https://facebook.com/WMRCO,,,http://www.linkedin.com/company/western-mass-rendering,,,,,,,,,,,,,,,,,,2024-11-07 14:37:16.469,2024-11-07 14:37:16.469,,,,Active,,,42100000,extracted,5,extracted,,17179870520
17179870565,Municipal Cemetery Chemnitz,,Municipal Cemetery Chemnitz,DE,Germany,Saxony,Bernsdorf,Chemnitz,09126,Wartburgstraße,47,50.8123741,12.934669699999997,"Wartburgstraße 47, 09126 Chemnitz","DE, Germany, Saxony, Chemnitz, 09126, Wartburgstraße, 47, 50.8123741, 12.934669699999997",1,Private,,,"Municipal Cemetery Chemnitz is a funeral services company based in Chemnitz, Germany.",,,Services,Consumer Services,Funeral services,812210,Funeral Homes and Funeral Services,,,Funeral Services & Cemeteries,Other Consumer Services,Other Consumer Services,,,,,,http://www.friedhof-chemnitz.de/,friedhof-chemnitz.de,de,,,,,,,,,,,,,,,,,7261,Funeral Services and Crematories (funeral homes and services),9603,Funeral and related activities,96.03,Funeral and related activities,2023-06-29 12:44:02.211,2025-01-02 21:30:24.721,,"The Municipal Cemetery Chemnitz is a cemetery located in Chemnitz, Saxony, Germany.",Cemetery Services | Wheelchair Accessible Parking Lot,Active,,,,,,,,17179870256
17179870712,Göktuğ Özcan Fotoğrafçılık,,Göktuğ Özcan Fotoğrafçılık,TR,Turkey,Sakarya,,Adapazarı,54040,,,,,", Sakarya, Sakarya, Turkey","TR, Turkey, Sakarya, Adapazarı, 54040, , , 40.7726291, 30.4038575",,,,,,,,,,,,,,,,,,,,,,,https://www.goktugozcan.com/,goktugozcan.com,com,,,,,http://www.linkedin.com/company/g%c3%b6ktu%c4%9f-%c3%b6zcan-foto%c4%9fraf%c3%a7%c4%b1l%c4%b1k,,,,,,,,,,,,,,,,,,2024-08-17 04:17:11.259,2024-08-17 04:17:11.259,,,,Active,,,,,,,,17179869624
17179870955,Henrys bageri,,Henrys bageri,SE,Sweden,Västra Götaland County,,Skövde Kommun,,,,,,", Skoevde, Vaestra Goetaland County, Sweden","SE, Sweden, Västra Götaland County, Skövde kommun, , , , 58.416667, 13.916667",,,,,,,,,,,,,,,,,,,,,,,https://www.henrysbageri.se/,henrysbageri.se,se,,,,,http://www.linkedin.com/company/henrys-bageri,,,,,,,,,,,,,,,,,,2024-11-09 03:19:10.353,2024-11-09 03:19:10.353,,,,Active,,,,,,,,17179870955
17179871086,RURAL DONA MARIA,,RURAL DONA MARIA | RURAL DOÑA MARIA,ES,Spain,Andalusia,,Jaén,23310,Calle San Isidro Labrador,1,38.0743152,-3.0320392,"C. San Isidro Labrador, 1, 23310 Mogón, Jaén, Spain","ES, Spain, Andalusia, Jaén, 23310, Calle San Isidro Labrador, 1, 38.0743152, -3.0320392",1,Private,,,"RURAL DONA MARIA is a bed and breakfast based in Jaén, Spain.","BIENVENIDOS A ALOJAMIENTOS. Durante el cortejo fúnebre, los vecinos y visitantes de la localidad se reúnen entorno al féretro del alcalde, que es portado por familiares y amigos, y realizan un via crucis por las tabernas y bares de la localidad, mientras que se lanzan algunos cohetes y lamentos al cielo. Turismo y Gastronomía local con Aceite Puerta de Las Villas - YouTubeAceite Puerta de Las Villas97 subscribersMogón en Andalucía Directo.",Website Templates,Services,Consumer Services,Bed and Breakfast,721199,All Other Traveler Accommodation,,,Bed and Breakfast,Accommodation,Accommodation & Food Services,,,vtar.donamaria@gmail.com,,,https://www.ruraldonamaria.com/,ruraldonamaria.com,com,es,,,https://www.instagram.com/casaruraldonamaria/,,,,,,,Leisure Facilities,SV-LF,Hospitality & Recreation,SV.2,Services,SV,7011,"Hotels and Motels (except hotels, motels, and bed and breakfast inns)",5510,Short term accommodation activities,55.2 | 55.1,Holiday and other short-stay accommodation | Hotels and similar accommodation,2020-12-07 18:18:38,2024-12-04 04:37:40,9,"RURAL DOÑA MARIA is a company based in Villacarrillo, Andalusia, specializing in rural accommodations. The company offers two renovated houses located in Mogón, near the artificial beach of Aguas Cebas. These houses are decorated in a rustic style and equipped with modern amenities such as free Wi-Fi, fresh linens, and necessary household items. The properties are suitable for family vacations and outdoor activities, providing a comfortable stay for up to twelve people.",Hospitality | Tourism | Outdoor Sports Facilities | Two-bedroom Apartment Homes | Rustic Decoration Rooms | Rural Environment Accommodation | Free Internet | Kitchen Towels and Utensils | Accommodation Services | Rustic-style Houses,Active,ruraldonamaria.com,ruraldonamaria.com,67508,modelled,1,modelled,9,17179871086
17179871104,Winchester Star,,Winchester Star,US,United States,Virginia,,Winchester,22601,North Loudoun Street,100,39.183479299999995,-78.1625021,"100 N Loudoun St #110, Winchester, VA 22601","US, United States, Virginia, Winchester, 22601, North Loudoun Street, 100, 39.183479299999995, -78.1625021",1,Private,,,"Winchester Star is a newspaper/magazine based in Winchester, Virginia, United States.",,,Services,Consumer Services,Newspapers & Magazines,513199,All Other Publishers,,,Newspapers & Magazines,Newspapers & Magazines,Publishers & Media Companies,+15406673200,+15406673200,,,,http://www.winchesterstar.com/,winchesterstar.com,com,,,,,,,,,,,,,,,,,2771 | 8999 | 2711 | 2741 | 2721 | 2741 | 8999 | 2731,"Greeting Cards (Internet greeting card publishers) | Services, NEC (Internet web search portals) | Newspapers: Publishing, or Publishing and Printing (Internet newspaper publishing) | Miscellaneous Publishing (miscellaneous Internet publishing) | Periodicals: Publishing, or Publishing and Printing (Internet periodical publishing) | Miscellaneous Publishing (except database, advertising periodicals, shopping news, technical manuals and books, and sheet music publishing or publishing and printing and Internet versions of these activities) | Services, NEC (Internet broadcasting, special interest web sites, entertainment sites, and interactive game sites) | Books: Publishing, or Publishing and Printing (Internet book publishing)",5811 | 5819,Book publishing | Other publishing activities,58.19 | 58.11,Other publishing activities | Book publishing,2021-12-14 20:07:04,2024-05-21 11:59:28.613,,"The Winchester Star is a newspaper publisher based in Winchester, Virginia, United States.",Newspaper Publishing | Media Services | Advertising Services,Active,winchesterstar.com,winchesterstar.com,,,,,,17179871104
17179871172,Ruici Hospital,,Ruici Hospital,CN,China,Shandong,,Qingdao,,,,,,"172 Heshan Rd, Jimo, Qingdao, Shandong, China, 266299","CN, China, Shandong, Qingdao, , , , 36.3991928, 120.46883369999999",1,Private,,,"Ruici Hospital is a surgeons & physicians clinic based in Qingdao, China.",,,Services,Consumer Services,General Hospitals,622110,General Medical and Surgical Hospitals,,,Clinics - Surgeons & Physicians,Hospitals & Clinics,Health Care & Social Assistance,,,,,,https://www.rich-healthcare.com/site/hospital,rich-healthcare.com,com,,,,,,,,,,,,,,,,,8062 | 8069,"General Medical and Surgical Hospitals | Specialty Hospitals, Except Psychiatric (children’s hospitals)",8610,Hospital activities,86.1,Hospital activities,2024-04-24 19:05:38.303,2024-12-22 19:50:40.69,,"Ruici Hospital is a healthcare facility located in Qingdao, Shandong, China. It operates under the category of a hospital and is associated with the website rich-healthcare.com.",Wheelchair Accessible Parking Lot | Wheelchair Accessible Entrance | Healthcare Services,Active,,,,,,,,17179871172
17179871254,Timpson Mobile Locksmiths,,Timpson Mobile Locksmiths,GB,United Kingdom,England,,Preston,PR1 2NQ,Friargate Walk,,,,"83b Friargate, Preston PR1 2NQ, United Kingdom","GB, United Kingdom, England, Preston, PR1 2NQ, Friargate Walk, , 53.758918699999995, -2.7017272",1,Private,,,"Timpson Mobile Locksmiths is a locksmith services company based in Preston, United Kingdom.",,,Services,Professional Services,Locksmiths,561622,Locksmiths,,,Locksmiths,Engineering Services,Architecture & Engineering Services,+448000187187,+448000187187,,,,https://www.timpsonsecurity.co.uk/areas/lancashire/,timpsonsecurity.co.uk,co.uk,,,,,,,,,,,,,,,,,7699,"Repair Shops and Related Services, NEC (locksmith shops)",8020,Security systems service activities,80.2,Security systems service activities,2023-04-26 20:44:24.916,2025-01-16 07:10:16.052,,"Timpson Mobile Locksmiths is a company based in Preston, England, specializing in emergency locksmith services. The company operates within the locksmith industry, providing various locksmith solutions.",Lockout Assistance | Emergency Locksmith Services in Preston,Active,,,,,,,,17179869381
17179871324,Sebastian Legrand,Legrand Investment GmbH.,Sebastian Legrand,DE,Germany,North Rhine-Westphalia,Fuhlenbrock,Bottrop,46242,,,,,"Lindhorststraße 154, 46242 Bottrop","DE, Germany, North Rhine-Westphalia, Bottrop, 46242, , , 51.52189212379737, 6.9075130424700575",1,Private,,,"Sebastian Legrand is an investment consultant & financial advisor based in Bottrop, Germany.","Du weißt nicht, wie man eine gute Aktie findet, sie richtig analysiert und den perfekten Einstiegsmoment wahrnimmt. Lerne erfolgreich zu investieren und zusätzliche Einnahmen an der Börse zu erzielen. Mach dich von deinem Bauchgefühl, den Medien oder Börsenbriefen unabhängig und finde selbstständig renditestarke Aktien, damit du dich langfristig an der Börse gut aufstellen kannst. Lerne wie du die besten Aktien findest und qualitativ und fundamental analysierst. Wir entwickeln gemeinsam deine Anlagestrategie. Wir begleiten dich in der praktischen Umsetzung aller gelernten Strategien. Wie du anhand von Marktanalysen, Charttechnik und Indikatoren günstig und chancenreich in Aktien einsteigst. Endlich entspannt Rendite an der Börse generieren. Egal ob Anfänger oder Profi. Bei uns lernst du die richtigen Aktien zu kaufen und 10 – 20 % Rendite zu erwirtschaften, sodass du früher in Rente gehen kannst. Nutze die kostenlose Beratung und wir analysieren gemeinsam deine individuelle Situation. In der kostenlosen und unverbindlichen Börsen-Analyse schauen wir uns an, wo du momentan stehst und welche Ziele du verfolgst.",The Stock Market | Stocks To Buy | Financial Goals | Live Trading | I.T. Consulting | Complimentary Consult,Services,Professional Services,Investment Funds,523940,Portfolio Management and Investment Advice,,,Investment Consultants & Financial Advisors,Investment Firms & Consultants,Finance & Insurance,+4920417351655,+49211384240 | +4920417351655 | +4998315050 | +4921138424999 | +4916940,info@sebastianlegrand.de,info@sebastianlegrand.de,,https://sebastianlegrand.de/,sebastianlegrand.de,de,de,,,https://www.instagram.com/legrandsebastian/,,,,https://www.youtube.com/c/sebastianlegrand,,,Investment Banking & Brokerage,FN-IB,Capital Markets,FN.1,Financials,FN,6371 | 6799 | 6733 | 6282 | 6282,"Pension, Health, and Welfare Funds (managers) | Investors, NEC (commodity contract pool operators) | Trusts, Except Educational, Religious, and Charitable (managers) | Investment Advice (portfolio managers) | Investment Advice (except portfolio managers)",6630 | 6619,Fund management activities | Other activities auxiliary to financial service activities,66.3 | 66.19,"Fund management activities | Other activities auxiliary to financial services, except insurance and pension funding",2020-09-21 17:35:05,2024-08-01 07:53:15,15,"Sebastian Legrand, legally known as Legrand Investment GmbH, is a company based in Bottrop, North Rhine-Westphalia. The company specializes in providing educational training and strategies for investing in the stock market. Their services include teaching investors how to generate additional income through stock trading, using a structured approach known as the \"SL-Strategy.\" The training is designed for both beginners and professionals, aiming to help individuals build a second source of income and achieve long-term financial independence. The company's educational programs are state-certified and approved by the Federal Center for Distance Learning.",Hedge against Drops and Crashes | State-approved Distance Learning Programs | Risk Management Services | Stock Exchange Training Programs | Income-producing Stock Options | Financial Education | Financial Services | Double-digit Returns | Investment Strategy Development | Asset Protection | High-yield Shares | Future-proof Shares,Active,investment-webinar.de | sebastianlegrand.de,investment-webinar.de | sebastianlegrand.de,225483,modelled,1,extracted,15,17179870324
17179871533,North Hudson Sewerage Authority,,North Hudson Sewerage Authority,US,United States,New Jersey,,Hoboken,07030,Adams Street,1600,40.756977,-74.0320108,"1600 Adams St, Hoboken, NJ 07030","US, United States, New Jersey, Hoboken, 07030, Adams Street, 1600, 40.756977, -74.0320108",1,Private,,,"North Hudson Sewerage Authority is a water supply & water treatment services company based in Hoboken, New Jersey, United States.",,,Manufacturing,Capital Products,Water and Sewer Line,221310,Water Supply and Irrigation Systems,,,Water Supply & Water Treatment,Utillities,Resources & Energy,+12019636043,+12019636043,,,,https://www.nhudsonsa.com/,nhudsonsa.com,com,,,,,,,,,,,,,,,,,4941 | 4971,Water Supply | Irrigation Systems,3600 | 4930,"Water collection, treatment and supply | Transport via pipeline",49.5 | 36,"Transport via pipeline | Water collection, treatment and supply",2021-11-05 16:16:49,2024-10-28 04:28:55.139,,"The North Hudson Sewerage Authority is a water treatment plant and public works department located in Hoboken, New Jersey, United States.",Water Exchange of Information | Water Treatment Plants | Customer Satisfaction Focus | Public Works Department,Active,,,,,,,,17179871388
17179871563,Major Toitures Sàrl,Major Toitures Sàrl,,CH,Switzerland,Bern,,Biel/Bienne,2500,Chemin Mettlen / Mettlenweg,55,47.15218259999999,7.2843575,"Mettlenweg 55, 2500 Biel, Switzerland","CH, Switzerland, Bern, Biel/Bienne, 2500, Chemin Mettlen / Mettlenweg, 55, 47.15218259999999, 7.2843575",1,Private,,,"Major Toitures Sàrl is a roofing contractor based in Biel/Bienne, Switzerland.","Spécialisée dans les travaux de ferblanterie, couverture, isolation, toiture plate et installation solaire, Major Toitures met à votre disposition des prestations personnalisées pour votre toiture. 
Professionnel et qualifié, votre artisan vous conseille les matériaux et les produits à utiliser, et ce pour avoir un résultat irréprochable. 
Votre artisan vous assure la sécurité et la qualité du service ainsi que le respect des délais impartis",,Services,Professional Services,"Siding, Roofing & Framing Contractors",238160,Roofing Contractors,,,Roofing Contractors,Building Contractors,Construction,+41323420838,+41323420838,,,,http://major-toitures.ch/,major-toitures.ch,ch,,,,,,,,,,,,,,,,,1761,"Roofing, Siding, and Sheet Metal Work (roofing contractors)",4390,Other specialized construction activities,43.91 | 43.99,Roofing activities | Other specialised construction activities n.e.c.,2022-07-06 12:35:11.854,2025-01-03 14:34:59.438,,"Major Toitures Sàrl is a company based in Biel/Bienne, Switzerland, operating in the fields of car repair and maintenance services and roofing contracting.",Car Repair Services | Roof Contracting,Active,,,,,,,,17179869419
17179871634,GCL Group Holdings Co. Ltd.,GCL Group Holdings Co. Ltd. | GCL Group Holding Co. Ltd.,,HK,Hong Kong,Hong Kong,West Kowloon,Kowloon,000000,Austin Road West,1,22.303379200000002,114.16022559557032,"1 Austin Road, West Kowloon, Hong Kong","HK, Hong Kong, Hong Kong, Kowloon, 000000, Austin Road West, 1, 22.303379200000002, 114.16022559557032 | CN, China, Jiangsu, Suzhou Industrial Park, , , , ,",2,Private,,,"GCL Group Holdings Co. Ltd. is a renewable energy company based in Kowloon, Hong Kong.","In the era of the Internet, from the industrial end to the consumer end, new technologies, new models, and new business formats are emerging to meet various market needs. GCL is striving to push its industrial upgrading, seeking competitions and win-win cooperation, focusing on technologies and digitalizing its operations, determined to create kinetic energy for \"carbon neutrality\". Golden Concord Limited (Group) Holdings Co., Ltd. (hereinafter referred to as \"GCL Group\") is a world-leading innovation-based enterprise committed to the advancement and development of green, low-carbon and zero-carbon technology. GCL Group has formed a comprehensive business portfolio, including the integration of wind power, PV power, energy storage, hydrogen energy, the optimization of source-grid-load-storage network, a systematic promotion of new energy, clean energy, mobile energy ecology and a coordinated development of related industries covering silicon materials, lithium materials, carbon materials, and integrated circuit core materials.",Business Formations | Clean Energy | System Integration | Energy & Battery | Solar Powered Generator | Oil And Gas | Green Energy | IT Operations | Hydrogen Energy | Wind Energy | IT Strategy | Photovoltaic  Systems | Energy Storage | Power Generators | Electrical Systems | Solar Energy | Power & Energy | Integrated Circuit | Storage Networking | Global Layout | Renewable Energies | Battery Storage,Wholesale,Capital Products,Renewable energy companies,221118,Other Electric Power Generation,,,Renewable energy companies,Renewable energy,Resources & Energy,+8616040590,+8616040590 | +8651268538285,branding@gcl-power.com,,,https://www.weepeer.com/,weepeer.com,com,en,,,,,,,,,,Solar Technology & Project Developers,RR-ST,Alternative Energy,RR.1,Renewable Resources & Alternative Energy,RR,4939 | 4931 | 4911,"Combination Utilities, NEC (other electric power generation) | Electric and Other Services Combined (other electric power generation) | Electric Services (other electric power generation)",3510,"Electric power generation, transmission and distribution",35.14 | 35.11 | 35.12 | 35.13,Trade of electricity | Production of electricity | Transmission of electricity | Distribution of electricity,2021-09-04 12:16:56,2024-01-10 04:11:01,40,"Golden Concord Limited (Group) Holdings Co., Ltd. (GCL Group) is a world-leading innovation-based enterprise that specializes in the development of green, low-carbon, and zero-carbon technology. The company has a comprehensive business portfolio that includes the integration of wind power, PV power, energy storage, hydrogen energy, and the optimization of source-grid-load-storage network, as well as the promotion of new energy, clean energy, mobile energy ecology, and related industries such as silicon materials, lithium materials, carbon materials, and integrated circuit core materials. GCL is committed to creating kinetic energy for \"carbon neutrality\" and is striving to push its industrial upgrading by seeking competitions and win-win cooperation, focusing on technologies, and digitalizing its operations.","Source-grid-load-storage Network Optimization | Solar And Energy Storage | Clean Energy | Coordinated Development of Related Industries | Renewable Energy Development | Innovation Enterprise | Green, Low-carbon, and Zero-carbon Technology | Wind Energy | PV Power Generation | Hydrogen Energy | Mobile Energy Ecology | Silicon Materials | Lithium Battery Materials | Carbon Materials | Integrated Circuit Core Materials",Active,weepeer.com,weepeer.com,,,,,40,17179871634
17179871735,Shepherd Electric Co. Inc.,Shepherd Electric Co. Inc.,,US,United States,Maryland,,Rosedale,21237,66th Street,1200,39.310237884521484,-76.525390625,,"US, United States, Maryland, Rosedale, 21237, 66th Street, 1200, 39.310237884521484, -76.525390625",,,1900,,,,,,,,,,,,,,,,,,,,https://www.shepherdelec.com/,shepherdelec.com,com,,,,,,,,,,,,,,,,,,,,,,,2022-02-11 14:54:43,2022-02-11 14:54:43,,,,Active,,,,,,,,17179870754
17179871803,,,,TW,Taiwan,Taitung County,Fengrong Village,Taitung City,950016,中華路二段154巷,100號,22.7467497,121.1373169,"950, Taiwan, Taitung County, Taitung City, 中華路二段154巷106弄2衖3號","TW, Taiwan, Taitung County, Taitung City, 950016, 中華路二段154巷, 100號, 22.7467497, 121.1373169",1,Private,,,,,,Manufacturing,Capital Products,Windows & Door Shops,321911,Wood Window and Door Manufacturing,,,Windows & Door Shops,Glass & Wood Products,Building Products,+886932664211,+886932664211,,,,https://www.sun-route.com.tw/?opi=79508299&sa=U&ved=0ahUKEwiOt7C2k-WHAxWy0gIHHUxZBmYQ61gIDygM&usg=AOvVaw3qIntbKTbTREq0_N-4mKz4,sun-route.com.tw,com.tw,,,,,,,,,,,,,,,,,2431,Millwork (wood windows and doors),1622,Manufacture of builders' carpentry and joinery,16.23 | 16.22,Manufacture of other builders' carpentry and joinery | Manufacture of assembled parquet floors,2024-04-26 11:05:20.992,2024-08-08 10:43:41.276,,"長昕隱形鐵窗 台東服務處 is a company based in Taitung City, Taiwan, specializing in window installation services. The company offers隐形鐵窗, 防護網, and 防鴿網的批发、安装、免费测量服务。",Window Installation Services | Siding Services,Active,,,,,,,,17179869927
17179871816,Gila Rogers,,Gila Rogers,DE,Germany,Bavaria,,Bad Wiessee,83707,,,,,", Bad Wiessee, Bavaria, Germany","DE, Germany, Bavaria, Bad Wiessee, 83707, , , 47.7128111, 11.7254859",,,,,,,,,,,,,,,,,,+4980227204,+4980227204,,,,https://www.rogers-psych-praxis.de/,rogers-psych-praxis.de,de,,,,,http://www.linkedin.com/company/gila-rogers,,,,,,,,,,,,,,,,,,2024-08-21 00:40:56.844,2024-08-21 00:40:56.844,,,,Active,,,,,,,,17179871781
17179871877,Aramburo,,Aramburo | Blockera Aramburo,MX,Mexico,Sinaloa,,Mazatlán,82000,,,,,"FERREMATERIALES Y BLOCKERA ARAMBURO DE VILLA UNIÓN SUC. MAZATLÁN AV. OSCAR PÉREZ ESCOBOSA No. 12 FRACC. REAL PACÍFICO MAZATLÁN, SINALOA","MX, Mexico, Sinaloa, Mazatlán, 82000, , , 23.2035785, -106.4208391",1,Private,,,"Aramburo is a ready mix concrete supplier based in Mazatlán, Mexico.","Especialistas en la elaboración de concreto premezclado, somos fabricantes de block y materiales de concreto. En materiales para construcción, blocks y concreto. Contamos con una extensa variedad y diversidad que harán que usted quede satisfecho en la adquisición de sus materiales para su proyecto, casa u obra negra, soluciones en material eléctrico e iluminación. Ser los mejores en el ramo de materiales de construcción, generando empleo y calidad en nuestros servicios con nuestros clientes atravez de nuestros colaboradores y socios, respetando el medio ambiente generando conciencia social y humana servicio de primera al mejor costo. Servir, cumpliendo con las metas que se requieren con nuestros clientes, satisfacción en la adquisición de nuestros productos y materiales de construcción, ferretería y eléctrica, atrévete a conocer la variedad de productos que te ofrecemos. Ferremateriales y Blockera Aramburo de Villa Unión ofrece gran variedad de materiales para construcción, surtimos en todo el sur de Sinaloa.",,Manufacturing,Capital Products,"Concrete, Lime and Gypsum manufacturing",327320,Ready-Mix Concrete Manufacturing,,,Ready Mix Concrete Supplier,Concrete & Stone,Building Products,+526692892389,+526692892389 | +526699122965 | +526699670915 | +526691959500,,,,https://aramburo.com.mx/,aramburo.com.mx,com.mx,es,https://www.facebook.com/ConcretosAramburo/,,https://www.instagram.com/materialesaramburo/,,,,,,,,,,,,,3273,Ready-Mixed Concrete,2395,"Manufacture of articles of concrete, cement and plaster",23.69 | 23.61 | 23.62 | 23.63 | 23.64 | 23.65,"Manufacture of other articles of concrete, plaster and cement | Manufacture of concrete products for construction purposes | Manufacture of plaster products for construction purposes | Manufacture of ready-mixed concrete | Manufacture of mortars | Manufacture of fibre cement",2021-09-09 19:16:20,2024-12-01 10:48:05,11,"Materiales Aramburo is a construction materials company based in Mazatlán, Sinaloa. The company specializes in the production of pre-mixed concrete, blocks, and various concrete materials. They serve residential, commercial, and industrial sectors, offering a wide range of products including construction materials, electrical solutions, and lighting. With over four decades of experience, Materiales Aramburo aims to provide high-quality products at affordable prices, contributing to the construction industry and fostering environmental and social responsibility.",Sand-gravel-crushed Base-seal | Lighting Solutions | Concrete Blocks Manufacturer | Ready-mixed Concrete Manufacturer | Delivery of Aggregates | Electrical Materials Lighting Solutions | Concrete Truck Services | Hardware Store | Wire Mesh,Active,aramburo.com.mx,aramburo.com.mx,9894757,modelled,150,modelled,11,17179871877
17179872068,Mero IELTS,MERO IELTS PTY.,Mero IELTS,NP,Nepal,Bagmati Province,,Kathmandu,46600,,,,,", Kathmandu, Central Region, 44600, Nepal","NP, Nepal, Bagmati Province, Kathmandu, 46600, , , 27.711188648392554, 85.30770938781727",1,Private,2021,2021,"Mero IELTS is a language & speaking school based in Kathmandu, Nepal.","MERO IELTS is an online service provided by the MERO IELTS PTY. which offers free consultancy services to students who are preparing for their IELTS test. The service provides information about the exam, advice on how to prepare for it and tips on how to improve your score. Product Features: - Online access to the service 24/7.- Access to the service via mobile phone or tablet.- Advice on how to improve your IELTS score.- Tips on how to prepare for the IELTS exam.- Information about the IELTS exam and its structure.- Information about what to expect when taking the exam.- Useful links to useful websites.- Links to useful resources such as books, magazines and newspapers.- A list of recommended reading materials.- An opportunity to share your experiences with others.- A forum where you can ask questions and get answers from other users.- A blog section where you can read blogs written by experts in the field.",Exams Information | Education Management | Educational,Education,Education,Language & Speaking Schools,611630,Language Schools,,,Language & Speaking Schools,Professional Schools,Education,,,,,,https://www.meroielts.com/,meroielts.com,com,,,,,http://www.linkedin.com/company/mero-ielts,,,,,,,,,,,,8299,"Schools and Educational Services, NEC (language schools)",8549,Other education n.e.c.,85.53 | 85.59,Driving school activities | Other education n.e.c.,2024-08-21 00:53:14.873,2024-08-21 00:53:14.873,,"MERO IELTS is an online service provided by MERO I ELTS PTY. that offers free consultancy services to students preparing for their Ieltcts test. The service provides information about the exam, advice on how to prepare for it, and tips on improving scores. It offers online access 24/7 and can be accessed via mobile phone or tablet. Additionally, the service provides useful links to useful websites, resources, recommended reading materials, a forum for sharing experiences, and a blog section with blogs written by experts in the field.",IELTS Consultancy | Educational Services | Mobile Access | Information about The Ielts Exam Structure | Recommended Reading Materials | 24/7 Access to The Service | Links to Useful Sites | Free Consulting Services | Tablet Access,Active,,,1236,modelled,1,extracted,,17179872068
17179872167,,,,,,,,,,,,,,,,,Private,,,,"The weight loss centers in Houston provide advanced programs that look at all aspects of a person's health to men and women in the Greater Houston area. As fat melts away and energy increases, patients may become motivated to continue to eat healthy, and this way of eating becomes a lifestyle. Trying to do it alone can be ineffective and at worst, lead to injuries. The doctors at the weight loss center in Houston provides patients with Nutritional Plans, Exercise Recommendations, and Nutrient supplementation in order to help them achieve optimal levels of health. This weight loss clinic is a physician-assisted weight-loss clinic. The medical staff offers personalized nutrition plans and delicious recipes. The weight-challenged can benefit from the customized programs offered by these experts.",,Services,Consumer Services,Nutritionists & Weight Loss Specialists,812191,Diet and Weight Reducing Centers,,,Nutritionists & Weight Loss Specialists,Therapy & Alternative Medicine,Health Care & Social Assistance,,,,,,,,,,,,,,,,,,,,,,,,,7299,"Miscellaneous Personal Services, NEC (diet and weight reducing services)",9609,Other personal service activities n.e.c.,96.04 | 96.09,Physical well-being activities | Other personal service activities n.e.c.,2020-10-27 19:38:14,2024-08-20 21:49:24,,"Euriware is a company that provides weight loss and medical weight loss programs in Houston, Texas. They offer advanced programs that assess the functioning of multiple bodily systems, including blood sugar, stress, oxygen intake, cognitive testing, hormone levels, heart health, strength, and bone density and body composition. Their comprehensive program includes non-invasive therapies such as Nutritional Plans, Exercise Programs, and Nutritional Supplementation to help patients potentially reverse or prevent disease and the symptoms of aging. The company advocates for avoiding sugar and all forms of processed carbohydrates and eating organic foods as much as possible to lose fat, decrease insulin levels, and decrease the risk of chronic diseases. They also provide nutritional supplements that are individualized and unique to each person's pattern of nutritional deficiency.",Weight Loss Programs | Cognitive Testing | DEXA Scan Services | Bone Density Testing | Body Composition Analysis | Age Management Specialist | Customized Treatment Programs | Bariatric Surgery | Health Assessments | Blood Sugar Management | Stress Management | Hormone Management | Heart Health Management | Twice-daily Pill,Active,,,,,,,,17179872167
17179872274,Nick Williams Joinery,,Nick Williams Joinery,AU,Australia,Tasmania,Rokeby,Hobart,7019,Droughty Point Road,,,,"SHED 4, DROUGHTY POINT RD, ROKEBY","AU, Australia, Tasmania, Hobart, 7019, Droughty Point Road, , -42.9105249, 147.4322521 | AU, Australia, Tasmania, City of Clarence, 7019, Droughty Point Road, 73, -42.9060579, 147.4423202",2,Private,,,"Nick Williams Joinery is a kitchen furniture & equipment supplier based in Hobart, Australia.","Servicing Tasmania - Hobart area and surrounds. Nick Williams Joinery Hobart specialises in custom-built kitchens, vanities and stairs. Domestic and commercial Joinery.",Commercial Joinery,Manufacturing,Durable Products,Kitchen Furniture & Equipment,337110,Wood Kitchen Cabinet and Countertop Manufacturing,,,Kitchen Furniture & Equipment,Furniture,Home Products,+61362471140,+61362471140 | +61412453122 | +61362651412,,,,https://www.nickwilliamsjoinery.com.au/,nickwilliamsjoinery.com.au,com.au,en,,,,,,,,,,Building Products & Furnishings,CG-BF,Consumer Discretionary Products,CG.2,Consumer Goods,CG,2541 | 5712 | 2434,"Wood Office and Store Fixtures, Partitions, Shelving, and Lockers (counter tops) | Furniture Stores (custom wood cabinets) | Wood Kitchen Cabinets",3100,Manufacture of furniture,31.09 | 31.01 | 31.02 | 31.03,Manufacture of other furniture | Manufacture of office and shop furniture | Manufacture of kitchen furniture | Manufacture of mattresses,2019-11-25 15:53:16,2024-08-17 14:48:57,4,"Nick Williams Joinery Hobart is a company based in the City of Clarence, Tasmania, specializing in custom-built kitchens, vanities, and stairs. With over 20 years of experience, the company offers both domestic and commercial joinery services. Nick Williams Joinery Hobart is known for providing personalized service and guarantees all their work.",Kitchen and Bathroom Design | Custom-made Kitchens | Custom Staircases | Custom-made Solutions | Domestic Joinery Services | Bathroom Vanities,Active,nickwilliamsjoinery.com.au,nickwilliamsjoinery.com.au,159056,modelled,1,modelled,4,17179872274
17179872300,,,,PK,Pakistan,,,,,,,,,,"PK, Pakistan, , , , , , 30.3308401, 71.247499",,,,,,,,Junk,Junk,Parked Domains,,,,,Parked Domains,Parked,Parked,,,,,,https://truwise.com.pk/,truwise.com.pk,com.pk,en,,,,,,,,,,,,,,,,,,,,,,2020-10-29 06:46:36,2024-12-03 12:09:21,5,"Truwise Group of Companies, legally known as Truwise Advisors Private Limited, is a business consultancy firm based in Lahore, Punjab. The company specializes in providing strategic advisory services, focusing on areas such as business strategy, financial management, and operational efficiency.",,Active,truwise.com.pk,truwise.com.pk,,,30,modelled,5,17179872120
17179872349,Edil Montenero,Edil Montenero s.r.l.,Edil Montenero,IT,Italy,Lombardy,Municipio 6,Milan,20142,Via Lago Di Nemi,25,45.4354775,9.1517365,"Via Lago di Nemi, 25 – 20142 Milano MI, Italy","IT, Italy, Lombardy, Milan, 20142, Via Lago di Nemi, 25, 45.4354775, 9.1517365",1,Private,1991,,"Edil Montenero is a home builders & renovation contractor based in Milan, Italy.","Edil Montenero s.r.l. Ristrutturazioni chiavi in mano a Milano. Edil Montenero Srl opera nel settore delle ristrutturazioni private, industriali e residenziali, dal 1991 , mantenendo anche una particolare attenzione al recupero e al restauro di opere di pregio storico – artistico – architettonico, la lunga esperienza maturata, l'amore per i dettagli, la precisione nella esecuzione dei lavori, la costante collaborazione con studi professionali qualificati, garantiscono l'affidabilità nella realizzazione delle opere. Servizi Edilizia in generale Ristrutturazione appartamenti Rifacimento tetti Rifacimento facciate Impermeabilizzazioni Opere Strutturali Manutenzione edifici Restauro chiese.",,Services,Professional Services,Residential Remodelers,236118,Residential Remodelers,,,Home Builders & Renovation Contractors,General Contractors & Heavy Construction,Construction,+390255019862,+390255019862 | +390255019873,segreteria@edilmontenero.it,segreteria@edilmontenero.it,ufficiotecnico@edilmontenero.it,https://edilmontenero.it/,edilmontenero.it,it,it,,,,,,,,,,Engineering & Construction Services,IF-EN,Infrastructure,IF.2,Infrastructure,IF,1521 | 1522 | 1531 | 8741,General Contractors - Single-Family Houses (remodeling contractors) | General Contractors - Residential Buildings Other Than Single-Family (remodeling contractors) | Operative Builders (residential operative remodelers) | Management Services (residential remodeling construction management),4100,Construction of buildings,41.1 | 41.2,Development of building projects | Construction of residential and non-residential buildings,2022-07-06 19:38:28,2024-11-29 09:57:01,6,"Edil Montenero, legally known as Edil Montenero s.r.l., is a company based in Milan, Lombardy, specializing in private, industrial, and residential renovations. Established in 1991, the company focuses on the restoration and recovery of historical, artistic, and architectural works. offers a range of services including general construction, apartment renovations, roof and facade renovations, waterproofing, structural works, building maintenance, and church restoration. The company is known for its attention to detail, precision in execution, and collaboration with professional studios.",Church Restoration | Turnkey Renovations in Milan | Refacing Services | Structural Works | Waterproofing Systems | Building Maintenance | Facade Renovation Services | Renovation Services,Active,edilmontenero.it | edilmontenero.com,edilmontenero.it | edilmontenero.com,9324647,modelled,75,modelled,6,17179872349
17179872429,,,,DE,Germany,Berlin,,Berlin,,,,,,"Berlin, Germany","DE, Germany, Berlin, Berlin, , , , 52.5108638, 13.3989421",,,,,,,,,,,,,,,,,,,,,,,https://www.irinagelwer.com/,irinagelwer.com,com,,,,https://www.instagram.com/irinagelwer/,,,,,,,,,,,,,,,,,,,2024-08-04 22:02:18.668,2024-08-08 16:11:33.639,,,,Active,,,,,,,,17179869472
17179872456,Central Ohio Lions Eye Bank,,Central Ohio Lions Eye Bank,US,United States,Ohio,,Columbus,43215,Neil Avenue,262,39.9667617,-83.0091826,"262 Neil Ave, Ste 140, Columbus, OH, United States, Ohio","US, United States, Ohio, Columbus, 43215, Neil Avenue, 262, 39.9667617, -83.0091826",1,Private,,,"Central Ohio Lions Eye Bank is an ophthalmology clinic based in Columbus, Ohio, United States.","The Mission of Central Ohio Lions Eye Bank: To restore, improve, and preserve vision by connecting eye donors and transplant recipients, educating health care professionals, and enhancing research through quality eye banking services.",Education & Health,Services,Consumer Services,Clinics,621111,Offices of Physicians (except Mental Health Specialists),,,Ophthalmologists,Hospitals & Clinics,Health Care & Social Assistance,+16145452057,+16145452057,info@coleb.org,,,https://www.donatemyeyes.org/,donatemyeyes.org,org,,https://www.facebook.com/CentralOhioLionsEyeBank/,,,,,,,,,,,,,,,8031 | 8011,"Offices and Clinics of Doctors of Osteopathy (except mental health specialists) | Offices and Clinics of Doctors of Medicine (except mental health specialists, HMO medical centers, and ambulatory surgical and emergency centers)",8620,Medical and dental practice activities,86.22 | 86.23 | 86.21,Specialist medical practice activities | Dental practice activities | General medical practice activities,2023-02-17 13:16:29.139,2024-02-11 18:12:03.99,,"The Central Ohio Lions Eye Bank is a company that aims to restore, improve, and preserve vision by connecting eye donors and transplant recipients, providing education to healthcare professionals, and supporting research through quality eye banking services.",Transplant Recipient Study | Eye Donor Connection | Healthcare Education | Research Enhancement | Eye Banking Services,Active,donatemyeyes.org,donatemyeyes.org,,,,,,17179872456
17179872730,Berry Blue,Berry Blue Ltd.,Berry Blue,GB,United Kingdom,England,,Stroud,GL5 4JW,Paganhill Lane,Brewery Yard,51.7441696,-2.2399445,"Berry Blue Ltd Mulberry House, Brewery Yard, Paganhill Lane, Stroud, GL5 4JW","GB, United Kingdom, England, Stroud, GL5 4JW, Paganhill Lane, Brewery Yard, 51.7441696, -2.2399445",1,Private,,,"Berry Blue is a catering & delivery company based in Stroud, United Kingdom.","Berry Blue was born out of a passion for seasonal produce and delicious food. It started life at Louise Brown's farm in Gloucestershire where fruit and vegetables are still grown today to use in our catering kitchens. From this Berry Blue grew and was soon providing catering for weddings and private events across Gloucestershire, Bristol and beyond. Today, over a decade on, our ethos remains the same, taking simple, good quality food that is as seasonal and local as possible and turning this into delicious and inspiring dishes for any occasion. Along with a focus on food, we have a strong commitment to professional and friendly service from the moment you meet us to the day we serve you your food. Our farm, and the home of founder Louise Brown, is on the edge of the Cotswolds in Gloucestershire. The TWIA's are recognised as the industry's independent and most established awards. Stylish, delicious catering for your next corporate event. From business meetings and networking events, to contract catering and pop-up cafes, we can deliver exceptional food and service.",Private Dinning | Private Dining Menu | Delicious Foods | Corporate Catering | Private Dining & Events | Heritage Open Days | Ice Cream | Tasting Experiences | Wood Fired Pizza | Main Meals | Wedding Breakfast | Wedding Caterers | Drinks Reception | Cake Tastings | Fruit And Vegetables | Food Tasting | Brides & Grooms | Seasonal Menus | Marketing Campaigns | Networking And Events | User Experience | Wedding Venues | Catering Kitchen | Brewery | Theatre | Catering Options | Apples & Pears | Cooking Wood,Services,Consumer Services,Caterers,722320,Caterers,,,Catering & Delivery,Restaurants,Accommodation & Food Services,+441453790669,+441453790669,info@berry-blue.co.uk,info@berry-blue.co.uk,,https://berry-blue.co.uk/,berry-blue.co.uk,co.uk,en,https://www.facebook.com/berryblueevents/,https://twitter.com/BerryBlue_event,,https://www.linkedin.com/company/berry-blue-ltd,,,,,,Restaurants,FB-RN,Restaurants,FB.4,Food & Beverage,FB,5812,Eating Places (caterers),5621,Event catering,56.21,Event catering activities,2019-11-24 11:06:17,2024-12-02 23:25:21,24,"Berry Blue, legally known as Berry Blue Ltd., is a catering company based in Stroud, England. Founded by Louise Brown, the company emerged from her farm in Gloucestershire, where seasonal produce is grown to be used in their catering kitchens. Berry Blue specializes in providing high-quality, locally sourced food for weddings, private events, and corporate functions across Gloucestershire, Bristol, and beyond. The company is known for its commitment to using fresh, seasonal ingredients and delivering exceptional service. Berry Blue has received recognition, including the Caterer of the Year award at the Wedding Industry Awards South West.",Traditional Vintage Ice Cream Tricycle | Wood Fired Pizza | Wedding Catering Services | Dining Services | Delicious and Inspired Dishes | Seasonal and Locally Sourced Ingredients | Sweetie Station and Favors | Professional and Friendly Service | Seasonal Produce,Active,crown-catering.co.uk | berry-blue.co.uk,crown-catering.co.uk | berry-blue.co.uk,640345,modelled,13,modelled,24,17179872460
17179872906,PRAJAPATI TUBES PVT. LTD.,PRAJAPATI TUBES PVT. LTD.,,IN,India,Rajasthan,,Kalwara,302037,,,,,"Chirota, Rajasthan 302037, India","IN, India, Rajasthan, Kalwara, 302037, , , 26.802773799999997, 75.57907639999999",,,,,,,,,,,,,,,,,,+919530272907,+919530272907,,,,http://www.prajapatitubes.com/,prajapatitubes.com,com,,,,,,,,,,,,,,,,,,,,,,,2024-04-25 01:24:24.553,2024-06-15 04:15:41.758,,"PRAJAPATI TUBES PVT. LTD. is a manufacturing company based in Kalwara, Rajasthan, India.",Industrial Metal Valve and Pipe Fitting | Manufacturing,Active,,,,,,,,17179871526
17179873021,Bond Richard A DO,,Bond Richard A DO,US,United States,California,,Orange,92868,West La Veta Avenue,1140,33.7797382,-117.8650617,"1140 W La Veta Ave # 700, Orange, CA 92868","US, United States, California, Orange, 92868, West La Veta Avenue, 1140, 33.7797382, -117.8650617",1,Private,,,"Bond Richard A DO is a surgeons & physicians clinic based in Orange, California, United States.",,,Services,Consumer Services,General Hospitals,622110,General Medical and Surgical Hospitals,,,Clinics - Surgeons & Physicians,Hospitals & Clinics,Health Care & Social Assistance,+17145475404,+17145475404,,,,http://pavilionfamilyphysicians.com/,pavilionfamilyphysicians.com,com,,,,,,,,,,,,,,,,,8062 | 8069,"General Medical and Surgical Hospitals | Specialty Hospitals, Except Psychiatric (children’s hospitals)",8610,Hospital activities,86.1,Hospital activities,2023-04-30 04:35:29.67,2024-08-06 15:58:56.722,,"Bond Richard A DO is a family practice physician based in Orange, California, United States.",Healthcare Services | Medical Practice | Family Practice Services,Active,,,,,,,,17179869723
17179873053,GROVE & DALL'OLIO ARCHITECTS P.L.L.C.,GROVE & DALL'OLIO ARCHITECTS P.L.L.C.,,US,United States,West Virginia,,Martinsburg,25401,West King Street,220,39.456739049999996,-77.96579554991203,"220 W King St, Martinsburg, West Virginia, 25401-3212, United States","US, United States, West Virginia, Martinsburg, 25401, West King Street, 220, 39.456739049999996, -77.96579554991203",,,,,,,,,,,,,,,,,,+13042672120,+13042672120,,,,https://www.gdaaia.com/,gdaaia.com,com,,,,,http://www.linkedin.com/company/grove-&-dall'olio-architects-p.l.l.c.,,,,,,,,,,,,,,,,,,2024-08-17 06:16:22.318,2024-08-17 06:16:22.318,,,,Active,,,,,,,,17179873053
17179873135,Bell Steel Co.,Bell Steel Co.,,US,United States,Florida,,Pensacola,32502,South C Street,538,30.404946100000004,-87.2284514,"530 S C St, Pensacola, FL 32502","US, United States, Florida, Pensacola, 32502, South C Street, 538, 30.404946100000004, -87.2284514",1,Private,,,"Bell Steel Co. is a metal fabrication services company based in Pensacola, Florida, United States.",,,Wholesale,Capital Products,Metal products fabrication,423510,Metal Service Centers and Other Metal Merchant Wholesalers,,,Metal Fabrication Services,Processed Metal,Raw Materials,+18504321545,+18504321545,,,,http://bellsteel.com/,bellsteel.com,com,,,,,,,,,,,,,,,,,5051,Metals Service Centers and Offices (merchant wholesalers),4662,Wholesale of metals and metal ores,46.72,Wholesale of metals and metal ores,2022-04-27 11:04:44,2024-10-26 04:09:11.564,,"Bell Steel Co is a steel fabricator based in Pensacola, Florida, United States.",Metal Fabrication Services | Plate Work Fabrication,Active,,,,,,,,17179873062
17179873209,Neosis Yazılım Ve Bilişim Teknolojileri,,Neosis Yazılım Ve Bilişim Teknolojileri,TR,Turkey,Sakarya,İstiklal,Serdivan,54100,,,,,"İstiklal, Cumhuriyet Cad. No:70, Serdivan, Sakarya, Turkey, 54100","TR, Turkey, Sakarya, Serdivan, 54100, , , 40.77589024871794, 30.392724138461535",,,,,,,,,,,,,,,,,,,,,,,https://www.neosisyazilim.com/,neosisyazilim.com,com,,,,https://www.instagram.com/neosisyazilimvebilisim/,,,,,,,,,,,,,,,,,,,2024-11-29 08:16:28.362,2024-11-29 08:16:28.362,,,,Active,,,,,,,,17179869398
17179873623,Orchard Chiropractic & Physiotherapy,,Orchard Chiropractic & Physiotherapy,CA,Canada,British Columbia,,Kelowna,V1Y 8K5,Cooper Road,212-1980,49.876068,-119.4431084,"212-1980 Cooper Road, Kelowna, British Columbia, V1Y 8K5","CA, Canada, British Columbia, Kelowna, V1Y 8K5, Cooper Road, 212-1980, 49.876068, -119.4431084",,,,,,,,,,,,,,,,,,,,,,,https://www.orchardchiropractic.ca/,orchardchiropractic.ca,ca,,,,https://www.instagram.com/ocpkelowna/,,,,,,,,,,,,,,,,,,,2024-11-01 16:55:46.42,2024-11-01 16:55:46.42,,,,Active,,,,,,,,17179873623
17179873772,Michel Services,,Michel Services | Michel Services VTC- Taxi en Guadeloupe!,,,,,,,,,,,,,,Private,,,,"Michel services propose de multiples services axés principalement sur 4 domaines. Le VTC en Guade loupe(transport de personne, comme un taxi), la livraison par coursier, le conseil entreprise et la création digitale. Michel services est à votre disposition pour des transferts privés vers les aéroports, les gares, vers votre entreprise , ou votre domicile .
. Michel Services dispose de tout un réseau de coursiers pour vos envois urgents. Diriger au quotidien un service ou un centre de profit, manager une équipe, lancer de nouveaux projets , s'occuper du développement commercial , gérer les ressources humaines et les compétences, innover, se réinventer … tout cela nécessite de faire face à des choix stratégiques.",Business Advice | Manpower Resources | Life & Style | Private Transfers,Services,Professional Services,Taxicabs,485310,Taxi and Ridesharing Services,,,Taxicabs,Passenger Transport Services,Transport & Warehousing,+590690002217,+590690002217,direction@michelservices.net,,,https://michelservices.org/,michelservices.org,org,fr,https://www.facebook.com/uberguadeloupe/,https://twitter.com/michelservices,https://www.instagram.com/michelservices/,,https://apps.apple.com/fr/app/en-woute/id6444211839?fbclid=PAAab7o8nAkPqRvMLdGCQf4I2UYs13nCbt8GryQwqrMTq1ZKVoYlA0wb6o-ps,https://play.google.com/store/apps/details?id=com.monapplivtc.ew21596948,,,,Car Rental & Leasing,TR-CR,Automobiles,TR.2,Transportation,TR,4899 | 4121,"Communications Services, NEC (radio broadcasting operated by cab companies) | Taxicabs",4922 | 5221,Other passenger land transport | Service activities incidental to land transportation,52.21 | 49.39 | 49.32,Service activities incidental to land transportation | Other passenger land transport n.e.c. | Taxi operation,2021-09-01 12:43:11,2024-04-15 00:16:35,15,"Michel Services is a Guadeloupe-based company that offers a range of services focused on four main areas: VTC Guadeloup (person transportation, similar to a taxi), courier delivery, business consulting, and digital creation. Their VTC in Guadelupe provides private transfers to airports, train stations, businesses, and homes, with a network of couriers available for urgent requests. They also offer business consulting services for managing teams, launching new projects, and managing human resources and skills.",Transportation Services | Digital Creation Services | Taxi and Courier Services | Consulting Services | Private Transfers | Ios and Android Apps,Active,michelservices.org,michelservices.org,,,,,15,17179873772
17179873795,Villa Serap,,Villa Serap,TR,Turkey,Antalya,Kalkan,Kaş,,,,,,"Kalkan, Kiziltas Mahallesi İstiklal Caddesi Piynar Sokak No:29 Kas Antalya, 07960, Türkiye","TR, Turkey, Antalya, Kaş, , , , 36.2670734, 29.4192225",,,,,,,,,,,,,,,,,,+905306944961,+905306944961,,,,https://www.villakalkan.com.tr/villa-serap&opi=79508299&sa=U&ved=0ahUKEwiQ2Omr0tiGAxWye6QEHbasA_8Q61gIFigS&usg=AOvVaw2G6YbnXPX66KTO6DJM5yuH,villakalkan.com.tr,com.tr,,,,,,,,,,,,,,,,,,,,,,,2024-06-14 00:13:54.972,2024-06-14 00:13:54.972,,,,Active,,,,,,,,17179870130
17179873908,Matsuda Sangyo Co. Ltd. Iruma Factory Waiting Area,,Matsuda Sangyo Co. Ltd. Iruma Factory Waiting Area,JP,Japan,Saitama Prefecture,,Iruma,358-0032,日光脇往還,4,35.8082245,139.3639229,"4-chome-396 Sayamadai, Iruma, Saitama 358-0032, Japan","JP, Japan, Saitama Prefecture, Iruma, 358-0032, 日光脇往還, 4, 35.8082245, 139.3639229",,,,,,,,,,,,,,,,,,,,,,,https://www.matsuda-sangyo.co.jp/ja/company/offices.html,matsuda-sangyo.co.jp,co.jp,,,,,,,,,,,,,,,,,,,,,,,2024-04-30 16:54:58.359,2024-12-20 23:44:08.123,,"松田産業(株) 入間工場 待機場 is a recycling center located in Iruma, Saitama Prefecture, Japan.",Material Recovery Facility | Recycling Facility,Active,,,,,,,,17179869903
17179873974,S. Riemer,,S. Riemer,DE,Germany,North Rhine-Westphalia,,Espelkamp,32339,,,,,", Espelkamp, North Rhine-Westphalia, 32339, Germany","DE, Germany, North Rhine-Westphalia, Espelkamp, 32339, , , 52.3778041, 8.6157377",,,,,,,,,,,,,,,,,,,,,,,https://www.riemer-tiefbau.de/,riemer-tiefbau.de,de,,,,,http://www.linkedin.com/company/s.-riemer,,,,,,,,,,,,,,,,,,2024-02-15 20:21:53.494,2024-02-15 20:21:53.494,,,,Active,,,,,,,,17179873974
17179873997,Folio3,,Folio3,,,,,,,,,,,,,,,,,,,,,,,,,,,,,,,,,,,https://www.folio3.com/,folio3.com,com,,,,https://www.instagram.com/folio3.digital/,,,,,,,,,,,,,,,,,,,2024-11-20 07:00:17.399,2024-11-20 07:00:17.399,,,,Active,,,,,,,,17179873997
17179873999,DLC Haustechnik,DLC Haustechnik GmbH,DLC Haustechnik,DE,Germany,Thuringia,,Neuhaus Am Rennweg,98724,Eisfelder Straße,32,50.5075849,11.1336331,Eisfelder Straße 32 98724 Neuhaus,"DE, Germany, Thuringia, Neuhaus am Rennweg, 98724, Eisfelder Straße, 32, 50.5075849, 11.1336331",1,Private,1990,,"DLC Haustechnik is an electrical & wiring contractor based in Neuhaus am Rennweg, Germany.","Unsere Firma, die DLC Haustechnik GmbH, ist zu einem festen Begriff für Service, Qualität und Kompetenz in den Landkreisen Saalfeld-Rudolstadt und Sonneberg geworden. Juni 1990 wurde der Grundstein für die heutige DLC Haustechnik GmbH gelegt, in der ca. 25 Mitarbeiter tätig sind. Unser Leistungsangebot umfasst den Elektroanlagenbau bis 1 KV sowie auch Anlagen bis 30 KV, Blitzschutz- und Nachtspeicheranlagen, Antennen- und Gemeinschaftsantennenanlagen, Telefon- und Niederspannungsanlagen. Im Bereich Handel und Service bieten wir unseren Kunden ein großes Warenangebot von großen und kleinen Haushaltsgeräten, HiFi, Video, DVD und neuester Fernsehtechnik von LED, LCD bis Plasma TV Geräten, sowie Mobilfunk und Telekommunikation. Ebenso bieten wir auch unserer Kundschaft in den Bereichen Haus-, Fernseh- und Satellittentechnik den kompletten Service mit eigener Werkstatt und ständig geschultem Serviceteam. Unsere einmalige Leistungsvielfalt von A bis Z lässt keine Wünsche offen. Garantieleistungen und vieles mehr.",Small Domestic Appliances | Video And Dvds | Plasma Tv,Services,Professional Services,Electrical & Wiring Contractors,238210,Electrical Contractors and Other Wiring Installation Contractors,,,Electrical & Wiring Contractors,Finishing Contractors,Construction,+493679790620,+493679790626 | +493679790620 | +493679700347 | +4971569331255 | +49367979060,dlc@dlchaustechnik.de,,,https://dlchaustechnik.de/,dlchaustechnik.de,de,de,,,,,,,,,,Professional & Commercial Services,SV-PS,Consumer Services,SV.3,Services,SV,1731 | 1711,"Electrical Work (electrical work except burglar and fire alarm installation) | Plumbing, Heating, and Air-Conditioning (environmental control installation contractors)",4321,Electrical installation,43.21,Electrical installation,2019-12-19 06:57:41,2024-11-09 01:34:00,12,"DLC Haustechnik, legally known as DLC Haustechnik GmbH, based in Neuhaus am Rennweg, Thuringia, specializes in electrical installation, repair, and service. The company offers a wide range of services including the construction of electrical systems up to 1 KV and 30 KV, lightning protection, night storage systems, antenna and community antenna systems, and low-voltage telephone systems. DLC Haustechnik also provides kitchen consulting and installation services, as well as a comprehensive range of household appliances, HiFi, video, DVD, and the latest TV technology. Additionally, the company offers services in home, television, and satellite technology, supported by a well-trained service team and a workshop.",Antennas and Communal Aerial Plants | Latest TV Technology | Home Appliances Retailer | Washing Machine | Lightning Protection and Night Storage Facilities | Dishwashing Machines | Television Sets | LED LCD Plasma Tvs | Refrigeration Units | Kitchen Equipment | Repair Services Provider | Television and Satellite Solutions Provider | Electrical Installation and Maintenance Services | Video Equipment | Home Appliances | Telephone and Low Voltage Equipment | Mobile and Phones | Building Technology Services | DVD Player | Antenna Systems,Active,dlchaustechnik.de,dlchaustechnik.de,3512196,modelled,25,extracted,12,17179873999
17179874131,Designs Raptor,,Designs Raptor,US,United States,Florida,,Tampa,33637,Hidden River Parkway,8875,28.074730072661,-82.3594367842587,"8875 Hidden River Parkway, Tampa, Florida, 33637, United States","US, United States, Florida, Tampa, 33637, Hidden River Parkway, 8875, 28.074730072661, -82.3594367842587",1,Private,2020,2020,"Designs Raptor is a graphic design company based in Tampa, Florida, United States.","Designs Raptor, at present, is an emerging full-service digital consultancy in USA. Also, as one of the most prominent digital marketing agencies in town, we have vast market experience with the required skill sets to captivate your desired audiences. Above all, our services have been recognized to enable our clients to attain the best possible results. Get the very best services from us at affordable prices and packages",Digital Marketing Agencies | Digital Consultancy,Services,Professional Services,Graphic Design,541430,Graphic Design Services,,,Graphic Design,Graphic Design,Advertising & Marketing,+18553454684,+18553454684,,,,https://www.designsraptor.com/,designsraptor.com,com,,,,,http://www.linkedin.com/company/designs-raptor,,,,,,,,,,,,7336 | 8099,"Commercial Art and Graphic Design | Health and Allied Services, NEC (medical artists)",7410,Specialized design activities,74.1,Specialised design activities,2023-01-22 19:52:25.128,2024-11-22 04:01:51.363,,Designs Raptor is a full-service digital consultancy based in the USA. They are a prominent digital marketing agency with extensive market experience and expertise in captivating target audiences. Their services are designed to help clients achieve optimal results at affordable prices and packages.,Digital Marketing Agencies | Digital Consultancy | Digital Consultation Services,Active,,,563887,modelled,4,extracted,,17179870498
17179874132,BROWZONE,BROW.ZONE CO.,BROWZONE,,,,,,,,,,,,,,Private,,,,"Подчеркнем Вашу натуральную и естественную красоту. Формирование красивой формы, насыщение пигментом и кератином.",Day Of Details | Eyelashes & Brows | Brow Shape | Brow Lamination | Makeup Suggestions | Unwanted Hair | Aftercare Advice | Eyebrow Makeup | Eyelash Tinting | Natural Edge | Eye Lashes Extension | Job Examples,Education,Education,Beauty Schools,611511,Cosmetology and Barber Schools,812112,Beauty Salons,Beauty Schools,Professional Schools,Education,+79817614264,+79817614264,coo_bz@newstep.pro,,,https://brow.zone/,brow.zone,zone,ru,,,https://www.instagram.com/browzone_spb/,,,,,,,Education,SV-ED,Consumer Services,SV.3,Services,SV,7231 | 7241,Beauty Shops (beauty and cosmetology schools) | Barber Shops (barber colleges),8522,Technical and vocational secondary education,85.32,Technical and vocational secondary education,2021-08-24 05:13:27,2022-06-26 14:30:17,17,"Browszone is a company that specializes in creating custom eyebrows and eyelashes. They offer a range of services including eyebrow shaping, coloring, and shaping, as well as eyelash extensions. Their goal is to provide customers with natural and natural-looking eyebrows that enhance their natural beauty. They also offer a variety of eyelash styles, including classic and classic-style extensions, and provide free consultations to help customers choose the perfect style for them.",Eyeglass Frames | Lip Blushing | 4-D Lenses | Eye Care Services | Eyelash Extensions | Eyebrow and Eyelash Services | Eyebrow Microblading,Active,brow.zone,brow.zone,,,,,17,17179874132
17179874202,Top Mortgage,,Top Mortgage,US,United States,Michigan,,Dearborn,48124,Mason Street,835,42.30756345,-83.2460474012548,"835 Mason St suite B-315, Dearborn, Michigan, 48124","US, United States, Michigan, Dearborn, 48124, Mason Street, 835, 42.30756345, -83.2460474012548",,,,,,,,,,,,,,,,,,,,,,,https://www.topmortgagecompany.com/,topmortgagecompany.com,com,,,,https://www.instagram.com/top.mortgage/,,,,,,,,,,,,,,,,,,,2024-08-08 08:31:29.051,2024-08-09 23:30:47.001,,,,Active,,,,,,,,17179872057
17179874333,Hundezentrum DOGood,,Hundezentrum DOGood | DOGood | DOGood® Hundezentrum,DE,Germany,Thuringia,,Drognitz,,,,,,,"DE, Germany, Thuringia, Drognitz, , , , 50.5881507, 11.5728089",1,Private,,,"Hundezentrum DOGood is a pet boarding & sitting services company based in Drognitz, Germany.","Hier finden Sie Verhaltenstraining und Erziehung für Ihren Hund ohne Gewalt, Einschüchterung oder Schreckreize. Hierdurch kann Ihr Hund wachsen, Selbstvertrauen gewinnen und ein Urvertrauen in Ihnen und in alltäglichen Situationen entwickeln – mit Leichtigkeit und Können. Stressfrei Zusammenwachsen im Hohenloher Land.",Learn Home | Positive Reinforcement | One Voice | Large Dogs,Services,Consumer Services,Pet Boarding & Sitting,812910,Pet Care (except Veterinary) Services,,,Pet Boarding & Sitting,Animal Services,Other Consumer Services,+491713511182,+491713511182 | +497946943410 | +49367375,info@dogood.de,info@dogood.de,,https://dogood.de/,dogood.de,de,de,https://www.facebook.com/dogood.Hundeverstehen/,,https://www.instagram.com/dogood_hundeverstehen/,,,,,,,Professional & Commercial Services,SV-PS,Consumer Services,SV.3,Services,SV,0752,"Animal Specialty Services, Except Veterinary (pet care services, except veterinary)",9609,Other personal service activities n.e.c.,96.04 | 96.09,Physical well-being activities | Other personal service activities n.e.c.,2020-05-29 06:26:49,2024-07-29 06:50:16,34,"DOGood is a dog training company based in Bretzfeld, Baden-Württemberg. Founded by Katrien Lismont, the company specializes in behavior training and education for dogs without the use of violence, intimidation, or aversive techniques. DOGood offers a variety of training programs, including Intensive Weeks, PowerWeekends, IntensiveCamps, and individual and group training sessions. The company emphasizes a holistic approach to dog training, integrating principles of behavior analysis, positive reinforcement, and a deep understanding of each dog's unique personality. DOGood also provides online training resources and professional development opportunities for dog trainers.",Training Sessions | Behavioral Training Services | Intensive Training | B.A.T Training | Nutritional Knowledge | Refresher Weekends for Dogs | Power Weekends | Positive Reinforcement Marker Training | Holistic Approach to Training,Active,dogood.de,dogood.de,40683,modelled,1,extracted,34,17179872052
17179874354,VfR Horst,V.f.R. Horst e.V.,VfR Horst,DE,Germany,,,,,,,,,,"DE, Germany, , , , , , 51.1638175, 10.4478313",1,Private,,,VfR Horst is a soccer club based in Germany.,"Publiziert in Vereinsleben. Liebe Vereinsmitglieder, sehr geehrte Fördermittelgeber, sehr geehrte Gemeindevertretung der Gemeinde Horst, im Jahr 2021 haben das Präsidium des VfR Horst und die Gemeindevertretung Horst die Beschlüsse gefasst, dass die Flutlichtanlagen auf dem Trainingsplatz Rasen und auf dem Kunstrasenplatz auf eine modere und energieeffiziente LED-Flutlichtanlage umgerüstet werden soll. Mit dieser Umrüstung soll ein gemeinsamer.",,Services,Consumer Services,Professional  Sports,711211,Sports Teams and Clubs,,,Soccer Club,Sports,"Arts, Entertainment & Recreation",+4941263966868,+4941263966868 | +493022022,info@vfr-horst.de,info@vfr-horst.de,,https://vfr-horst.de/,vfr-horst.de,de,de,https://www.facebook.com/policy.php/,https://twitter.com/home,,,,,,,,Leisure Facilities,SV-LF,Hospitality & Recreation,SV.2,Services,SV,7941,Professional Sports Clubs and Promoters (professional sports clubs),9312,Activities of sports clubs,93.12,Activities of sports clubs,2021-12-29 21:41:40,2024-10-31 08:47:41,58,"VfR Horst, legally known as V.f.R. Horst e.V., is a football club based in Horst, Schleswig-Holstein. The club has various teams for men, women, and youth, including U15/U14, U13/U12, U11, U10, U9, and U7. The club is involved in community activities and has a dedicated youth department. has undertaken significant projects, such as the installation of energy-efficient LED floodlights at their training grounds, which contribute to climate protection. The club has received financial support from the federal government, the Schleswig-Holstein State Sports Association, the Fördergesellschaft des Kreises Steinburg gGmbH, and the Horst municipality.",Energy-saving Floodlighting System Using LED Lights | Youth Committee | Training Programs for Boys and Girls | Non-profit Organization | Youth Development Programs | Football Training | Youth Sports Organization,Active,vfr-horst.de,vfr-horst.de,3693867,modelled,15,modelled,58,17179874354
17179874517,Developing Minds ABA Therapy - Home Service,,Developing Minds ABA Therapy - Home Service,CA,Canada,Ontario,,,,,,,,"ontario,canada","CA, Canada, Ontario, , , , , 50.000678, -86.000977",,,,,,,,,,,,,,,,,,+14169070431,+14169070431,,,,http://www.developingminds.ca/,developingminds.ca,ca,,,,,,,,,,,,,,,,,,,,,,,2021-10-02 20:44:23,2023-08-22 06:03:29.264,,,,Active,,,,,,,,17179869500
17179874573,Focus Designs,,Focus Designs,,,,,,,,,,,,,,,,,,,,,,,,,,,,,,,,,,,https://www.focusdesigns.com/,focusdesigns.com,com,,,,,https://www.linkedin.com/company/focus-designs-inc,,,,,,,,,,,,,,,,,,2022-06-06 19:51:09.272,2023-06-09 13:00:08.373,,,,Active,,,,,,,,17179874573
17179874703,Fitz Signs & Murals,,Fitz Signs & Murals,,,,,,,,,,,,,,,,,,,,,,,,,,,,,,,,,,,https://www.fitzsigns.com/,fitzsigns.com,com,,,,https://www.instagram.com/fitzsignsmurals/,,,,,,,,,,,,,,,,,,,2024-08-01 20:43:34.685,2024-11-12 20:03:46.721,,,,Active,,,,,,,,17179874703
17179874765,FinanceVue,,FinanceVue,US,United States,California,Woodland Hills,Los Angeles,91367,Victory Boulevard,21300,34.18776965,-118.596695839323,"21300 Victory Blvd , , 12th Floor, Woodland Hills, California, CA 91367","US, United States, California, Los Angeles, 91367, Victory Boulevard, 21300, 34.18776965, -118.596695839323 | US, United States, California, San Jose, 95113, Park Avenue, 345, 37.3307552, -121.89435020744925 | GB, United Kingdom, England, London, SE1 0BL, Great Suffolk Street, 74, 46.6295778, 5.0978317",3,Private,,,"FinanceVue is a software development services company based in Los Angeles, California, United States.","Account Media aids in delivering lead generation services, inclusive of content syndication, data analytics, and email marketing (referred to as the \"Lead Generation Services\"). Occupational details, like industry, job designation, company name, department, or company size. We purchase lists of potential client prospects. Contact verification and data enrichment. Notre annuaire complet de clients et de ressources. Oracle Corporation est une multinationale américaine de technologie informatique basée à Redwood Shores, en Californie. La société vend des logiciels et des technologies. De plus en plus d'entreprises réalisent la valeur commerciale de l'élaboration d'une stratégie de développement.",,Services,Professional Services,Custom Computer Programming Services,541511,Custom Computer Programming Services,,,Software Development Services,Software & IT Services,IT&C Services,+18777777750,+18777777750 | +442071838674 | +14085366000,info@gocardless.co.uk,,,https://finance-vue.fr/,finance-vue.fr,fr,fr,,,,,,,,,,Consumer Finance,FN-CF,Corporate & Retail Banking,FN.2,Financials,FN,7371,Computer Programming Services,6201,Computer programming activities,62.01,Computer programming activities,2024-11-24 09:17:04,2025-01-22 03:25:12,33,,Supplier Directory | Software Solutions for Finance | Sustainability Strategy | White Papers for Finance Industry Firms | Cloud Security Content | Carbon Neutral Projects | Sponsored White Papers | Bankers Box,Active,finance-vue.fr,finance-vue.fr,20108184,modelled,75,modelled,33,17179874765
17179874795,,,,US,United States,West Virginia,,Charleston,25305,Kanawha Boulevard East,1900,38.336306199999996,-81.61227444920297,"1900 Kanawha Blvd E, Charleston, South Carolina, 25305, United States","US, United States, West Virginia, Charleston, 25305, Kanawha Boulevard East, 1900, 38.336306199999996, -81.61227444920297",,,1910,1910,,,,,,,,,,,,,,+13045582227,+13045582227,,,,https://www.wvforestry.com/,wvforestry.com,com,,https://www.facebook.com/wvforestry/,https://twitter.com/WVForestry,,http://www.linkedin.com/company/forestry-west-virgina-division-of,,,,,,,,,,,,,,,,,,2024-03-12 12:47:04.475,2024-03-19 22:59:18.713,,,,Active,wvforestry.com,wvforestry.com,4500000,extracted,1,extracted,,17179873275
17179874801,BELLACARA INC.,BELLACARA INC.,,US,United States,Virginia,,Alexandria,22314,King Street,"1000, 10002",38.8053802,-77.05046921242216,"1000 King St, Alexandria, Virginia, 22314-2923, United States","US, United States, Virginia, Alexandria, 22314, King Street, 1000\\, 10002, 38.8053802, -77.05046921242216",,,,,,"Premiere Beauty Products & Expert Advice. Northern Virginia's preeminent boutique for high end cosmetics, skin care and hair products.",Hair Product | Wholesale | Cosmetics & Skincare,,,,,,,,,,,+17032999652,+17032999652,,,,https://www.bellacara.com/,bellacara.com,com,,,,,http://www.linkedin.com/company/bellacara-inc.,,,,,,,,,,,,,,,,,,2024-03-27 17:55:29.019,2024-03-27 17:55:29.019,,"Premiere Beauty Products & Expert Advice is a boutique located in Northern Virginia that specializes in offering high-end cosmetics, skin care, and hair products.",H Products | High-end Cosmetics | Skin-Care Products,Active,,,,,2,extracted,,17179873694
17179874945,Effective communication,Effective Communication DNR AB.,Effective communication,SE,Sweden,Stockholm County,Kista,Stockholms Kommun,164 40,Borgarfjordsgatan,16,59.4064033,17.9428599,"Borgarfjordsgatan 16, 164 40 Kista, Sverige","SE, Sweden, Stockholm County, Stockholms kommun, 164 40, Borgarfjordsgatan, 16, 59.4064033, 17.9428599",1,Private,,,"Effective communication is a digital & marketing agency based in Stockholms kommun, Sweden.","The intention is to display ads that are relevant and engaging for the individual user and thereby more valuable for publishers and third party advertisers. Learn more about this provider tt_appInfo Used by the social networking service, TikTok, for tracking the use of embedded services. Learn more about this provider #-# Used to track user's interaction with embedded content. LAST_RESULT_ENTRY_KEY Used to track user's interaction with embedded content. LogsDatabaseV2:V#||LogsRequestsStore Used to track user's interaction with embedded content. Vi hjälper många av Sveriges vassaste varumärken i deras försäljning. Under tio års tid har vi byggt upp vår verksamhet och breddat vårt tjänsteutbud för att alltid ligga i framkant. Vårt team består idag av över trehundra drivna och talangfulla medarbetare på våra kontor i Stockholm och Barcelona. Vår expertis ligger i att utforma skräddarsydda kommunikationsstrategier som inte bara driver företag framåt genom överlägsen service,utan också säkerställer strategisk räckvidd och långsiktig framgång.",,Services,Professional Services,Marketing and Advertising Agencies,541613,Marketing Consulting Services,,,Digital & Marketing Agencies,Marketing & Advertising Agencies,Advertising & Marketing,+468330696,+468330696,info@effectivecommunication.se,info@effectivecommunication.se,,https://www.effectivecommunication.se/,effectivecommunication.se,se,en,https://www.facebook.com/effectivecommunication.se/,,https://www.instagram.com/effectivecommunication/,https://www.linkedin.com/company/effective-communicationdnr,,,,,,Professional & Commercial Services,SV-PS,Consumer Services,SV.3,Services,SV,8742,Management Consulting Services (marketing consulting),7020,Management consultancy activities,70.21 | 70.22,Public relations and communication activities | Business and other management consultancy activities,2020-02-24 16:25:00,2024-11-12 00:39:19,20,"Effective Communication in Spain is a company based in Barcelona, Catalonia, specializing in sales, customer service, meeting booking, and customer training. The company serves a wide range of well-known brands in Sweden, providing tailored communication strategies to enhance customer engagement and business growth. With over three hundred employees across its offices in Stockholm and Barcelona, Effective Communication focuses on delivering high-quality service and strategic support to ensure long-term success for its clients.",Marketing Services | Meeting Booking at Management Level | Tailored Communication Strategies | Fundraising Management | Customer Management,Active,effectivecommunication.se,effectivecommunication.se,,,,,20,17179874945
17179874955,PetiteLUXE Parties,,PetiteLUXE Parties,,,,,,,,,,,,,,Private,,,,"PetiteLUXE Parties is a boutique children's event planning business that offers kids party decor and kids party rentals for boys and girls, as well as entertainment stations. We have a specialty in children's party styling and entertainment; which may include services such as backdrops, balloon garlands, crafts, and beauty stations!! All of our themed packages are specially curated to provide just the right balance of children's enjoyment and parent's satisfaction. We expanded our packages to include new trendy themed parties, including Art, Crafts, Painting, Slime, and Cupcake Decorating! This is in addition to are very popular Spa Parties! We are available for all occasions! (1st birthdays, girls parties, boys parties, cakesmash, etc.",Boy Parties | Children's Parties | Birthday Girls,Services,Consumer Services,,,,,,Event Planner Services,Entertainment,"Arts, Entertainment & Recreation",,,,,,http://petiteluxeparties.com/,petiteluxeparties.com,com,,,,,,,,,,,,,,,,,,,,,,,2021-11-05 15:12:06,2024-04-01 11:37:50.447,,"PetiteLUXE Parties is a boutique children's event planning business specializing in kids' party decor and rentals for boys and girls. They offer a range of services including backdrops, balloon garlands, crafts, beauty stations, and entertainment stations. Their themed packages are carefully curated to cater to both children's enjoyment and parents' satisfaction. They also offer trendy themed parties such as Art, Crafts, Painting, Slime, and Cupcake Decorating, as well as popular Spa Parties. PetiteLuxE Parties caters to various occasions including 1st birthdays, girls parties, boys parties, and cakesmash.",Childrens Party Rentals | Backdrop Services | Entertainment Station | Children's Parties | Event Planning Services | Balloon Garlands | Craft Services | Beauty Stations | Childrens Event Planning,Active,,,,,,,,17179874955
17179874991,Optimum Health Telehealth,,Optimum Health Telehealth,HN,Honduras,Lempira,,Virginia,,,,,,,"HN, Honduras, Lempira, Virginia, , , , 14.0146616, -88.5743855",1,Private,,,"Optimum Health Telehealth is an alternative therapy clinic based in Virginia, Honduras.","Optimum Health is your full service natural healthcare center. We are your primary care for natural healthcare committed to helping you address the underlying causes of health issues. Our process assist clients nationwide in attaining their optimum health status by removing healing impediments, ensuring essential nutrients and encouraging the proper micro environment for healing. We give you the personal touch as we become a part of your team that helps you strive for optimum health. Become a part of the Optimum Health Family and heal utilizing traditional, homeopathic, alternative, complimentary and natural methods with kinesiology, quality supplements and the elimination of toxins with total body cleanses.",,Services,Consumer Services,Offices of All Other Miscellaneous Health Practitioners,621399,Offices of All Other Miscellaneous Health Practitioners,,,Alternative Therapy,Therapy & Alternative Medicine,Health Care & Social Assistance,+18046776061,+18046776061,,,,https://optimum-health.org/?opi=79508299&sa=U&ved=0ahUKEwjcqpLwlOGHAxVqp5UCHYT9DRUQ61gICSgF&usg=AOvVaw3_cb2X3ltOPKRTO5eMSgLt,optimum-health.org,org,,https://www.facebook.com/Optimum.Health.RVA/,,,,,,,,,,,,,,,8049 | 8093,"Offices and Clinics of Health Practitioners, NEC (except mental health practitioners, physical, occupational, speech therapists, and audiologists) | Specialty Outpatient Facilities, NEC (respiratory therapy clinics and offices)",8690,Other human health activities,86.9,Other human health activities,2021-11-05 14:39:32,2024-08-07 00:27:41.929,,"Optimum Health Telehealth is a service establishment that operates in the fields of health consulting, alternative medicine, general practice, naturopathy, and the sale of vitamins and supplements. The company also offers wellness programs.",Healthcare Consulting Services | General Practice | Alternative Medicine Services | Certified Naturopathic Practitioner | Service Establishment | Telehealth Services | Vitamin Supplements Store | Wellness Programs,Active,,,,,,,,17179874991
17179875203,Wessbecker Automotive,,Wessbecker Automotive,US,United States,Colorado,,Castle Rock,80104,South Wilcox Street,123 1/2,39.3688749,-104.8601132,"123 1/2 S Wilcox St Castle Rock, CO 80104","US, United States, Colorado, Castle Rock, 80104, South Wilcox Street, 123 1/2, 39.3688749, -104.8601132",1,Private,1923,,"Wessbecker Automotive is an auto service based in Castle Rock, Colorado, United States.","We provide major repairs and service for engines and transmissions. We provide services such as water pumps, radiators, hoses and more. We provide full service car repair for your air conditioning system. Don't worry about it, we're here to help. Move left→Move right↑Move up↓Move down+Zoom in-Zoom outHomeJump left by 75%EndJump right by 75%Page UpJump up by 75%Page DownJump down by 75%To navigate, press the arrow keys. Our family owned business was started by Mark Wessbecker in1981. We have Three ASE certified Technicians, with a combined of over 100 years of experience between all 5 of us.",Brake Systems | Air Conditioning | Steering & Suspension | Preventive Maintenance | Car Repair And Maintenance | Services & Car Repairs | Auto Repairs | Fluid Replacement | Heating And Cooling | Engine & Transmission | Check Engine Lights | Air-conditioning Systems | Radiator Hoses | Power Station | Cooling System | Water Pumps | Car Repairs | Ball Joints | Oil Change | Brake Pads | Automotive Service | ASE Certification | Auto Parts | Working Conditions | Tire Rotations | Billing Practices,Services,Consumer Services,Auto Services,811111,General Automotive Repair,,,Auto Services,Auto Services,Other Consumer Services,+13036880155,+13036880155,,,,http://www.wessbeckerautomotive.com/,wessbeckerautomotive.com,com,en,https://www.facebook.com/WessbeckerAutomotive/,,,,,,,,,Auto Parts,TR-AP,Automobiles,TR.2,Transportation,TR,7538,General Automotive Repair Shops,4520,Maintenance and repair of motor vehicles,45.2,Maintenance and repair of motor vehicles,2020-10-29 10:45:01,2024-10-30 22:19:21,3,"Wessbecker Automotive is an automotive repair company based in Castle Rock, Colorado. Founded in 1981 by Mark Wessbecker, the company is currently operated by Mark and his son Jason. The business employs three ASE-certified technicians with a combined experience of over 100 years. Wessbecker Automotive offers a wide range of services including oil changes, brake system maintenance, fluid replacement, factory-scheduled services, drive train repairs, preventive maintenance, heating and cooling system services, air conditioning repairs, and steering and suspension upgrades. The company is a NAPA Auto Care Center, recognized for its quality and reliability in the automotive repair industry.",Tune-ups | Air Conditioner Maintenance | Oil Change | ASE Certified | Automotive Repair and Maintenance Services | Preventive Maintenance,Active,wessbeckerautomotive.com,wessbeckerautomotive.com,,,,,3,17179875203
17179875343,Shakti Shiva Magnets Private Limited,Shakti Shiva Magnets Private Limited,,IN,India,Delhi,,New Delhi,110064,,,,,"Gi-114, Phase2, Mayapuri Industrial Area Phase I, New Delhi, Delhi 110064, India","IN, India, Delhi, New Delhi, 110064, , , 28.635322799999997, 77.22496629999999",,,,,,,,,,,,,,,,,,+919910301053,+919910301053,,,,http://www.imidewires.com/&opi=79508299&sa=U&ved=0ahUKEwjBx5bsr7GGAxWMCbkGHWE0BHwQ61gIEygQ&usg=AOvVaw1hjwQ-0UntNeYiBLdeTlUT,imidewires.com,com,,,,,,,,,,,,,,,,,,,,,,,2021-10-01 11:53:22,2024-05-28 22:24:34.462,,"Shakti Shiva Magnets Private Limited is a manufacturing company based in New Delhi, India.",Manufacturing | Power Transformer Manufacturer | Distribution,Active,,,,,,,,17179873042
17179875443,WakeInn Cable Park,,WakeInn Cable Park | WAKE INN,LT,Lithuania,Vilnius County,,Ežeraičiai,LT-14247,Ežeraičių G.,2,54.828609,25.1322837,"Ežeraičių g. 2, Ežeraičių km., Avižienių sen., Vilniaus raj.","LT, Lithuania, Vilnius County, Ežeraičiai, LT-14247, Ežeraičių g., 2, 54.828609, 25.1322837 | LT, Lithuania, Utena County, Zarasai, , , , 55.7304035, 26.2471471",2,Private,,,"WakeInn Cable Park is an arcades & amusement park based in Ežeraičiai, Lithuania.",,Cable Park,Services,Consumer Services,"Arcades, Amusement Parks and Bowling Centers",713110,Amusement and Theme Parks,,,Arcades & Amusement Parks,"Gardens, Parks & Playgrounds","Arts, Entertainment & Recreation",+37065978898,+37065978898 | +37065556665 | +37063888840 | +37062328187,info@wakeinn.lt,info@wakeinn.lt,zarasai@wakeinn.lt,https://wakeinn.lt/,wakeinn.lt,lt,lt,https://www.facebook.com/wakeinnlt/,,https://www.instagram.com/wakeinn_vilnius/,,,,https://www.youtube.com/channel/UCcjf3Ac7V5oCF731ySeymyg,,,Hotels & Lodging,SV-HL,Hospitality & Recreation,SV.2,Services,SV,7996,Amusement Parks,9321,Activities of amusement parks and theme parks,93.21,Activities of amusement parks and theme parks,2021-09-06 20:38:24,2024-11-03 11:27:28,11,"Wake Inn is a company based in Zarasai, Utena County, specializing in the operation of cable parks and water parks. The company offers various activities and attractions, including e-tickets and webcams, catering to a diverse range of visitors.",E-ticketing Services | Gift Vouchers | Waitlist Service | Cable Park Operator | Water Park Attractions | Webcam Services | Tourism | Slingshot Festival,Active,wakeinn.lt,wakeinn.lt,4179641,modelled,75,modelled,11,17179875443
17179875550,Kearny Bank,,Kearny Bank,US,United States,New Jersey,,Harrison Township,07029,Harrison Avenue,534,40.747192,-74.152143,"534 Harrison Ave, Harrison, NJ 07029","US, United States, New Jersey, Harrison Township, 07029, Harrison Avenue, 534, 40.747192, -74.152143",,,,,,,,,,,,,,,,,,+19734828019,+19734828019,,,,https://www.kearnybank.com/branch-locations/new-jersey/hudson-county/harrison-branch,kearnybank.com,com,,https://www.facebook.com/1695620887386488/,https://twitter.com/kearnybank,https://www.instagram.com/kearny_bank/,https://www.linkedin.com/company/kearny-bank,,,,,,,,,,,,,,,,,,2023-09-30 18:31:42.4,2023-10-01 02:36:58.406,,,,Active,,,,,,,,17179869897
17179875555,Konasami-jima Lighthouse,,Konasami-jima Lighthouse,JP,Japan,Aichi Prefecture,,Inuyama,484-0000,天道眼鏡橋,,,,"Uchiyama, Inuyama, Aichi 484-0000, Japan","JP, Japan, Aichi Prefecture, Inuyama, 484-0000, 天道眼鏡橋, , 35.3460721, 136.98953889999999",,,,,,,,,,,,,,,,,,,,,,,https://www.meijimura.com/sp/enjoy/sight/building/5-53.html,meijimura.com,com,,,,,,,,,,,,,,,,,,,,,,,2024-04-29 03:57:22.5,2024-12-15 00:45:45.339,,"The Konasami-jima Lighthouse is an exhibit located in Inuyama, Aichi Prefecture, Japan.",Exhibition And Display | Cultural Heritage Preservation | Cultural Institution | Wheelchair Accessible Entrance,Active,,,,,,,,17179869625
17179875642,HIGHER CALL CHRISTIAN CENTER,,HIGHER CALL CHRISTIAN CENTER,US,United States,North Carolina,,Raleigh,27616,Old Wake Forest Road,7001,35.869713399999995,-78.58465164059552,"7001 Old Wake Forest Rd, Raleigh, North Carolina, 27616-3013, United States","US, United States, North Carolina, Raleigh, 27616, Old Wake Forest Road, 7001, 35.869713399999995, -78.58465164059552",,,,,,,,,,,,,,,,,,+19198509937,+19198509937,,,,https://www.highercall.org/,highercall.org,org,,,,,http://www.linkedin.com/company/higher-call-christian-center,,,,,,,,,,,,,,,,,,2024-02-19 08:56:55.694,2024-02-19 08:56:55.694,,,,Active,,,,,,,,17179875642
17179875648,Cartridge Sale,,Cartridge Sale,AU,Australia,New South Wales,Lidcombe,Sydney,2141,Railway Parade,2,-33.8597845,151.0401042,"2 railway pde #23, lidcombe, nsw, australia 2141","AU, Australia, New South Wales, Sydney, 2141, Railway Parade, 2, -33.8597845, 151.0401042",1,Private,,,"Cartridge Sale is an office supplier based in Sydney, Australia.",,,Retail,Nondurable Products,Office Supplies,459410,Office Supplies and Stationery Retailers,,,Office Supplies,Books Printing & Stores,Other Nondurable Products,,,,,,https://www.wu.to/,wu.to,to,,https://www.facebook.com/CartridgeSale/,,,,,,,,,,,,,,,5421 | 5431 | 5142 | 5112 | 5044 | 5049 | 5111 | 5411 | 5943 | 5961 | 5961 | 5961 | 5963,"Meat and Fish (Seafood) Markets, Including Freezer Provisioners (freezer provisioners) | Fruit and Vegetable Markets (temporary fruit and vegetable stands) | Packaged Frozen Foods (frozen food sold via retail method) | Stationery and Office Supplies (stationery and office supplies sold via retail method) | Office Equipment (office equipment sold via retail method) | Professional Equipment and Supplies, NEC (religious and teacher's school supplies sold via retail method) | Printing and Writing Paper (printing and writing paper sold via retail method) | Grocery Stores (frozen food and freezer plan providers) | Stationery Stores | Catalog and Mail-Order Houses (mail-order houses) | Catalog and Mail-Order Houses (electronic auctions) | Catalog and Mail-Order Houses (electronic shopping web sites) | Direct Selling Establishments (except mobile food services and food wagons)",4761 | 4789 | 4791 | 4799,"Retail sale of books, newspapers and stationary in specialized stores | Retail sale via stalls and markets of other goods | Retail sale via mail order houses or via Internet | Other retail sale not in stores, stalls or markets",47.62 | 47.61 | 47.89 | 47.91 | 47.99,"Retail sale of newspapers and stationery in specialised stores | Retail sale of books in specialised stores | Retail sale via stalls and markets of other goods | Retail sale via mail order houses or via Internet | Other retail sale not in stores, stalls or markets",2022-07-25 21:46:56.395,2022-07-25 21:46:56.395,,,,Active,,,,,,,,17179875648
17179875710,Viane Klusco,,Viane Klusco | Klusco,BE,Belgium,East Flanders,Viane,Geraardsbergen,9500,Edingseweg,571,50.741586999999996,3.940452490421133,"Edingseweg 571
9500 Viane","BE, Belgium, East Flanders, Geraardsbergen, 9500, Edingseweg, 571, 50.741586999999996, 3.940452490421133",1,Private,2004,,"Viane Klusco is a video games development & publishing company based in Geraardsbergen, Belgium.",,Camera Inspection,Services,Professional Services,Mobile App Agencies,513210,Software Publishers,,,Video Games - Development & Publishing,Software & IT Services,IT&C Services,+32479309313,+32479309313,info@klusco.be,,,http://klusco.net/,klusco.net,net,nl,https://www.facebook.com/pages/Klusco/297658737028085/,,,,,,,,,Multiline and Specialty Retailers & Distributors,CG-MR,Consumer Goods Retail,CG.3,Consumer Goods,CG,7372,Prepackaged Software (software publishing),5820,Software publishing,58.21 | 58.29,Publishing of computer games | Other software publishing,2021-08-23 04:25:20,2023-07-06 10:29:33,22,"The company is a gaming news source that provides updates on the latest news and developments in the gaming industry. They cover a wide range of topics including gaming news, game announcements, and strategic announcements. Recently, they reported on the acquisition of multiple shares by the gaming group Aonic and the development studio MilkTea for their multi-player competitive game Super Heroes League. They also reported on updates to their games, such as the recent release of the latest version of the game \"The Originals\" and the addition of Japanese voice-over artists to the game's soundtrack. Additionally, they covered the announcement of the release of a new update for the game.",Software Development Services | Game News and Insights | Gaming News and Information Provider | Strategic Briefing | Multi-sport Games,Active,klusco.net,klusco.net,,,,,22,17179874468
17179875725,Early Childhood Resource Center,,Early Childhood Resource Center,,,,,,,,,,,,,,,,,,,,,,,,,,,,,,,,,,,,,,,https://www.facebook.com/earlychildhoodresourcecenter/,,,,,,,,,,,,,,,,,,,,,2023-02-17 12:18:12.132,2023-08-11 14:50:55.957,,,,Active,,,,,,,,17179875725
17179875795,Boneshakerparis,,Boneshakerparis,FR,France,Ile-de-France,,Paris,,,,,,", Paris, Ile-de-France, France","FR, France, Ile-de-France, Paris, , , , 48.8588897, 2.3200410217200766",,,,,,,,,,,,,,,,,,,,,,,https://www.boneshakerparis.com/,boneshakerparis.com,com,,,,,http://www.linkedin.com/company/boneshakerparis,,,,,,,,,,,,,,,,,,2024-08-20 15:56:31.441,2024-08-20 15:56:31.441,,,,Active,,,,,,,,17179872116
17179876195,PS RESORTS,,PS RESORTS,US,United States,California,,Palm Springs,92262,West Amado Road,190,33.826801093028585,-116.54771169805804,"190 W Amado Rd, Palm Springs, California, 92262, United States","US, United States, California, Palm Springs, 92262, West Amado Road, 190, 33.826801093028585, -116.54771169805804",,,,,,,,,,,,,,,,,,+17607796990,+17607796990,,,,https://www.ps-resorts.com/,ps-resorts.com,com,,https://facebook.com/PSResorts,,,http://www.linkedin.com/company/ps-resorts,,,,,,,,,,,,,,,,,,2024-08-20 13:11:50.639,2024-08-20 13:11:50.639,,,,Active,,,26300000,extracted,1,extracted,,17179870382
17179876197,CAMACERO,,CAMACERO,CO,Colombia,"Bogota, Capital District",,Bogota,110221,Avenida Calle 94,11A-26,4.6783410000000005,-74.0471812,"Cl. 94a #11a-27, Localidad de Chapinero, Bogotá, Cundinamarca, Colombia","CO, Colombia, Bogota\\, Capital District, Bogota, 110221, Avenida Calle 94, 11A-26, 4.6783410000000005, -74.0471812",1,Private,,,"CAMACERO is a metal fabrication services company based in Bogota, Colombia.",,,Wholesale,Capital Products,Metal products fabrication,423510,Metal Service Centers and Other Metal Merchant Wholesalers,,,Metal Fabrication Services,Processed Metal,Raw Materials,,,,,,http://www.camacero.org/,camacero.org,org,,https://www.facebook.com/camacerocol/,,https://www.instagram.com/camacerocol/,,,,,,,,,,,,,5051,Metals Service Centers and Offices (merchant wholesalers),4662,Wholesale of metals and metal ores,46.72,Wholesale of metals and metal ores,2021-12-21 02:13:07,2024-06-19 23:49:19.327,,"CAMACERO is a steel fabricator based in Bogota, Colombia.",Metal Fabrication Services | Plate Work Fabrication,Active,,,,,,,,17179876197
17179876343,ElaNourCouture,,ElaNourCouture,US,United States,Ohio,,Lakewood,44107,Detroit Avenue,18503,41.4852471,-81.8107073,"18503 Detroit Ave, Lakewood, Ohio, 44107-3212, United States","US, United States, Ohio, Lakewood, 44107, Detroit Avenue, 18503, 41.4852471, -81.8107073",,,,,,,,,,,,,,,,,,+12163120001,+12163120001,,,,https://www.elanourcouture.com/,elanourcouture.com,com,,,,,http://www.linkedin.com/company/elanourcouture,,,,,,,,,,,,,,,,,,2024-08-16 14:21:12.345,2024-08-16 14:21:12.345,,,,Active,,,,,,,,17179870805
17179876498,Viking Solutions,,Viking Solutions,US,United States,Arizona,,Gilbert,85206,South Recker Road,,,,,"US, United States, Arizona, Gilbert, 85206, South Recker Road, , 33.382484436035156, -111.70219421386719",,,2001,,,,,,,,,,,,,,,+14806541999,+14806541999,,,,https://www.vikingsolutions.net/,vikingsolutions.net,net,,,,,,,,,,,,,,,,,,,,,,,2022-02-11 14:54:40,2022-02-11 14:54:40,,,,Active,,,,,,,,17179876498
17179876501,Emergent BioSolutions Canada Inc.,Emergent BioSolutions Canada Inc.,,CA,Canada,Ontario,,Mississauga,L5N 6M1,,,,,"Mississauga, ON L5N 6M1","CA, Canada, Ontario, Mississauga, L5N 6M1, , , 43.6006, -79.7540999 | US, United States, Maryland, Gaithersburg, 20879, Professional Drive, , 39.1607673, -77.2278063",2,Private,,,"Emergent BioSolutions Canada Inc. is a pharmaceutical products supplier based in Mississauga, Ontario, Canada.",,,Manufacturing,Nondurable Products,Pharmaceutical Products,325412,Pharmaceutical Preparation Manufacturing,,,Pharmaceutical Products,Pharmaceuticals,Pharmaceuticals & Cosmetics,+18448980657,+18448980657,customerservicecanada@ebsi.com,,,https://narcannasalspray.ca/en/,narcannasalspray.ca,ca,en,,,,,,,,,,,,,,,,2835 | 2834,In Vitro and In Vivo Diagnostic Substances (except in-vitro diagnostic substances) | Pharmaceutical Preparations,2100,"Manufacture of pharmaceuticals, medicinal chemical and botanical products",21.2 | 21.1,Manufacture of pharmaceutical preparations | Manufacture of basic pharmaceutical products,2019-11-24 00:15:59,2024-08-02 19:21:13,5,"Narcan® Nasal Spray 4mg is a medical product developed by Emergent BioSolutions Canada Inc. It is an intranasal form of naloxone hydrochloride, used for the emergency treatment of opioid overdose. The spray is indicated for use in individuals experiencing respiratory and/or severe central nervous system depression due to opioid poisoning. It is available at no cost to residents of the Northwest Territories, Ontario, Quebec, and the Yukon, as well as to clients of Veteran Affairs Canada, First Nations Health Authority in British Columbia, and Non-Insured Health Benefits program clients in all other provinces and territories. The product is intended to be administered by a non-healthcare professional until professional medical help arrives.",Non-insured Health Benefits Program Consulting | Opioid Overdose Prevention Provider | Emergency Treatment Services | Nasal Spray Pharmacy Programs | First Nations Health Authority Provider,Active,canadanarcan.ca | narcannasalspray.ca,canadanarcan.ca | narcannasalspray.ca,12635933,modelled,15,modelled,5,17179870224
17179876543,Magnolia Plumbing,,Magnolia Plumbing,US,United States,Alabama,,Gardendale,35071,Main Street,704,33.64098475,-86.8101525,"704 Main Street Gardendale, AL 35071","US, United States, Alabama, Gardendale, 35071, Main Street, 704, 33.64098475, -86.8101525 | US, United States, Alabama, Cullman, 35058, Peachtree Lane Northwest, 1528, 34.208181, -86.857801 | US, United States, Alabama, Hoover, , , , 33.3864655, -86.78247922885197 | US, United States, Alabama, Mountain Brook, , , , 33.5019459, -86.7556834 | US, United States, Alabama, Trussville, , , , 33.609185499999995, -86.59240297580645",5,Private,,,"Magnolia Plumbing is a plumbing services company based in Gardendale, Alabama, United States.","We offer complete residential plumbing services, including common repairs, drain cleaning, water heater installations, and everything in between. Located in Gardendale, Alabama, we service the surrounding communities in Jefferson County, Shelby County, Cullman County, and Blount County. For any repair or installation, big or small, Magnolia Plumbing has you covered. We are a locally owned small business with over a decade of combined experience.",,Services,Professional Services,"Plumbing, Heating & Air-Conditioning Contractors",238220,"Plumbing, Heating, and Air-Conditioning Contractors",,,Plumbing Services,Finishing Contractors,Construction,+12052858017,+12052858017 | +12567275332,,,,https://magnoliaplumbingal.com/,magnoliaplumbingal.com,com,en,https://www.facebook.com/magnoliaplumbingservices/,https://twitter.com/magnoliaplumb,https://www.instagram.com/magnolia.plumbing/,,,,,,,Engineering & Construction Services,IF-EN,Infrastructure,IF.2,Infrastructure,IF,1791 | 1796 | 1711 | 7699,"Structural Steel Erection (cooling tower installation) | Installation or Erection of Building Equipment, NEC (scrubber, dust collection, and other industrial ventilation installation) | Plumbing, Heating, and Air-Conditioning (except environmental controls installation; and septic tank, cesspool, and dry well construction) | Repair Shops and Related Services, NEC (boiler cleaning, chipping, and scaling)",3320 | 4322 | 4390 | 8129,"Installation of industrial machinery and equipment | Plumbing, heat and air-conditioning installation | Other specialized construction activities | Other building and industrial cleaning activities",43.91 | 43.99 | 33.2 | 43.22 | 81.29 | 81.22,"Roofing activities | Other specialised construction activities n.e.c. | Installation of industrial machinery and equipment | Plumbing, heat and air-conditioning installation | Other cleaning activities | Other building and industrial cleaning activities",2023-10-14 15:54:58,2024-02-12 20:19:17,11,"Magnolia Plumbing is a full-service residential plumbing company located in Gardendale, Alabama. They offer a range of plumbing services, including repairs, drain cleaning, water heater installations, and water line and gas line repairs. Their team of expert plumbers can handle any repair or installation, big or small, and guarantee quality work. Magnolia Pl plumbing is locally owned and operated, with an owner on every job and over 10 years of combined plumbing experience. They guarantee honest pricing and offer scheduled quotes in-home for accurate estimates.",Light Remodeling Services | Drain Cleanings | Full-service Plumbing Repairs | Common Repairs | Water Heater Installation and Repair,Active,magnoliaplumbingal.com,magnoliaplumbingal.com,1353089,modelled,8,modelled,11,17179875052
17179876634,La Clé De Orchid Villa,,La Clé De Orchid Villa,VN,Vietnam,Lâm Đồng Province,Phường 4,Đà Lạt,02633,,,,,"Tổ 20 Đ. An Sơn, Phường 4, Đà Lạt, Lâm Đồng, Vietnam","VN, Vietnam, Lâm Đồng Province, Đà Lạt, 02633, , , 11.924772099999998, 108.4263021",1,Private,,,"La Clé De Orchid Villa is a resort based in Đà Lạt, Vietnam.",,,Services,Consumer Services,Hotels,721110,Hotels (except Casino Hotels) and Motels,,,Resorts,Accommodation,Accommodation & Food Services,+84969507979,+84969507979,,,,http://www.laclegroup.vn/,laclegroup.vn,vn,,,,,,,,,,,,,,,,,7011 | 7041,"Hotels and Motels (hotels, except casino hotels, and motels) | Organization Hotels and Lodging Houses, on Membership Basis (hotels)",5510 | 5590,Short term accommodation activities | Other accommodation,55.2 | 55.1 | 55.9,Holiday and other short-stay accommodation | Hotels and similar accommodation | Other accommodation,2024-04-24 08:25:57.03,2024-11-17 14:47:25.498,,"The La Clé De Orchid Villa is a villa located in Đà Lạt, Lâm Đồng Province, Vietnam.",Villa Rental Services | Accommodation Services,Active,,,,,,,,17179870437
17179877132,WAGNER Schmelztechnik GmbH & Co. KG.,WAGNER Schmelztechnik GmbH & Co. KG.,,AT,Austria,Upper Austria,,Enns,4470,,,,,", Enns, Upper Austria, Austria","AT, Austria, Upper Austria, Enns, 4470, , , 48.25, 14.0",,,,,,,,,,,,,,,,,,+43722383274,+43722383274,,,,https://www.wagnerguss.com/,wagnerguss.com,com,,,,,http://www.linkedin.com/company/wagner-schmelztechnik-gmbh-&-co.-kg,,,,,,,,,,,,,,,,,,2024-07-24 17:12:02.392,2024-07-24 17:12:02.392,,The company is a business based in Enns/Oberösterreich.,Investment Facilitation Services | Financial Services,Active,,,,,,,,17179872848
17179877211,Atlas General Agency,Roadrunner Indemnity Company,Atlas General Agency,US,United States,Texas,,Euless,75261,,,,,"PO Box 612484
Dallas, TX 75261-2484","US, United States, Texas, Euless, 75261, , , 32.87208557128906, -97.0377426147461 | US, United States, Texas, Dallas, , , , 32.77627182006836, -96.7968521118164",2,Private,1999,,"Atlas General Agency is an insurance agent, carrier or broker based in Euless, Texas, United States.","Atlas underwriters take a practical approach to risk acceptability and place value on the agent's input. It is their function to facilitate the production of business, develop and maintain agent relationships, and to remove obstacles hindering production. We are committed to being a force in the marketplace through successful agency partnerships. The Atlas claim philosophy is to handle all claims promptly, fairly, and to utilize the best adjusters available in the various geographical locations. Our goal is to provide round-the-clock claim service for our agents and policyholders through our adjuster and vendor network. Our goal is to provide timely and accurate processing to our customers.",Fire Stations | Bill Payment Options | Road Routes | Agents Login | House Numbers | Agent Forms,Services,Professional Services,"Insurance Carriers, Agencies, Brokerages & other insurance related activities",524210,Insurance Agencies and Brokerages,,,"Insurance - Agents, Carriers & Brokers",Insurance,Finance & Insurance,+19725955621,+19725955600 | +18887860003 | +18006498305 | +19725955621 | +19725955623 | +19725955650 | +18887690006 | +18665220361 | +19725955700,atlasbilling@atlasgeneral.com,,,https://www.atlasgeneral.com/,atlasgeneral.com,com,en,,,,,,,,,,Insurance,FN-IN,Insurance,FN.3,Financials,FN,6411,"Insurance Agents, Brokers, and Service (insurance agents and brokers)",6622,Activities of insurance agents and brokers,66.22,Activities of insurance agents and brokers,2021-09-02 15:09:33,2023-08-20 06:38:11,10,Roadrunner Indemnity Company is a Texas-based insurance company that provides insurance services throughout the state. They offer a range of insurance products and services to their clients.,Insurance Brokerage Services | Insurance Products | Insurance Contracts | Option Contract | Agents Login | Atlas Registration | Password Reset | Bill Payment Options | Quick Pay | Spinnaker Form Selection | Profile Viewing | Policy Inquiries | Claim Status Checking,Active,atlasgeneral.com | cllrater.com,atlasgeneral.com | cllrater.com,,,,,10,17179877211
17179877327,SF Ed Fund,,SF Ed Fund,US,United States,California,South Of Market,San Francisco,94105,Mission Street,650,37.787270899999996,-122.40114785,"650 Mission Street, Third Floor, San Francisco, CA 94105","US, United States, California, San Francisco, 94105, Mission Street, 650, 37.787270899999996, -122.40114785",1,Private,2009,,"SF Ed Fund is a NGO based in San Francisco, California, United States.","The San Francisco Education Fund envisions a San Francisco in which all students have access to critical educational resources that will enable them to thrive. Building upon a 40-year history of serving over 270,000 San Francisco students and counting, the Ed Fund serves and invests in students, families, teachers, and schools and partners with inspiring organizations and corporations to maximize impact. The Ed Fund mobilizes the community through its range of programs, all of which serve K-12 public school students, families and schools in San Francisco with a priority on low-income students, students of color, and English language learners. SFUSD serves approximately 50,000 students, over half of whom are faced with financial challenges and limited access to academic support beyond the classroom. In mobilizing the community to increase resources to students and schools, we aim to holistically support critical academic and socio-emotional learning areas necessary to recover from the pandemic.","Elementary School | High Schools | Literacy Support | Events / Activities | Schools And Districts | Students & Families | Schools And Students | Activities / Events | Children / Youth | Middle School | Children, Youth, And Family | Mission, Vision & Values | Students And Schools | Students Of Color | Language Immersion | Mindfulness | Recreation And Parks | High Impact Tutoring | College Application | Scholar Awards | Summer Camps | College Preparatory | Social-Emotional Learning | Families & Students | Tutoring Service | English Language Learning | Private Camps | Parents And Community | School Closures | Project Based Learning | Middle School Education | Services For Students | K-12 Public Schools | Classes & Workshop | Youth & Children | Learning And Curriculum | Supporting Teachers | Social & Emotional | School Volunteers | Neighborhood Schools | After School Program | Learning Areas | Student Growth | Mindfulness Practices | Virtual Assessments | Virtual Education | Writing Support | Meditation Retreat | Faculty Advisors | Achievement Gap | Early Literacy | Soccer Camp | Student Club | Arts Enrichment | STEAM Camp | Learning Games | Yoga Classes | Schools And Clubs | Transparency & Accountability | Education And Schools | Local Public Schools | Awards & Scholarships | Design And Consultation | Wellness Initiative | In-Person Learning | Business & Development | Current Partnerships | Volunteer Engagement | Openness & Honesty | Non-Profit & Business | Meeting Basic Needs | Teachers & Students | Journals & Articles | Students & Teachers | Leadership Circles | Fiscal Management | Civic Engagement | Citizen Committees | Performance Studies | User Experience | Financial Management | Security Education | Academic Skills | Classroom Grants | Student Grants | Student Lettings | Security & Access | Site Works | Psychological Safety | Computer Tutorials | Thurgood Marshall | Recruiting Process | Host A Book Drive | Running Shoes | Clothing Shoes | Mindfulness Education | Holistic Support | Mindful Art | Volunteer Spotlights | Volunteer To Serve | Grant Winners | Volunteer Guide | Large Gifts | Funding Announcements | Government Agencies | Donation Management | Strategic Planning | Awards & Grants | Donation Information | Philanthropic Partners | Education & Experience | Human Resources | Fiscal Sponsorships",Non Profit,Non Profit,Community Foundations,813219,Other Grantmaking and Giving Services,,,Social Services & NGOs,NGOs,Non Profit,+14156955400,+14156955400,info@sfedfund.org,info@sfedfund.org | communications@sfedfund.org,,https://sfedfund.org/,sfedfund.org,org,en,https://www.facebook.com/sfedfund/,https://twitter.com/sfedfund,https://www.instagram.com/sfedfund/,https://www.linkedin.com/company/san-francisco-education-fund,,,https://www.youtube.com/channel/UCo3CngmVI8Y6AwBgXhEG9IQ,,,,,,,,,8399,"Social Services, NEC (grantmaking and giving)",9499,Activities of other membership organizations n.e.c.,94.99,Activities of other membership organisations n.e.c.,2019-11-24 00:14:43,2024-12-07 22:36:44,35,"San Francisco Education Fund is a nonprofit organization based in San Francisco, California. Established in 1979, the organization focuses on improving educational equity by providing financial resources, community support, and transformative programs for students, educators, and schools in the San Francisco Unified School District (Sfusd). The Ed Fund mobilizes the community through various initiatives, including tutoring, mental wellness programs, and corporate partnerships, to enhance academic and socio-emotional learning. The organization has a history of supporting over 270,000 students and continues to address educational disparities and pandemic-related challenges in the local schools.",Mental Wellness | Financial Resources and Transformative Solutions | Learning Acceleration Programs | Non-profit Organization | Educational Support Services | Non-educational | Community Engagement,Active,sfedfund.org,sfedfund.org,41619716,modelled,75,modelled,35,17179875533
17179877790,Pizzabilla pizza bella,,Pizzabilla pizza bella,SA,Saudi Arabia,Eastern Province,,Dammam,31451,Dr Bakr Bin Bakr Road,,,,"Abu Bakr Alsiddiq St, An Nada, Dammam 32273, Saudi Arabia","SA, Saudi Arabia, Eastern Province, Dammam, 31451, Dr Bakr Bin Bakr Road, , 26.372999000000004, 50.063153",1,Private,,,"Pizzabilla pizza bella is a restaurant based in Dammam, Saudi Arabia.",,,Services,Consumer Services,Full-Service Restaurants,722511,Full-Service Restaurants,,,Restaurants,Restaurants,Accommodation & Food Services,+966138843003,+966138843003,,,,http://pizzabilla.com/,pizzabilla.com,com,,,,,,,,,,,,,,,,,5812,Eating Places (full-service restaurants),5610,Restaurants and mobile food service activities,56.1,Restaurants and mobile food service activities,2023-05-22 15:35:46.222,2024-06-13 14:38:46.467,,"pizzabilla بيتزا بيلا is a restaurant located in Dammam, Eastern Province, Saudi Arabia. It specializes in pizza delivery and takeout services. The establishment offers a variety of dining options, including dine-in, lunch, dinner, and late-night food. Additionally, it provides catering services and has facilities for both delivery and takeout.",Pizza Restaurant | Dine-in Service | Catering Services | Small Plates | Late-night Food Delivery Services,Active,,,,,,,,17179873716
17179877794,Trusthaven Immigration Services Limited,Trusthaven Immigration Services Limited,,NZ,New Zealand,Auckland,,Auckland,1026,Auckland Southern Motorway,62,-36.8969696,174.68805460000002,"62 Nacton Lane, Avondale, Auckland 1026, New Zealand","NZ, New Zealand, Auckland, Auckland, 1026, Auckland Southern Motorway, 62, -36.8969696, 174.68805460000002",1,Private,,,"Trusthaven Immigration Services Limited is an immigration attorney based in Auckland, New Zealand.",,,Services,Professional Services,Lawyers,541110,Offices of Lawyers,,,Immigration Attorneys,Lawyers,Legal,+64210508108,+64210508108,,,,https://www.trusthavenimmigration.com/,trusthavenimmigration.com,com,,,,,,,,,,,,,,,,,8111,Legal Services,6910,Legal activities,69.1,Legal activities,2023-06-27 04:05:04.497,2024-08-25 21:00:05.201,,"Trusthaven Immigration Services Limited is a company based in Auckland, New Zealand, specializing in immigration and naturalization services.",Immigration and Naturalization Services | Legal Services,Active,,,,,,,,17179877794
17179877855,Sushi Thai Asian Fusion - Tarrytown,,Sushi Thai Asian Fusion - Tarrytown,US,United States,New York,,Tarrytown,,,,,,"tarrytown, new york, United States","US, United States, New York, Tarrytown, , , , 41.0762077, -73.8587461",,,,,,,,,,,,,,,,,,+19143668818,+19143668818,,,,https://www.sushithainy.com/,sushithainy.com,com,,,,,http://www.linkedin.com/company/sushi-thai-asian-fusion---tarrytown,,,,,,,,,,,,,,,,,,2024-03-24 06:51:00.979,2024-03-24 06:51:00.979,,,,Active,sushithainy.com,sushithainy.com,,,,,,17179869649
17179878018,Propst & Sons Sports,,Propst & Sons Sports,US,United States,Maryland,,Pasadena,21122,Mountain Road,107,39.133641954944636,-76.58225906133242,"107 Mountain Rd, Pasadena, Maryland, 21122, United States","US, United States, Maryland, Pasadena, 21122, Mountain Road, 107, 39.133641954944636, -76.58225906133242",1,Private,1994,1994,"Propst & Sons Sports is a commercial printing company based in Pasadena, Maryland, United States.","Because we want to grow with, serve and provide for our families, likewise do we open our doors to our communities, local sports teams, small businesses, schools and organizations with the same mission: To initiate and foster loyal and fruitful relationships with our customers that are predicated on accountability, timeliness, craftsmanship, communication, customer service and creative problem solving. PS Sports is a family owned and operated apparel and graphic art company with one sole priority - the customer's needs. Our talented range of staff include decades of industry knowledge and creativity paired with a TEAM mentality. Team Propst works together to relentlessly deliver creative solutions for teams, organizations, and businesses with no excuses about deadlines or getting YOUR Team on the field. We have IN HOUSE: Screen Printing Department, Embroidery Department, Commercial Art Department, Sales Team, Customer Service, and Fulfillment Department. PS Sports is expanding beyond the local marketplace with our diverse resources and capabilities to serve our customers.",Fashion And Clothing | Textiles And Clothing | Diversity Resources | Screen Printing Services | Teams & Organizations | Graphics & Art | Embroidery Art | Retail Apparel and Fashion Brand | Marketplace | Branding Solutions,Manufacturing,Nondurable Products,Commercial Printing,323111,Commercial Printing (except Screen and Books),,,Commercial Printing,Books Printing & Stores,Other Nondurable Products,+14107619571,+14107619571,,,,https://www.propstandsons.com/,propstandsons.com,com,,,,,http://www.linkedin.com/company/teampropst,,,,,,,,,,,,2754 | 2759 | 2771 | 2752 | 2771 | 2752 | 2759 | 7334 | 2759 | 2761 | 2782 | 2782 | 2759 | 2771 | 2771,"Commercial Printing, Gravure | Commercial Printing, NEC (flexographic printing) | Greeting Cards (flexographic printing of greeting cards) | Commercial Printing, Lithographic (except quick printing) | Greeting Cards (lithographic printing of greeting cards) | Commercial Printing, Lithographic (quick printing) | Commercial Printing, NEC (quick printing) | Photocopying and Duplicating Services (quick printing) | Commercial Printing, NEC (digital printing, except quick printing) | Manifold Business Forms | Blankbooks, Looseleaf Binders and Devices (checkbooks) | Blankbooks, Looseleaf Binders and Devices (except checkbooks) | Commercial Printing, NEC (other commercial printing except flexographic, screen, digital, and quick printing) | Greeting Cards (other printing of greeting cards) | Greeting Cards (gravure printing of greeting cards)",1709 | 1811 | 2599 | 8219,"Manufacture of other articles of paper and paperboard | Printing | Manufacture of other fabricated metal products n.e.c. | Photocopying, document preparation and other specialized office support activities",18.12 | 18.11 | 25.92 | 25.99 | 25.94 | 25.91 | 25.93 | 17.22 | 17.29 | 17.23 | 17.24 | 82.19,"Other printing | Printing of newspapers | Manufacture of light metal packaging | Manufacture of other fabricated metal products n.e.c. | Manufacture of fasteners and screw machine products | Manufacture of steel drums and similar containers | Manufacture of wire products, chain and springs | Manufacture of household and sanitary goods and of toilet requisites | Manufacture of other articles of paper and paperboard | Manufacture of paper stationery | Manufacture of wallpaper | Photocopying, document preparation and other specialised office support activities",2022-03-06 21:59:25,2024-11-25 08:27:04.686,,"PS Sports is a family-owned and operated apparel and graphic art company that prioritizes customer needs. With a talented range of staff, including decades of industry knowledge and creativity, PS Sports works together to deliver creative solutions for teams, organizations, and businesses. They have various departments in-house, including screen printing, embroidery, commercial art, sales, customer service, and fulfillment. PS Sports is expanding beyond the local marketplace with their diverse resources and capabilities.",Commercial Art Services | Screen Printing Services | Apparel Art Services | Embroidery Services | Creative Problem-solving | Creative Problem-shooting,Active,,,1887483,modelled,8,extracted,,17179875007
17179878085,Wuai,,Wuai,MX,Mexico,Jalisco,,Guadalajara,44650,Avenida Manuel Acuña,2422,20.684654200000004,-103.37778159999999,"• Abarrotes Romo, Av. Manuel Acuña 2422, Ladrón de Guevara, Ladron De Guevara, 44650 Guadalajara, Jal., Mexico","MX, Mexico, Jalisco, Guadalajara, 44650, Avenida Manuel Acuña, 2422, 20.684654200000004, -103.37778159999999",,,,,,,,,,,,,,,,,,,,,,,http://wuai.mx/,wuai.mx,mx,,,,,,,,,,,,,,,,,,,,,,,2024-04-05 21:35:35.113,2024-10-27 22:54:57.516,,"Wuai is a snack bar located in Guadalajara, Jalisco, Mexico.",Snack Bar Services | Foodservice,Active,,,,,,,,17179871122
17179878193,New House Imobiliária,,New House Imobiliária,BR,Brazil,Bahia,,Salvador,41820-774,Rua Frederico Simões,85,-12.981600799999999,-38.4544245,"R. Frederico Simões, 85 - sala 503 e 504 - Caminho das Árvores, Salvador - BA, 41820-774, Brazil","BR, Brazil, Bahia, Salvador, 41820-774, Rua Frederico Simões, 85, -12.981600799999999, -38.4544245",1,Private,,,"New House Imobiliária is a real estate agent/manager based in Salvador, Brazil.",,,Services,Professional Services,Real Estate - Agents & Managers,531210,Offices of Real Estate Agents and Brokers,,,Real Estate - Agents & Managers,Real Estate - Agents & Managers,Real Estate,+557133423500,+557133423500,,,,http://www.newhouse.imb.br/,newhouse.imb.br,imb.br,,https://www.facebook.com/newhouseimobiliaria/,,,,,,,,,,,,,,,6531,Real Estate Agents and Managers (agents and brokers),6820,Real estate activities on a fee or contract basis,68.31 | 68.32,Real estate agencies | Management of real estate on a fee or contract basis,2023-05-18 21:05:30.237,2024-08-15 14:25:30.838,,"New House Imobiliária is a real estate agency located in Salvador, Bahia, Brazil.",Real Estate Planning Services,Active,,,,,,,,17179872028
17179878243,Fahrenberger Agencements de Pharmacies,,Fahrenberger Agencements de Pharmacies,FR,France,Auvergne-Rhône-Alpes,,Neyron,01700,Porte Du Grand Lyon,24,45.821943100000006,4.922375100000001,"24 Prte du Grand Lyon, 01700 Neyron, France","FR, France, Auvergne-Rhône-Alpes, Neyron, 01700, Porte du Grand Lyon, 24, 45.821943100000006, 4.922375100000001",1,Private,,,"Fahrenberger Agencements de Pharmacies is an architects & architectural services company based in Neyron, France.",,,Services,Professional Services,Architects & Architectural Services,541310,Architectural Services,,,Architects & Architectural Services,Architecture & Planning,Architecture & Engineering Services,+33800000088,+33800000088,,,,http://www.fahrenberger.com/,fahrenberger.com,com,,,,,,,,,,,,,,,,,8712,Architectural Services,7110,Architectural and engineering activities and related technical consultancy,71.11 | 71.12,Architectural activities | Engineering activities and related technical consultancy,2024-04-13 02:41:01.356,2024-08-20 17:06:09.18,,"Fahrenberger Agencements de Pharmacies is an architecture firm based in Neyron, France. The company operates within the Auvergne-Rhône-Alpes region.",Architecture Firms | Wheelchair Accessible Parking Options,Active,,,,,,,,17179877724
17179878363,Sun Lit Energies,,Sun Lit Energies,US,United States,Florida,,Orlando,32824,South Orange Avenue,11507,28.4140543,-81.3731025,"11507 S Orange Ave, Orlando, Fla 32824","US, United States, Florida, Orlando, 32824, South Orange Avenue, 11507, 28.4140543, -81.3731025",1,Private,2012,,"Sun Lit Energies is an electrical & wiring contractor based in Orlando, Florida, United States.","Unlock the Power of Solar Energy with Our Custom Solutions. Commercial solar installations enable businesses to significantly reduce their energy expenses while demonstrating a commitment to environmental responsibility. Sun Lit Energies specializes in designing and installing high-performance solar systems tailored to the unique needs of commercial properties. Off-grid solar solutions are ideal for properties in remote locations or those seeking complete energy independence. Sun Lit Energies offers expertly designed off-grid solar systems that provide a reliable source of clean, renewable energy. At Sun Lit Energies, we understand that maximizing the benefits of solar energy goes beyond installing solar panels. At Sun Lit Energies, we believe that solar power should be accessible to everyone. That's why we offer a variety of financing options and help our clients navigate the available federal, state, and local incentives, such as tax credits and rebates, to make their solar investment even more affordable.",,Services,Professional Services,Electrical & Wiring Contractors,238210,Electrical Contractors and Other Wiring Installation Contractors,,,Electrical & Wiring Contractors,Finishing Contractors,Construction,+14079720959,+14079720959 | +14073055014 | +14079043926 | +14077594198,apopka@sunlitenergies.com,apopka@sunlitenergies.com | sales@sunlitenergies.com,wintergarden@sunlitenergies.com,https://sunlitenergies.com/,sunlitenergies.com,com,en,https://www.facebook.com/SunLitEnergies.co/,,,,,,https://www.youtube.com/channel/UC9V5mjTjrzGndrbui8FmGqA,,,Solar Technology & Project Developers,RR-ST,Alternative Energy,RR.1,Renewable Resources & Alternative Energy,RR,1731 | 1711,"Electrical Work (electrical work except burglar and fire alarm installation) | Plumbing, Heating, and Air-Conditioning (environmental control installation contractors)",4321,Electrical installation,43.21,Electrical installation,2023-06-16 00:02:28,2024-11-15 16:27:35,16,"Sun Lit Energies is a solar energy company based in Orlando, Florida, specializing in the installation of solar panels for residential, commercial, and off-grid properties. Founded in 2012, the company is dedicated to providing reliable, affordable, and eco-friendly solar solutions. Sun Lit Energies has a team of certified professionals who design and install solar systems tailored to the unique needs of each customer. The company is recognized for its industry achievements, including certifications from leading solar panel manufacturers and membership in the North American Board of Certified Energy Practitioners (Nabcep). Sun Lit Energies aims to help customers reduce energy costs and contribute to a greener, more sustainable future.",Solar Panel Installation Services | System Design Engineering | Renewable Energy Solutions | Certified Solar Experts | Ongoing Maintenance | Energy Consultation,Active,sunlitenergies.com,sunlitenergies.com,6502890,modelled,35,modelled,16,17179869272
17179878427,DL DESIGN ARREDAMENTI,,DL DESIGN ARREDAMENTI | DL Design,IT,Italy,Abruzzo,,Pescara,65129,Via Tirino,229,42.4431926,14.2142397,"Via Tirino, 229, Pescara, PE","IT, Italy, Abruzzo, Pescara, 65129, Via Tirino, 229, 42.4431926, 14.2142397",1,Private,2015,,"DL DESIGN ARREDAMENTI is a furniture store based in Pescara, Italy.","Nata nel 2015 dalla passione e determinazione di Francesco e Federica de Luca , la DL DESIGN ARREDAMENTI di Pescara rappresenta attualmente il punto di riferimento per l'intera zona e per quanti desiderano acquistare mobili dal design ricercato realizzati con materiali di elevata qualità. Francesco de Luca opera nel settore già dal 1992, mentre la sorella Federica lo affianca dal 2005. L'azienda di mobili di arredo e mobili per cucina su misura a Pescara realizza il taglio giusto per la tua casa, dando vita a nuove geometrie architettoniche. 10 anni. Entrambi hanno maturato un'esperienza decennale in qualità di di rappresentanti e venditori all'intero di prestigiosi negozi dì arredamento : hanno così avuto modo di conoscere numerose aziende del settore. L'azienda nasce nel 2015 dopo un percorso iniziato dal suo fondatore Francesco De Luca già dal 1992. Assistenza post vendita e competenza nel montaggio degli arredi rappresentano i nostri punti di forza. Progettiamo l'arredo a 4 mani con il cliente con l'ausilio di avanzati software di progettazione architettonica 3D.",Sleeping Area | Table & Chairs | Personalized Decor | Outside Decor | Furnished Homes | Decor And Furniture | Design & Dev | Shop Decor | Architectural Designer | Managed I.T Services | Internet Service Providers | Iso 9001 | Features & Functions,Manufacturing,Durable Products,Furniture,337122,Nonupholstered Wood Household Furniture Manufacturing,,,Furniture Stores,Furniture,Home Products,+393289326838,+393289326838,francesco.deluca9@gmail.com,info@dldesignarredamenti.com,,https://www.dldesignarredamenti.com/,dldesignarredamenti.com,com,it,https://www.facebook.com/dldesignarredamenti/,,https://www.instagram.com/dldesignarredamenti/,,,,,,,Building Products & Furnishings,CG-BF,Consumer Discretionary Products,CG.2,Consumer Goods,CG,5712 | 2511,"Furniture Stores (custom made nonupholstered wood household furniture except cabinets) | Wood Household Furniture, Except Upholstered (except wood box spring frames)",3100,Manufacture of furniture,31.09 | 31.01 | 31.02 | 31.03,Manufacture of other furniture | Manufacture of office and shop furniture | Manufacture of kitchen furniture | Manufacture of mattresses,2019-11-24 02:30:42,2024-11-01 19:21:23,19,"DL Design Arredamenti is a furniture company based in Pescara, Abruzzo, Italy. Founded in 2015 by Francesco and Federica De Luca, the company specializes in high-quality, custom-made furniture. With over two decades of industry experience, Francesco De Luca has been operating in the sector since 1992, while Federica De Luca joined the company in 2005. DL Design Arredamenti offers a wide range of furniture products, including living room sets, dining tables, chairs, living room accessories, nightstands, children's furniture, kitchen furniture, bathroom furniture, outdoor furniture, and office dividers. The company is known for its commitment to quality, using only the best Italian materials and adhering to ISO 9001 and ISO 14001 certifications. DL Design Arredamenti also provides comprehensive post-sale services, including transportation and professional assembly of furniture.",Living Room Furniture | Exterior Furniture | Partition Furniture | Customized Furniture | Custom Cabinets | 3D Architectural Software | Sofa Bases and Complements | Table & Chairs,Active,dldesignarredamenti.com,dldesignarredamenti.com,1099275,modelled,15,modelled,19,17179878427
17179878550,Dott. Emanuele Benedetti,,Dott. Emanuele Benedetti,IT,Italy,Lazio,Tiburtino,Rome,00171,Via Prenestina,364,41.893986299999995,12.5556257,"Via Prenestina, 364, 00171 Roma RM","IT, Italy, Lazio, Rome, 00171, Via Prenestina, 364, 41.893986299999995, 12.5556257",1,Private,,,"Dott. Emanuele Benedetti is an accounting & bookkeeping services company based in Rome, Italy.",,,Services,Professional Services,Accounting & Bookkeeping Services,541219,Other Accounting Services,,,Accounting & Bookkeeping Services,Accountants & Tax Services,Finance & Insurance,,,,,,http://www.fidiesse.it/?opi=79508299&sa=U&ved=0ahUKEwjP5bzjsouIAxUZqJUCHWQtGNgQ61gIECgN&usg=AOvVaw3kiF5alvOwlWTjigw35Keq,fidiesse.it,it,,,,,,,,,,,,,,,,,8721,"Accounting, Auditing, and Bookkeeping Services (other accounting services)",6920,"Accounting, bookkeeping and auditing activities; tax consultancy",69.2,"Accounting, bookkeeping and auditing activities; tax consultancy",2023-07-12 09:47:03.599,2024-08-24 08:48:18.322,,"Dott. Emanuele Benedetti is an accountant based in Rome, Italy.",Financial Services | Comprehensive Accounting Services,Active,,,,,,,,17179878550
17179878625,Meinradsbergs,,Meinradsbergs | meinradsbergs Webseite! | Gasthaus Meinradsberg | Meinradsberg,CH,Switzerland,Schwyz,,Einsiedeln,8840,Ilgenweidstrasse,3,47.1252646,8.7500267,"Ilgenweidstrasse 3
CH-8840 Einsiedeln","CH, Switzerland, Schwyz, Einsiedeln, 8840, Ilgenweidstrasse, 3, 47.1252646, 8.7500267",1,Private,,,"Meinradsbergs is a restaurant based in Einsiedeln, Switzerland.",Das Gasthaus für die besondere Gaumenfreude. Auch für Anlässe aller Art ist das Gasthaus der perfekte Ort.,,Services,Consumer Services,Full-Service Restaurants,722511,Full-Service Restaurants,,,Restaurants,Restaurants,Accommodation & Food Services,+41554228222,+41554228222,info@meinradsberg.ch,info@meinradsberg.ch,,https://www.meinradsberg.ch/,meinradsberg.ch,ch,de,https://www.facebook.com/Meinradsberg-253111554754976/,,https://www.instagram.com/gasthausmeinradsberg/,,,,,,,Restaurants,FB-RN,Restaurants,FB.4,Food & Beverage,FB,5812,Eating Places (full-service restaurants),5610,Restaurants and mobile food service activities,56.1,Restaurants and mobile food service activities,2019-11-24 13:20:15,2024-11-07 21:38:03,10,"Meinradsbergs is a restaurant located in Einsiedeln, Schwyz. Situated on the right side of the Klosterplatz near the forest, the restaurant offers a charming garden in the summer and a cozy fireplace in the winter. It serves as a perfect venue for various events. The kitchen primarily uses seasonal local products.",Event Hosting Services | Seasonal Products | Events & Venue | Food and Beverage Services | Cozy Restaurant | Regional Products | Hospitality,Active,meinradsberg.ch,meinradsberg.ch,703261,modelled,10,modelled,10,17179869894
17179878666,Festival Acústica,,Festival Acústica,ES,Spain,Catalonia,,Figueres,17600,,,,,", Figueres, Catalunya, Spain","ES, Spain, Catalonia, Figueres, 17600, , , 42.2666314, 2.9638434",,,,,,,,,,,,,,,,,,,,,,,https://www.festivalacustica.cat/,festivalacustica.cat,cat,,,,,http://www.linkedin.com/company/festival-ac%c3%bastica,,,,,,,,,,,,,,,,,,2024-07-24 03:26:31.198,2024-08-08 06:25:20.323,,,,Active,,,,,,,,17179877589
17179878861,Turkish Medical City,,Turkish Medical City,,,,,,,,,,,,,,,,,,,,,,,,,,,,,,,,,,,https://www.turkishmedicalcity.com/,turkishmedicalcity.com,com,,,,,http://www.linkedin.com/company/turkish-medical-city,,,,,,,,,,,,,,,,,,2024-03-26 11:34:17.678,2024-03-26 11:34:17.678,,,,Active,,,,,,,,17179878861
17179878919,CỬA HÀNG SIKA TÔ KÝ,,CỬA HÀNG SIKA TÔ KÝ,VN,Vietnam,Hồ Chí Minh City,,Hồ Chí Minh City,,To Ky,26,10.874758999999997,106.61195389999999,"26/4 Tô Ký - Ấp Đông, Tân Chánh Hiệp, Hóc Môn, Hồ Chí Minh, Vietnam","VN, Vietnam, Hồ Chí Minh City, Hồ Chí Minh City, , To Ky, 26, 10.874758999999997, 106.61195389999999",,,,,,,,,,,,,,,,,,+84911191135,+84911191135,,,,http://sikamiennam.vn/,sikamiennam.vn,vn,,,,,,,,,,,,,,,,,,,,,,,2024-06-15 06:39:49.514,2024-08-31 03:54:51.69,,"CỬA HÀNG SIKA TÔ KÝ is a wholesaler based in Hồ Chí Minh City, Vietnam.",Wholesale | Construction Materials Wholesaler,Active,,,,,,,,17179869884
17179879176,RESORT ADVISORY GROUP INTERNATIONAL LLC.,RESORT ADVISORY GROUP INTERNATIONAL LLC.,,US,United States,Arizona,,Scottsdale,85262,North Alma School Parkway,28150,33.7422826,-111.842582,"28150 N Alma School Pkwy, Scottsdale, Arizona, 85262, United States","US, United States, Arizona, Scottsdale, 85262, North Alma School Parkway, 28150, 33.7422826, -111.842582",,,,,,,,,,,,,,,,,,+14805851925,+14805851925,,,,https://www.resortagi.com/,resortagi.com,com,,,,,http://www.linkedin.com/company/resort-advisory-group-international-llc,,,,,,,,,,,,,,,,,,2024-07-25 23:26:03.588,2024-07-25 23:26:03.588,,,,Active,,,44100000,extracted,3,extracted,,17179874906
17179879445,ABC Auftragsfertigung,,ABC Auftragsfertigung,AT,Austria,Carinthia,,Wolfsberg,9400,,,,,", Wolfsberg, Carinthia, Austria","AT, Austria, Carinthia, Wolfsberg, 9400, , , 46.8390583, 14.8452061",,,,,,"Durch innovative Konzepte, gelebte Kundenorientierung und unsere umfangreiche Fachkompetenz stellen wir uns den komplexesten Herausforderungen. Immer unserem Prinzip treu: Wir sind der Wettbewerbsvorteil unserer Kundinnen und Kunden.",,,,,,,,,,,,+4346335440230,+4346335440230,,,,https://www.abc-auftragsfertigung.com/,abc-auftragsfertigung.com,com,,,,,http://www.linkedin.com/company/abc-auftragsfertigung,,,,,,,,,,,,,,,,,,2024-08-19 14:28:52.219,2024-08-19 14:28:52.219,,"The company is known for its innovative concepts, customer-oriented approach, and expertise in solving complex challenges. They prioritize their clients' competitive advantage and aim to be a valuable resource.",Problem-solving Services | Customer Orientation Services | Consulting Services | Customer-centric Approach | Building Expertise Services | Innovative Concepts Development,Active,,,,,,,,17179870585
17179879462,Elenco Libri a.s.,,Elenco Libri a.s. | Assicurazione Pluriass aa | Iscrizioni A.s.,IT,Italy,Marche,Pantano,Pesaro,61121,Piazza Del Monte,8,43.9090201,12.9096363,"Piazza del Monte, 8, 61121 Pesaro PU","IT, Italy, Marche, Pesaro, 61121, Piazza del Monte, 8, 43.9090201, 12.9096363",1,Private,,,"Elenco Libri a.s. is a primary school based in Pesaro, Italy.",,Secondary Schools | Students And Staff | List Of Books | School Catering | School Calendars | Circulars & Notices | Vaccination Campaigns | Pregnancy & Breastfeeding,Education,Education,Elementary and Secondary Schools,611110,Elementary and Secondary Schools,,,Primary Schools,Education,Education,+39072133346,+390721379237 | +390721370005 | +390721639809 | +390721638872 | +39072133346 | +39072124747,psic82700b@istruzione.it,,,https://icgaudianopesaro.it/,icgaudianopesaro.it,it,it,,,,,,,,,,Education,SV-ED,Consumer Services,SV.3,Services,SV,8211,Elementary and Secondary Schools,8510 | 8521 | 8522,Pre-primary and primary education | General secondary education | Technical and vocational secondary education,85.32 | 85.31 | 85.2 | 85.1,Technical and vocational secondary education | General secondary education | Primary education | Pre-primary education,2022-01-04 18:23:55,2024-07-24 12:21:17,54,"The \"G. Gaudiano\" School is an Italian educational institution located in Pesaro, Italy. The school offers education for children in preschool, primary, and secondary levels, as well as a music program and a hospital school. The institution provides a range of services for families, including a family module and a personal module. The faculty is responsible for providing teacher training and maintaining a DidUP registry. The campus is located in the Piazza del Monte area of Pesaro and offers a variety of activities for students, including music lessons and a musical program. The institute also hosts events for parents and students, such as a student for one day program.",Educational Institution | Primary Education | Music Education | School Hospital | Parental Involvement in Education | School Food Services | Quality Education | Personal Modules for Teachers | Health Insurance for Students | Family Modules | Parent Portal Access,Active,icgaudianopesaro.it | icgaudianopesaro.edu.it,icgaudianopesaro.it | icgaudianopesaro.edu.it,,,,,54,17179874622
17179879474,Acustica Umbra Srl.,Acustica Umbra Srl.,,IT,Italy,Umbria,,Bastia Umbra,06083,Via Roma,103/b,43.064917099999995,12.560388,"Via Roma, 103/B, 06083 Bastia Umbra PG, Italy","IT, Italy, Umbria, Bastia Umbra, 06083, Via Roma, 103/b, 43.064917099999995, 12.560388",1,Private,,,"Acustica Umbra Srl. is an audiology clinic based in Bastia Umbra, Italy.",,,Services,Consumer Services,,,,,,Audiology Clinics,Therapy & Alternative Medicine,Health Care & Social Assistance,+39800389822,+39800389822,,,,http://www.acusticaumbra.it/,acusticaumbra.it,it,,,,,,,,,,,,,,,,,,,,,,,2023-06-28 21:50:52.068,2025-01-09 06:52:00.703,,"Acustica Umbra Srl is a hearing aid store located in Bastia Umbra, Italy. The company operates within the region of Umbria.",Hearing Aid Fitting | Health Care | Retail,Active,,,,,,,,17179869623
17179879476,Apex Computer Academy Janak Market Campus,,Apex Computer Academy Janak Market Campus,IN,India,Bihar,,Gopalganj,841428,,,,,"Janak Super Market, 2nd Floor Kamla rai Arts, college road, Gopalganj, Bihar 841428, India","IN, India, Bihar, Gopalganj, 841428, , , 26.459059000000003, 84.4433159",,,,,,,,,,,,,,,,,,+917004884418,+917004884418,,,,http://www.apex-computer.co.in/,apex-computer.co.in,co.in,,,,,,,,,,,,,,,,,,,,,,,2024-04-30 01:46:58.778,2024-12-18 00:25:45.227,,"Apex Computer Academy Janak Market Campus is an education center located in Gopalganj, Bihar, India. The academy offers preparation courses for JEE, CAT, GATE, and CBSE board exams.",Exam Preparation Courses | Educational Institution | Computer Science and Technology | Computer Training Institute,Active,,,,,,,,17179874983
17179879555,Tougou,,Tougou | Tougou Fijnproeverij,BE,Belgium,West Flanders,,Bruges,8000,Smedenstraat,47,51.205044900000004,3.2143477175136113,"Smedenstraat 47, 8000 Brugge","BE, Belgium, West Flanders, Bruges, 8000, Smedenstraat, 47, 51.205044900000004, 3.2143477175136113",1,Private,,,"Tougou is a restaurant based in Bruges, Belgium.","HET LUNCHRESTAURANT OPENT VANAF 12U (WE KUNNEN NIEMAND VROEGER INSTALLEREN OM ONS OPTIMAAL TE KUNNEN VOORBEREIDEN, GELIEVE HIER REKENING MEE TE HOUDEN, ALVAST BEDANKT VOOR UW BEGRIP). Tougou vertaalt de kunst van het genieten op je bord met dagverse, kwalitatieve producten. Meeneemtraiteur van hapjes, tot apero, dagschotels, maandmenu, en zoveel meer. Jade en Thibault verwelkomen elke fijnproever in hun smaakvol ingericht pand te centrum Brugge. De fijnproever kan kiezen tussen verrukkelijke bereidingen van de wisselende seizoensgebonden menukaart. Dagelijks werken we met verse ingrediënten en selecteren we de fijnste producten. Reserveer een tafel. We proberen steeds een goede balans te vinden om kwalitatieve gerechten te bereiden, speciaal voor de klant die passen binnen uw budget. HG: Babykreeft belle-vue/ bio-tomatensalade/ krieltjes/ mayo en cocktailsaus.",Order Takeout | Tiramisu | Sushi | Reserve A Table | Chocolate Raspberry | Seasonal Dishes | Fresh Ingredients | Reserve Table | Open Kitchen | French Cuisine | Sashimi | Take Away Menu | Self Filing,Services,Consumer Services,Full-Service Restaurants,722511,Full-Service Restaurants,,,Restaurants,Restaurants,Accommodation & Food Services,+3250705802,+3250705802,proef@tougou.be,proef@tougou.be,,https://www.tougou.be/,tougou.be,be,nl,https://www.facebook.com/tougou.be/,,,,,,,,,Restaurants,FB-RN,Restaurants,FB.4,Food & Beverage,FB,5812,Eating Places (full-service restaurants),5610,Restaurants and mobile food service activities,56.1,Restaurants and mobile food service activities,2019-11-27 09:00:15,2024-07-30 16:06:24,2,"Tougou is a lunch restaurant located in Bruges, West Flanders. The establishment specializes in French-inspired cuisine, offering a variety of fresh and high-quality dishes. Tougou operates from Monday to Saturday, serving from 12:00 to 16:00. The restaurant also provides a take-away service, offering a selection of dishes that can be ordered in advance. Tougou emphasizes a relaxed atmosphere and a balance between work and life, ensuring a pleasant dining experience for its customers.",Cold and Hot Tasting Items | Gourmet Dining Experience | Fresh and High-quality Products | Tastefully Decorated Restaurant | Reservation Services | Takeout and Catering Services | Lunch Service | French-inspired Cuisine,Active,tougou.be,tougou.be,555651,modelled,15,modelled,2,17179871857
17179879571,Medicine Tree Pharmacy,,Medicine Tree Pharmacy,US,United States,Michigan,,Antwerp Township,49071,Village Center Circle,,,,,"US, United States, Michigan, Antwerp Township, 49071, Village Center Circle, , 42.21492385864258, -85.7828369140625",1,Private,1986,,"Medicine Tree Pharmacy is a pharmacy based in Antwerp Township, Michigan, United States.",,,Retail,Nondurable Products,Drug Stores & Pharmacies,456110,Pharmacies and Drug Retailers,,,Drug Stores & Pharmacies,Pharmaceuticals,Pharmaceuticals & Cosmetics,+12696686801,+12696686801,,,,https://www.atmi.com/,atmi.com,com,,,,,,,,,,,,,,,,,5961 | 5961 | 5142 | 5421 | 5961 | 5963 | 5122 | 5912 | 5411 | 5431,"Catalog and Mail-Order Houses (electronic auctions) | Catalog and Mail-Order Houses (mail-order houses) | Packaged Frozen Foods (frozen food sold via retail method) | Meat and Fish (Seafood) Markets, Including Freezer Provisioners (freezer provisioners) | Catalog and Mail-Order Houses (electronic shopping web sites) | Direct Selling Establishments (except mobile food services and food wagons) | Drugs, Drug Proprietaries, and Druggists’ Sundries (drugs and sundries sold via retail method) | Drug Stores and Proprietary Stores | Grocery Stores (frozen food and freezer plan providers) | Fruit and Vegetable Markets (temporary fruit and vegetable stands)",4772 | 4789 | 4791 | 4799,"Retail sale of pharmaceutical and medical goods, cosmetic and toilet articles in specialized stores | Retail sale via stalls and markets of other goods | Retail sale via mail order houses or via Internet | Other retail sale not in stores, stalls or markets",47.99 | 47.89 | 47.74 | 47.75 | 47.73 | 47.91,"Other retail sale not in stores, stalls or markets | Retail sale via stalls and markets of other goods | Retail sale of medical and orthopaedic goods in specialised stores | Retail sale of cosmetic and toilet articles in specialised stores | Dispensing chemist in specialised stores | Retail sale via mail order houses or via Internet",2022-02-11 14:54:42,2022-02-11 14:54:42,,,,Active,,,,,,,,17179874526
17179879612,Aurora Upholstery Studios Llc,Aurora Upholstery Studios Llc,,US,United States,New Jersey,,Kearny,07032,Davis Avenue,,,,,"US, United States, New Jersey, Kearny, 07032, Davis Avenue, , 40.76162338256836, -74.14510345458984",1,Private,,,"Aurora Upholstery Studios Llc is a furniture repair & reconditioning services company based in Kearny, New Jersey, United States.",,,Services,Consumer Services,Furniture Repair & Reconditioning,811420,Reupholstery and Furniture Repair,,,Furniture Repair & Reconditioning,Other Consumer Services,Other Consumer Services,+12017371146,+12017371146,,,,https://www.auroraupholsterystudios.com/,auroraupholsterystudios.com,com,,,,,,,,,,,,,,,,,4581 | 7641,"Airports, Flying Fields, and Airport Terminal Services (aircraft upholstery repair) | Reupholstery and Furniture Repair",9524,Repair of furniture and home furnishings,95.24,Repair of furniture and home furnishings,2022-02-11 14:54:40,2022-02-11 14:54:40,,,,Active,,,,,,,,17179870038
17179879651,Eternia Bau GmbH,Eternia Bau GmbH,,DE,Germany,Thuringia,,Erfurt,,,,,,"Erfurt, Thuringia, Germany.","DE, Germany, Thuringia, Erfurt, , , , 50.9777974, 11.0287364",,,,,,Durch unseren vielseitigen Fahrzeug- und Gerätebestand können wir flexibel auf fast alle Anforderungen des Bauablaufs reagieren.,Construction,,,,,,,,,,,,,,,,https://www.eternia-bau.de/,eternia-bau.de,de,,,,,http://www.linkedin.com/company/eternia-bau-gmbh,,,,,,,,,,,,,,,,,,2024-03-26 03:16:40.521,2024-03-26 03:16:40.521,,"The company boasts a diverse range of vehicles and equipment, allowing them to adapt to various construction site requirements efficiently.",Vehicle Supplier | Construction Equipment Supplier,Active,eternia-bau.de,eternia-bau.de,,,,,,17179871375
17179879796,LJMDESIGN PRINTING,,LJMDESIGN PRINTING | LJMDesign,AU,Australia,,,,,,,,,,"AU, Australia, , , , , , -24.7761086, 134.755",1,Private,,,LJMDESIGN PRINTING is a commercial printing company based in Australia.,"LJMDesign Provides Quality Printing, Signs and Websites. Cairns and Townsville North Queensland.",Flyer & Brochure Printing | Printing & Signage | Quality Prints | Fishing Shirts,Manufacturing,Nondurable Products,Commercial Printing,323111,Commercial Printing (except Screen and Books),,,Commercial Printing,Books Printing & Stores,Other Nondurable Products,,,,,,https://cairnsprint.com.au/,cairnsprint.com.au,com.au,en,,,,,,,,,,Professional & Commercial Services,SV-PS,Consumer Services,SV.3,Services,SV,2754 | 2759 | 2771 | 2752 | 2771 | 2752 | 2759 | 7334 | 2759 | 2761 | 2782 | 2782 | 2759 | 2771 | 2771,"Commercial Printing, Gravure | Commercial Printing, NEC (flexographic printing) | Greeting Cards (flexographic printing of greeting cards) | Commercial Printing, Lithographic (except quick printing) | Greeting Cards (lithographic printing of greeting cards) | Commercial Printing, Lithographic (quick printing) | Commercial Printing, NEC (quick printing) | Photocopying and Duplicating Services (quick printing) | Commercial Printing, NEC (digital printing, except quick printing) | Manifold Business Forms | Blankbooks, Looseleaf Binders and Devices (checkbooks) | Blankbooks, Looseleaf Binders and Devices (except checkbooks) | Commercial Printing, NEC (other commercial printing except flexographic, screen, digital, and quick printing) | Greeting Cards (other printing of greeting cards) | Greeting Cards (gravure printing of greeting cards)",1709 | 1811 | 2599 | 8219,"Manufacture of other articles of paper and paperboard | Printing | Manufacture of other fabricated metal products n.e.c. | Photocopying, document preparation and other specialized office support activities",18.12 | 18.11 | 25.92 | 25.99 | 25.94 | 25.91 | 25.93 | 17.22 | 17.29 | 17.23 | 17.24 | 82.19,"Other printing | Printing of newspapers | Manufacture of light metal packaging | Manufacture of other fabricated metal products n.e.c. | Manufacture of fasteners and screw machine products | Manufacture of steel drums and similar containers | Manufacture of wire products, chain and springs | Manufacture of household and sanitary goods and of toilet requisites | Manufacture of other articles of paper and paperboard | Manufacture of paper stationery | Manufacture of wallpaper | Photocopying, document preparation and other specialised office support activities",2021-12-29 21:32:19,2024-07-30 19:50:22,0,"Fishing Shirt by LJMDesign, legally known as SALT AND Popper - Limited, is a company based in Cairns, Queensland. The company specializes in providing quality printing, signage, and website design services. Their offerings include business cards, flyers, brochures, and various types of signage.",Brochure Printing | Fishing Shirts Printing | Website Development Services | Printing and Signage Services | Business Card Printing,Active,cairnsprint.com.au,cairnsprint.com.au,,,,,0,17179879796
17179879847,Armatis,,Armatis,FR,France,Ile-de-France,Centre Ville,Boulogne-Billancourt,92100,Avenue Édouard Vaillant,58,48.8356641,2.2491539,"58 Avenue Edouard Vaillant, Boulogne-Billancourt, Ile-de-France, 92100, France","FR, France, Ile-de-France, Boulogne-Billancourt, 92100, Avenue Édouard Vaillant, 58, 48.8356641, 2.2491539",1,Private,1989,1989,"Armatis is a business consulting company based in Boulogne-Billancourt, France.","Armatis, spécialiste de la Relation Client externalisée depuis 1989. Entreprise made in France à dimension internationale, Armatis compte aujourd'hui 11 sites en France métropolitaine et 11 sites à l'international. 9000 experts qui partagent une vision commune « Your Customer First » afin d'accompagner les partenaires d'Armatis sur l'ensemble du parcours Client avec une offre globale multisectorielle, dans un univers francophone ou multilingue. Le groupe met au cœur de ses engagements une responsabilité sociale et sociétale qui se traduit par la mise en œuvre d'une politique Ressources Humaines respectueuse de son environnement social, économique et écologique.",Human Resources,Services,Professional Services,Business Consulting,541611,Administrative Management and General Management Consulting Services,,,Business Consulting,Business Consulting,Other Professional Services,,,,,,https://www.armatis.com/,armatis.com,com,,https://www.facebook.com/ArmatisFrance,,,http://www.linkedin.com/company/armatis,,,,,,,,,,,,8742,Management Consulting Services (administrative management and general management consulting),7020,Management consultancy activities,70.21 | 70.22,Public relations and communication activities | Business and other management consultancy activities,2022-02-03 07:28:05,2024-11-24 03:55:21.455,,"Armatis is a French company that has been specializing in outsourced customer relations since 1989. With 11 locations in metropolitan France and 11 international locations, Armatis employs 9000 experts who share a common vision of putting the customer first. They offer a multisector global offering in both in French and multilingual environments. The company places a strong emphasis on social and social responsibility, implementing a human resources policy that is respectful of its social, economic, and ecological environment.",Customer Journey Support | Corporate Social Responsibility | Multisectoral Global Offerings | Human Resources Policies | Customer Experience in Outsourcing,Active,,,2100000000,extracted,4400,extracted,,17179872422
17179879932,Eisch-Kafka-electronic GmbH,Eisch-Kafka-electronic GmbH,,DE,Germany,Baden-Württemberg,,Ulm,89079,Abt-Ulrich-Straße,16,48.3429174,9.944102500000001,"Abt-Ulrich-Straße 16, 89079 Ulm","DE, Germany, Baden-Württemberg, Ulm, 89079, Abt-Ulrich-Straße, 16, 48.3429174, 9.944102500000001",1,Private,,,"Eisch-Kafka-electronic GmbH is an electronics store based in Ulm, Germany.",,,Retail,Durable Products,,,,,,Electronics Stores,Consumer Electronics & Appliances,Electronics & Appliances,,,,,,http://www.eisch-electronic.com/,eisch-electronic.com,com,,,,,,,,,,,,,,,,,,,,,,,2021-10-02 02:10:02,2025-01-04 19:58:07.936,,"Eisch-Kafka-electronic GmbH is an electronics store located in Ulm, Baden-Württemberg, Germany.",Coils Manufacturer | Capacitors Manufacturer | Resistors Manufacturer | Transformers Manufacturer | Electronics Store | Inductor Manufacturing,Active,,,,,,,,17179872529
17179880017,Shinydocs,,Shinydocs,CA,Canada,Ontario,,Kitchener,N2H 3X6,Duke Street West,240,43.454046,-80.4955252,"240 Duke St W, Kitchener, ON N2H 3X6, Canada","CA, Canada, Ontario, Kitchener, N2H 3X6, Duke Street West, 240, 43.454046, -80.4955252",1,Private,,,"Shinydocs is a tech company based in Kitchener, Ontario, Canada.",,,Services,Professional Services,Tech Companies,541512,Computer Systems Design Services,,,Tech Companies,Software & IT Services,IT&C Services,+12262106865,+12262106865,,,,https://shinydocs.com/,shinydocs.com,com,,https://www.facebook.com/Shinydocs/,,https://www.instagram.com/shinydocs/,,,,,,,,,,,,,7373 | 7379,"Computer Integrated Systems Design | Computer Related Services, NEC (computer systems consultants)",6202,Computer consultancy and computer facilities management services,62.03 | 62.02,Computer facilities management activities | Computer consultancy activities,2021-10-01 20:00:20,2024-10-28 08:52:26.653,,"Shinydocs is a software company based in Kitchener, Ontario, Canada.",Onsite Services | Custom Programming Services | Software Development and Implementation of Software,Active,,,,,,,,17179880017
17179880108,Art by Lloyd,,Art by Lloyd,GB,United Kingdom,England,,Millom,LA18 4DB,St George's Terrace,17,54.2096522,-3.2693823,"17 St George's Terrace, Millom, LA18 4, United Kingdom","GB, United Kingdom, England, Millom, LA18 4DB, St George's Terrace, 17, 54.2096522, -3.2693823",,,,,,,,,,,,,,,,,,,,,,,https://www.artbylloyd.com/,artbylloyd.com,com,,,,,http://www.linkedin.com/company/art-by-lloyd,,,,,,,,,,,,,,,,,,2024-08-20 01:07:45.263,2024-08-20 01:07:45.263,,,,Active,,,,,,,,17179878928
17179880197,Club Aldo,,Club Aldo,EG,Egypt,Alexandria,,Alexandria,21918,Al Taqwa Street,1,31.245227999999994,29.967647000000003,"El Guish Rd.، SAN STEFANO, El Raml 1, Alexandria Governorate 5452053, Egypt","EG, Egypt, Alexandria, Alexandria, 21918, Al Taqwa Street, 1, 31.245227999999994, 29.967647000000003",1,Private,,,"Club Aldo is a shoes & other footwear store based in Alexandria, Egypt.",,,Retail,Nondurable Products,Shoes & Other Footwear Stores,458210,Shoe Retailers,,,Shoes & Other Footwear Stores,Footwear,"Apparel, Accessories & Footwear",+2034690451,+2034690451,,,,http://www.clubaldo.com/&opi=79508299&sa=U&ved=0ahUKEwi42MTHlpuGAxUmQVUIHUg7Dr8Q61gIFigS&usg=AOvVaw08iOYzFif06aYIrDr11fAk,clubaldo.com,com,,,,,,,,,,,,,,,,,5963 | 5411 | 5421 | 5961 | 5431 | 5142 | 5961 | 5139 | 5661 | 5961,"Direct Selling Establishments (except mobile food services and food wagons) | Grocery Stores (frozen food and freezer plan providers) | Meat and Fish (Seafood) Markets, Including Freezer Provisioners (freezer provisioners) | Catalog and Mail-Order Houses (electronic auctions) | Fruit and Vegetable Markets (temporary fruit and vegetable stands) | Packaged Frozen Foods (frozen food sold via retail method) | Catalog and Mail-Order Houses (electronic shopping web sites) | Footwear (footwear sold via retail method) | Shoe Stores | Catalog and Mail-Order Houses (mail-order houses)",4771 | 4782 | 4791 | 4799,"Retail sale of clothing, footwear and leather articles in specialized stores | Retail sale via stalls and markets of textiles, clothing and footwear | Retail sale via mail order houses or via Internet | Other retail sale not in stores, stalls or markets",47.99 | 47.91 | 47.82 | 47.71 | 47.72,"Other retail sale not in stores, stalls or markets | Retail sale via mail order houses or via Internet | Retail sale via stalls and markets of textiles, clothing and footwear | Retail sale of clothing in specialised stores | Retail sale of footwear and leather goods in specialised stores",2023-06-26 23:13:17.198,2024-05-20 02:41:43.875,,"Club Aldo is a shoe store located in Alexandria, Egypt.",Shoe Stores,Active,,,,,,,,17179870035
17179880211,MICT SETA Bloemfontein Regional Office,,MICT SETA Bloemfontein Regional Office,ZA,South Africa,Free State,,Bloemfontein,9301,Bastion Street,61,-29.122746699999997,26.2227086,"61 Bastion St, Bloemfontein Central, Bloemfontein, 9301, South Africa","ZA, South Africa, Free State, Bloemfontein, 9301, Bastion Street, 61, -29.122746699999997, 26.2227086",,,,,,,,,,,,,,,,,,+27632005152,+27632005152,,,,,,,,,,,,,,,,,,,,,,,,,,,,,2023-05-20 10:38:20.395,2024-08-26 13:11:43.575,,"The MICT SETA Bloemfontein Regional Office is a government office located in Bloemfontein, South Africa. It operates within the Free State region.",Public Health | Government Office | Veterans Programs | Human Resources Programs,Active,,,,,,,,17179870110
17179880300,Powerflow Exhausts,,Powerflow Exhausts,GB,United Kingdom,England,,Bridport,,,,,,"Unit 1 Gore Cross Business Park, Bridport, United Kingdom","GB, United Kingdom, England, Bridport, , , , 50.733785, -2.7589005",1,Private,,,"Powerflow Exhausts is an auto parts store based in Bridport, United Kingdom.",Powerflow Exhausts is the leading supplier of custom build stainless steel exhausts in the UK. We des,Stainless Steel,Retail,Durable Products,Auto Parts Store,441330,Automotive Parts and Accessories Retailers,,,Auto Parts Store,Auto Parts,Automotive,+441308425895,+441308425895,sales@powerflowexhausts.co.uk,sales@powerflowexhausts.co.uk,,https://www.powerflowexhausts.co.uk/,powerflowexhausts.co.uk,co.uk,,https://www.facebook.com/PowerflowExhaustsUK/,,,,,,,,,,,,,,,5961 | 5015 | 5531 | 5731 | 5411 | 5421 | 5961 | 5961 | 5963 | 5013 | 5142 | 5431,"Catalog and Mail-Order Houses (electronic auctions) | Motor Vehicle Parts, Used (used auto parts sold via the retail method) | Auto and Home Supply Stores (auto supply stores) | Radio, Television, and Consumer Electronics Stores (automobile radios) | Grocery Stores (frozen food and freezer plan providers) | Meat and Fish (Seafood) Markets, Including Freezer Provisioners (freezer provisioners) | Catalog and Mail-Order Houses (electronic shopping web sites) | Catalog and Mail-Order Houses (mail-order houses) | Direct Selling Establishments (except mobile food services and food wagons) | Motor Vehicle Supplies and New Parts (auto parts sold via retail method) | Packaged Frozen Foods (frozen food sold via retail method) | Fruit and Vegetable Markets (temporary fruit and vegetable stands)",4530 | 4742 | 4789 | 4791 | 4799,"Sale of motor vehicle parts and accessories | Retail sale of audio and video equipment in specialized stores | Retail sale via stalls and markets of other goods | Retail sale via mail order houses or via Internet | Other retail sale not in stores, stalls or markets",47.91 | 47.99 | 47.89 | 47.43 | 45.32 | 45.31,"Retail sale via mail order houses or via Internet | Other retail sale not in stores, stalls or markets | Retail sale via stalls and markets of other goods | Retail sale of audio and video equipment in specialised stores | Retail trade of motor vehicle parts and accessories | Wholesale trade of motor vehicle parts and accessories",2021-06-24 07:00:56,2024-10-19 01:26:50.486,,Powerflow Exhausts is a prominent UK-based company that specializes in manufacturing and supplying custom-built stainless steel exhausts.,Custom Exhausts | Custom Stainless Steel Exhausts | Manufacturing,Active,,,,,,,,17179869584
17179880355,Ayres House Studios,,Ayres House Studios,US,United States,Connecticut,,Wallingford,06492,,,,,"Wallingford, Connecticut, 06492, United States","US, United States, Connecticut, Wallingford, 06492, , , 41.4570418, -72.8231552",,,,,,,,,,,,,,,,,,+441865819869,+441865819869,,,,https://www.ayreshousestudios.co.uk/,ayreshousestudios.co.uk,co.uk,,,,,http://www.linkedin.com/company/ayres-house-studios,,,,,,,,,,,,,,,,,,2024-03-27 02:18:25.54,2024-03-27 02:18:25.54,,,,Active,ayreshousestudios.co.uk,ayreshousestudios.co.uk,,,,,,17179880355
17179880894,Makeup by Vivienne Blackledge,,Makeup by Vivienne Blackledge | Makeup by Vivienne,GB,United Kingdom,England,,Hull,HU1 3RA,,,,,"Kingston upon Hull, United Kingdom","GB, United Kingdom, England, Hull, HU1 3RA, , , 53.7435722, -0.3394758",,,,,,"Born from a sheer love of makeup comes 'Makeup by Vivienne', makeup for any occasion to enhance your",,,,,,,,,,,,+447969497531,+447969497531,vivblackledge@outlook.com,,,https://www.makeupbyvivienne.co.uk/,makeupbyvivienne.co.uk,co.uk,,https://www.facebook.com/makeupbyvivblackledge/,,,,,,,,,,,,,,,,,,,,,2023-09-01 21:54:01.518,2024-04-12 16:23:37.611,,Makeup by Vivienne is a company that specializes in providing makeup services for various occasions.,Cosmetics Retailer | E-commerce,Active,makeupbyvivienne.co.uk,makeupbyvivienne.co.uk,,,,,,17179880894
17179880923,K&J PROJECTS PRIVATE LIMITED,K&J PROJECTS PRIVATE LIMITED,,IN,India,Maharashtra,,Nagpur,440022,,,,,", Nagpur, Maharashtra, 440022, India","IN, India, Maharashtra, Nagpur, 440022, , , 21.12171046551724, 79.0580635",,,,,,,Civil Engineering,,,,,,,,,,,+917122556402,+917122556402,,,,https://www.knjprojects.com/,knjprojects.com,com,,,,https://www.instagram.com/knjprojects,http://www.linkedin.com/company/k&j-projects-ltd,,,,,,,,,,,,,,,,,,2022-02-06 21:34:14,2024-11-09 11:28:22.004,,,,Active,,,,,260,extracted,,17179872210
17179880942,Roads and Kingdoms,,Roads and Kingdoms,,,,,,,,,,,,,,Private,,,,,,Services,Consumer Services,Newspapers & Magazines,513199,All Other Publishers,,,Newspapers & Magazines,Newspapers & Magazines,Publishers & Media Companies,,,,,,https://www.roadsandkingdoms.com/,roadsandkingdoms.com,com,,https://www.facebook.com/roadsandkingdoms/,,,,,,,,,,,,,,,2771 | 8999 | 2711 | 2741 | 2721 | 2741 | 8999 | 2731,"Greeting Cards (Internet greeting card publishers) | Services, NEC (Internet web search portals) | Newspapers: Publishing, or Publishing and Printing (Internet newspaper publishing) | Miscellaneous Publishing (miscellaneous Internet publishing) | Periodicals: Publishing, or Publishing and Printing (Internet periodical publishing) | Miscellaneous Publishing (except database, advertising periodicals, shopping news, technical manuals and books, and sheet music publishing or publishing and printing and Internet versions of these activities) | Services, NEC (Internet broadcasting, special interest web sites, entertainment sites, and interactive game sites) | Books: Publishing, or Publishing and Printing (Internet book publishing)",5811 | 5819,Book publishing | Other publishing activities,58.19 | 58.11,Other publishing activities | Book publishing,2021-07-12 01:16:33,2023-08-10 03:02:36.616,,,,Active,,,,,,,,17179880942
17179880978,INGENIERIA BATALLER CATALA SL.,INGENIERIA BATALLER CATALA SL.,,,,,,,,,,,,,,,,,,,,,,,,,,,,,,,,,,,,https://www.bc-ingenieria.com/,bc-ingenieria.com,com,,,,,http://www.linkedin.com/company/ingenieria-bataller-catala-sl,,,,,,,,,,,,,,,,,,2024-02-16 17:30:57.795,2024-02-16 17:30:57.795,,,,Active,bc-ingenieria.com,bc-ingenieria.com,,,,,,17179880978
17179881189,House of Stitches,,House of Stitches,US,United States,Indiana,,LaPorte County,46350,,,,,"1700 lincolnway pl. ste 4, 46350, us in laporte, indiana","US, United States, Indiana, LaPorte County, 46350, , , 41.5750427, -86.7397448",,,,,,,,,,,,,,,,,,+12193260544,+12193260544,,,,https://www.houseofstitches.com/,houseofstitches.com,com,,https://www.facebook.com/pages/category/arts---crafts-store/house-of-stitches-347812115268911about/,,,,,,,,,,,,,,,,,,,,,2021-06-13 13:29:16,2021-06-13 13:29:16,,,,Active,,,,,,,,17179875809
17179881348,,,,,,,,,,,,,,,,,,,,,,,,,,,,,,,,,,,,,,https://www.wu.to/,wu.to,to,,https://www.facebook.com/403901213756894/,,,,,,,,,,,,,,,,,,,,,2024-05-30 18:38:46.401,2024-05-30 18:38:46.401,,,,Active,,,,,,,,17179881348
17179881424,Claas abraham,,Claas abraham | Claas Abraham Fotodesign,DE,Germany,Mecklenburg-Vorpommern,Altstadt,Stralsund,18439,Olof-Palme-Platz,5,54.3184485,13.089272592864305,Olof-Palme-Platz 5 18439 Stralsund,"DE, Germany, Mecklenburg-Vorpommern, Stralsund, 18439, Olof-Palme-Platz, 5, 54.3184485, 13.089272592864305",1,Private,2000,,"Claas abraham is a photographer/photographic studio based in Stralsund, Germany.","Das Fotostudio 116qm² Fotostudio für Bewerbungsfotos, Familenfotos usw. Ihr Fotograf mit eigener. Virtuelle Panoramatouren von Ihren Geschäftsräumen oder Hotelzimmern. Dokumentation von Veranstaltungen bis hin zur Industriefotografie sind möglich. Produktfotografie für Ihren Internetshop, realisiert bei mir im Studio oder direkt vor Ort. Überlassen Sie wichtige berufliche Entscheidungen nicht dem Zufall. Natürliche Hochzeitsfotografie, lebendig und natürlich Inszeniert, alles inkl. Seit Oktober 2000 bin ich als freiberuflicher Fotograf in Stralsund tätig. Erfahren Sie mehr über mich in meinem Reiseblog. Fotografie Für Ihren erfolg - modern & Professionell.",,Services,Consumer Services,Photographers & Photographic Studios,541921,"Photography Studios, Portrait",,,Photographers & Photographic Studios,Photographers & Photographic Studios,Other Consumer Services,+4989224,+4989224 | +493831290813 | +493831290817 | +498220001289,kontakt@claasabraham.de,kontakt@claasabraham.de | datenschutz@claasabraham.de,,https://claasabraham.de/,claasabraham.de,de,de,https://www.facebook.com/ClaasAbrahamFotodesign/,https://twitter.com/claasabraham,,,,,,,,Professional & Commercial Services,SV-PS,Consumer Services,SV.3,Services,SV,7221,"Photographic Studios, Portrait",7420,Photographic activities,74.2,Photographic activities,2020-02-24 12:30:50,2024-07-26 15:44:15,26,"Claas Abraham is a photography company based in Stralsund, Mecklenburg-Vorpommern. The company specializes in business and wedding photography, offering services such as 360° panoramic photography, product photography, and business application photos. Claas Abraham also operates a 116 square meter studio for various types of photography, including family photos and event documentation. The company is known for its natural and vivid wedding photography, which includes a comprehensive wedding reportage service.",Wedding Photography Services | Business and Application Photography Services | Event Documentation Services | Virtual Panoramic Photography Services | Photo Design Services | Photography and Design Studio,Active,claasabraham.com | fotostudio-stralsund.com | fotostudio-stralsund.de | claasabraham.de,claasabraham.com | fotostudio-stralsund.com | fotostudio-stralsund.de | claasabraham.de,70004,modelled,1,extracted,26,17179881424
17179881467,Apollo Investimentos,,Apollo Investimentos,BR,Brazil,Paraná,,Curitiba,,,,,,", Curitiba, State of Parana, Brazil","BR, Brazil, Paraná, Curitiba, , , , -25.4295963, -49.2712724",1,Private,2013,2013,"Apollo Investimentos is an investment consultant & financial advisor based in Curitiba, Brazil.","Desde de 2013 te auxiliando a investir de maneira rentável e correta. Na Apollo Investimentos contamos com soluções completas de investimentos para você. Invista com o melhor escritório de investimentos do Banco Safra, premiado também como segundo melhor Private e Corporate. Conte com a tradição, excelência e serviços de alta performance de um escritório credenciado a uma instituiçãocom 180 anos de história. Invista com a gente",Financial Services,Services,Professional Services,Investment Funds,523940,Portfolio Management and Investment Advice,,,Investment Consultants & Financial Advisors,Investment Firms & Consultants,Finance & Insurance,,,,,,https://www.apolloinvestimentos.com.br/,apolloinvestimentos.com.br,com.br,,,,,http://www.linkedin.com/company/apolloinvestimentos,,,,,,,,,,,,6371 | 6799 | 6733 | 6282 | 6282,"Pension, Health, and Welfare Funds (managers) | Investors, NEC (commodity contract pool operators) | Trusts, Except Educational, Religious, and Charitable (managers) | Investment Advice (portfolio managers) | Investment Advice (except portfolio managers)",6630 | 6619,Fund management activities | Other activities auxiliary to financial service activities,66.3 | 66.19,"Fund management activities | Other activities auxiliary to financial services, except insurance and pension funding",2022-02-22 18:53:36,2024-11-24 09:18:26.054,,"Apollo Investimentos is a company that has been providing cost-effective and fair investment solutions since 2013. They offer complete investment solutions and are affiliated with Safra Bank, an institution with a 180-year history of providing high-performance services.",Investment Solutions | Financial Services,Active,,,1904193,modelled,46,extracted,,17179871238
17179881488,AKALP SÜT,,AKALP SÜT | AKALP SUT,,,,,,,,,,,,,,Private,,,,,,Manufacturing,Nondurable Products,Dairy Products,311513,Cheese Manufacturing,,,Dairy Products - Farms & Stores,"Meat, Poultry & Dairy",Food & Beverages,+905423563446,+905423563446,info@akalpsut.com,info@akalpsut.com,,https://www.akalpsut.com/,akalpsut.com,com,eo,https://www.facebook.com/akalpciftligi/,https://twitter.com/Akalpsut,https://www.instagram.com/akalpciftligi/,https://www.linkedin.com/company/78818224,,,https://www.youtube.com/channel/UCbRP__oti6HX-mlEB8qHC6A/featured,,,"Meat, Poultry & Dairy",FB-MP,Food,FB.1,Food & Beverage,FB,2022,"Natural, Processed, and Imitation Cheese",1050 | 1079,Manufacture of dairy products | Manufacture of other food products n.e.c.,10.86 | 10.89 | 10.84 | 10.83 | 10.51 | 10.52,Manufacture of homogenised food preparations and dietetic food | Manufacture of other food products n.e.c. | Manufacture of condiments and seasonings | Processing of tea and coffee | Operation of dairies and cheese making | Manufacture of ice cream,2021-08-21 15:23:28,2024-11-16 06:32:14,49,"Akalp Sut is a company based in Kahramanmaraş, Turkey, specializing in natural milk and dairy products. The company produces a variety of dairy items, including cheeses, cottage cheese, curd, ice creams, and meat products. They also offer a range of natural, unprocessed products such as oil, cream, and various local specialties like walnut, vegetable noodles, and honey. Akalp Sut emphasizes the production of high-quality, healthy dairy products sourced from their own farm.","Ice Cream | Pure Butter | Meat Products | Mozzarella Cheese | Full Fat Peppered Halloumi Cheese | White Foam Flour Sausages | Cottage Cheese and Curd Products | Milk & Milk Products | Sumac Sour | Breakfast Items | Cream Oil | Vegetable Products | Local Products | Whole-fat, Brown Goat Cheese | Unprocessed Natural Foods | Pepper Paste | Homestyle Grape Sausage with Molasses | Homemade Potato Noodles | 100% Natural Tahini",Active,akalpsut.com,akalpsut.com,,,75,modelled,49,17179881488
17179881535,All Sport Eyewear,,All Sport Eyewear,US,United States,Utah,,Park City,84060,Main Street,751,40.6470617,-111.4981616,"751 Main St, Park City, UT, US 84060","US, United States, Utah, Park City, 84060, Main Street, 751, 40.6470617, -111.4981616",1,Private,,,"All Sport Eyewear is a clothing store based in Park City, Utah, United States.",,,Retail,Nondurable Products,Clothing,458110,Clothing and Clothing Accessories Retailers,,,Clothing Stores,Clothing,"Apparel, Accessories & Footwear",+14356453939,+14356453939,,,,https://www.allsportseyewear.com/,allsportseyewear.com,com,,https://www.facebook.com/pages/category/Sunglasses---Eyewear-Store/168349953176218/,,,,,,,,,,,,,,,5137 | 5641 | 5137 | 5651 | 5632 | 5611 | 5699 | 5411 | 5621 | 5137 | 5961 | 5961 | 5136 | 5961 | 5431 | 5699 | 5963 | 5142 | 5632 | 5421 | 5136 | 5611 | 5621,"Women's, Children's, and Infants' Clothing and Accessories (selling a general line of womens clothing via retail method) | Children's and Infants’ Wear Stores | Women's, Children's and Infants' Clothing and Accessories (selling a general line of children's and infants' clothing via retail method) | Family Clothing Stores | Women's Accessory and Specialty Stores (accessories) | Men’s and Boys’ Clothing and Accessory Stores (accessories) | Miscellaneous Apparel and Accessory Stores (accessories) | Grocery Stores (frozen food and freezer plan providers) | Women's Clothing Stores (dress shops and bridal shops) | Women’s, Children’s, and Infants’ Clothing and Accessories (uniforms and work clothing sold via retail method) | Catalog and Mail-Order Houses (mail-order houses) | Catalog and Mail-Order Houses (electronic auctions) | Men's and Boys' Clothing and Furnishings (uniforms and work clothing sold via retail method) | Catalog and Mail-Order Houses (electronic shopping web sites) | Fruit and Vegetable Markets (temporary fruit and vegetable stands) | Miscellaneous Apparel and Accessory Stores (miscellaneous apparel except accessories and custom tailors) | Direct Selling Establishments (except mobile food services and food wagons) | Packaged Frozen Foods (frozen food sold via retail method) | Women’s Accessory and Specialty Stores (specialty stores) | Meat and Fish (Seafood) Markets, Including Freezer Provisioners (freezer provisioners) | Men's and Boys' Clothing and Furnishings (men's and boys' apparel, except uniforms and work clothing, sold via retail method) | Men's and Boys' Clothing and Accessory Stores (clothing stores) | Women's Clothing Stores (except dress shops and bridal shops)",4771 | 4773 | 4782 | 4791 | 4799,"Retail sale of clothing, footwear and leather articles in specialized stores | Other retail sale of new goods in specialized stores | Retail sale via stalls and markets of textiles, clothing and footwear | Retail sale via mail order houses or via Internet | Other retail sale not in stores, stalls or markets",47.76 | 47.77 | 47.78 | 47.99 | 47.91 | 47.82 | 47.71 | 47.72,"Retail sale of flowers, plants, seeds, fertilisers, pet animals and pet food in specialised stores | Retail sale of watches and jewellery in specialised stores | Other retail sale of new goods in specialised stores | Other retail sale not in stores, stalls or markets | Retail sale via mail order houses or via Internet | Retail sale via stalls and markets of textiles, clothing and footwear | Retail sale of clothing in specialised stores | Retail sale of footwear and leather goods in specialised stores",2021-07-10 12:26:16,2023-08-10 00:47:00.584,,,,Active,,,,,,,,17179879178
17179881605,Moyer Law PC.,Moyer Law PC.,,US,United States,Rhode Island,,Providence,02903,Pine Street,55,41.823116,-71.4096756,"55 Pine St, Providence, RI 02903","US, United States, Rhode Island, Providence, 02903, Pine Street, 55, 41.823116, -71.4096756",1,Private,,,"Moyer Law PC. is a divorce & family law attorney based in Providence, Rhode Island, United States.","RI Divorce lawyer Don Moyer provides family-focused solutions to your divorce, custody or support dispute. Don Moyer is a top Providence divorce lawyer in RI who puts your needs first. Our Rhode Island firm provides personalized, professional service to clients for all family court matters, including simple and complex divorce and legal separation, child custody, visitation, child relocation, spousal and child support, property division, modification or enforcement of current court orders, and prenuptial and post-nuptial agreements. If you are looking for one of the best divorce lawyers in RI, we can help. Top divorce lawyers in RI ready to fight for you. Rhode Island family lawyer, adoption lawyer, military divorce, custody lawyer.",,Services,Professional Services,Lawyers,541110,Offices of Lawyers,,,Divorce & Family Law Attorneys,Lawyers,Legal,+14013052934,+14013052934,,,,https://www.moyerdivorcelaw.com/?utm_source=GMB&utm_medium=organic&utm_campaign=Providence,moyerdivorcelaw.com,com,,,,,,,,,,,,,,,,,8111,Legal Services,6910,Legal activities,69.1,Legal activities,2021-11-05 13:00:29,2024-04-08 23:55:46.231,,"Moyer Law, PC is a law firm based in Providence, Rhode Island, United States. The firm specializes in divorce and family law.",Family Law Attorney | Divorce Representation | Law Firm,Active,,,,,,,,17179880272
17179881623,Ride OKC Bike Tours and Rentals,,Ride OKC Bike Tours and Rentals,US,United States,Oklahoma,,Oklahoma City,73102,West California Avenue,428,35.465007299999996,-97.5201592,"428 W California Ave, Oklahoma City, OK 73102, United States","US, United States, Oklahoma, Oklahoma City, 73102, West California Avenue, 428, 35.465007299999996, -97.5201592",1,Private,,,"Ride OKC Bike Tours and Rentals is a tour operator based in Oklahoma City, Oklahoma, United States.",,,Services,Consumer Services,Tour Operators,561520,Tour Operators,,,Tour Operators,Travel Agencies,Other Consumer Services,+14053099696,+14053099696,,,,https://www.rideokc.com/,rideokc.com,com,,,,,,,,,,,,,,,,,4725,Tour Operators,7912,Tour operator activities,79.12,Tour operator activities,2021-11-05 17:25:11,2024-10-25 07:57:06.27,,"Ride OKC Bike Tours and Rentals is a company based in Oklahoma City, United States. It operates as a tour agency, bicycle rental service, sightseeing tour agency, tour operator, and tourist attraction. The company offers various bike tours and rentals.",Oklahoma City Bicycle Rentals | Tourist Attraction Services | Sightseeing Tour Agency Services | Wheelchair Accessible Parking Lot | Bicycle Rentals,Active,,,,,,,,17179877176
17179881643,Gividental Studio Dentistico Seregno,,Gividental Studio Dentistico Seregno,IT,Italy,Lombardy,,Seregno,20831,Piazza Donatori Del Sangue,2,45.6484753,9.2036676,"piazza donatori del sangue 2, Seregno, Italy","IT, Italy, Lombardy, Seregno, 20831, Piazza Donatori del Sangue, 2, 45.6484753, 9.2036676",,,,,,,,,,,,,,,,,,+390362238522,+390362238522,accettazione@gividental.com,,,https://www.gividental.com/,gividental.com,com,,https://www.facebook.com/gividentalseregno/,,,,,,,,,,,,,,,,,,,,,2024-06-10 06:06:19.203,2024-06-10 06:06:19.203,,,,Active,,,,,,,,17179881643
17179881672,Richards’ Flowers and Gifts,,Richards’ Flowers and Gifts,US,United States,Georgia,,Thomson,30824,,,,,"Thomson, Georgia 30824, United States","US, United States, Georgia, Thomson, 30824, , , 33.479397798140496, -82.49372234132231",1,Private,,,"Richards’ Flowers and Gifts is a florist based in Thomson, Georgia, United States.","Order flowers online from your florist in Thomson, GA. Richards' Flowers and Gifts, offers fresh flowers and hand delivery right to your door in Thomson.",Flowers And Gifts | Retail | Order Flowers Online | Fresh Flowers,Retail,Nondurable Products,Florists,459310,Florists,,,Florists,Florists & Herbalists,Other Nondurable Products,+17065951830,+17065951830,,,,https://www.richardsflowersandgifts.com/,richardsflowersandgifts.com,com,,,,,http://www.linkedin.com/company/richards%e2%80%99-flowers-and-gifts,,,,,,,,,,,,5963 | 5142 | 5411 | 5961 | 5421 | 5961 | 5961 | 5992 | 5431,"Direct Selling Establishments (except mobile food services and food wagons) | Packaged Frozen Foods (frozen food sold via retail method) | Grocery Stores (frozen food and freezer plan providers) | Catalog and Mail-Order Houses (electronic auctions) | Meat and Fish (Seafood) Markets, Including Freezer Provisioners (freezer provisioners) | Catalog and Mail-Order Houses (mail-order houses) | Catalog and Mail-Order Houses (electronic shopping web sites) | Florists | Fruit and Vegetable Markets (temporary fruit and vegetable stands)",4773 | 4789 | 4791 | 4799,"Other retail sale of new goods in specialized stores | Retail sale via stalls and markets of other goods | Retail sale via mail order houses or via Internet | Other retail sale not in stores, stalls or markets",47.91 | 47.76 | 47.77 | 47.78 | 47.89 | 47.99,"Retail sale via mail order houses or via Internet | Retail sale of flowers, plants, seeds, fertilisers, pet animals and pet food in specialised stores | Retail sale of watches and jewellery in specialised stores | Other retail sale of new goods in specialised stores | Retail sale via stalls and markets of other goods | Other retail sale not in stores, stalls or markets",2024-02-19 21:26:48.941,2024-02-19 21:26:48.941,,"Richards' Flowers and Gifts is a florist company located in Thomson, GA. They specialize in providing fresh flowers and offering hand delivery services to customers in the Thomson area.",Floral Arrangements | Fresh Flowers | Retail | Hand Delivery Services | Gifting Options | Online Flower Ordering Platform,Active,,,,,,,,17179876168
17179881738,DeLong & Co. Real Estate,,DeLong & Co. Real Estate | Null,US,United States,Michigan,,Eaton Rapids,48827,South Main Street,131,42.51222205,-84.65537819016086,"131 South Main St., Eaton Rapids, MI 48827","US, United States, Michigan, Eaton Rapids, 48827, South Main Street, 131, 42.51222205, -84.65537819016086",1,Private,,,"DeLong & Co. Real Estate is a real estate agent/manager based in Eaton Rapids, Michigan, United States.",,,Services,Professional Services,Real Estate - Agents & Managers,531210,Offices of Real Estate Agents and Brokers,,,Real Estate - Agents & Managers,Real Estate - Agents & Managers,Real Estate,+15178993121,+15176632710 | +15178624402 | +15177264251 | +15172049378 | +15172563883 | +15178993121 | +15178037888,rebekahw192@gmail.com,,,https://www.delongandco.com/,delongandco.com,com,en,https://www.facebook.com/DeLongAndCoRealEstate/,https://twitter.com/lauraanndelong,,,,,,,,Real Estate Services,IF-RS,Real Estate,IF.3,Infrastructure,IF,6531,Real Estate Agents and Managers (agents and brokers),6820,Real estate activities on a fee or contract basis,68.31 | 68.32,Real estate agencies | Management of real estate on a fee or contract basis,2022-05-20 01:23:51,2024-12-20 14:32:56,106,"DeLong & Co. Real Estate, legally known as DeLong & Co., is a real estate company based in Eaton Rapids, Michigan. The company specializes in the sale and representation of homes for both buyers and sellers. Laura DeLong, the broker and owner, is known for her expertise in negotiating and her commitment to providing compassionate service. Real Estate offers a range of services including property listings, staging homes, writing offers, scheduling closings, and marketing homes. The company serves various communities in Michigan, including Eaton Rapids, Charlotte, Holt, Leslie, Jackson, Mason, Grand Lede, Lansing, East Lansing, Springport, Olivet, Bellevue, and Albion.",Writing Offers | Land and Lots | Real Estate Brokerage Services | Closing Date Scheduling | Commercial Property Sales | Home Staging Advice Services | Luxury Homes | Multi-family Properties | Condos & Townhomes | New Construction Properties | Free Market Analysis | Home Buying and Selling Services | Home Marketing Services,Active,delongandco.com,delongandco.com,2509567,modelled,8,modelled,106,17179879099
17179882049,Waldorf-Spielgruppe Tautropfen,,Waldorf-Spielgruppe Tautropfen,DE,Germany,Baden-Württemberg,,Freiburg Im Breisgau,,,,,,", Freiburg, Baden-Württemberg, Germany","DE, Germany, Baden-Württemberg, Freiburg im Breisgau, , , , ,",,,,,,,Individual & Family Services,,,,,,,,,,,,,,,,https://www.waldorf-spielgruppe-tautropfen.de/,waldorf-spielgruppe-tautropfen.de,de,,,,,http://www.linkedin.com/company/waldorf-spielgruppe-tautropfen,,,,,,,,,,,,,,,,,,2024-03-24 20:18:10.447,2024-03-24 20:18:10.447,,,,Active,waldorf-spielgruppe-tautropfen.de,waldorf-spielgruppe-tautropfen.de,,,,,,17179880418
17179882231,Aline Kramer,,Aline Kramer,DE,Germany,Berlin,Pankow,Berlin,13187,Wolfshagener Straße,73,52.57263460000001,13.409902800000001,"Wolfshagener Str. 73, 13187 Berlin, Germany","DE, Germany, Berlin, Berlin, 13187, Wolfshagener Straße, 73, 52.57263460000001, 13.409902800000001",1,Private,,,"Aline Kramer is a business coaching company based in Berlin, Germany.",,,Services,Professional Services,,,,,,Business Coaching,Business Consulting,Other Professional Services,+491624269539,+491624269539,,,,https://www.alinekramer.de/,alinekramer.de,de,,,,,,,,,,,,,,,,,,,,,,,2023-06-28 18:53:14.597,2025-01-06 19:08:47.191,,"Aline Kramer is a coaching center, adult education school, and consultant based in Berlin, Germany. The company operates both online and offline, offering a variety of services and programs.",Onsite Services | Consulting Services | Unisex Toilets | Educational | Online Courses | Coaching Center,Active,,,,,,,,17179869523
17179882234,Easy Sprachreisen,,Easy Sprachreisen,DE,Germany,Baden-Württemberg,,Michelfeld,74545,Riedstraße,8,49.0990871,9.678848904996672,"8 Riedstrasse, Michelfeld, Baden-Wuerttemberg, 74545, Germany","DE, Germany, Baden-Württemberg, Michelfeld, 74545, Riedstraße, 8, 49.0990871, 9.678848904996672",,,,,,"Nach England im Winter Kein Problem, in unserer easy Sprachschule in Brighton bieten wir ab 2016 unsere Schülersprachkurse auch im Winter an. Weitere Informationen zu der Sprachschule und dem Programm finden Sie hier",Marketing And Advertising | Advertising Services,,,,,,,,,,,+491732335969,+491732335969,,,,https://www.easy-sprachreisen.de/,easy-sprachreisen.de,de,,https://www.facebook.com/easysprachreisen/,https://www.twitter.com/easysprachreise/,https://www.instagram.com/easysprachreisen/,http://www.linkedin.com/company/easy-sprachreisen,,,,,,,,,,,,,,,,,,2024-07-25 10:18:33.155,2024-08-08 02:39:41.277,,"The company is an English language school located in Brighton, offering language courses for students during the winter season. They have been providing these courses since 2016.",Winter English Language Education | Language Education Programs | Educational,Active,,,364000,extracted,,,,17179869863
17179882406,Gourmaison India,Gourmaison Foods Pvt. Ltd.,Gourmaison India | Gourmaison Foods | Gourmaison,IN,India,,,,,,,,,,"IN, India, , , , , , 22.3511148, 78.6677428",1,Private,,,Gourmaison India is a dairy farm/store based in India.,"Our signature blends and flavours are created using only the best cheese from around the world. Using only the most carefully sourced natural ingredients, we have developed our own unique blends and flavours of cheeses and spreads. All our products, including freshly baked wheat-free crackers, are made by hand. And Sherry's journey into founding Gourmaison is no different. Inspired by her mother's cooking in the family kitchen, the fundamental tenets that good, healthy food, must have pure ingredients, were firmly ingrained in her. This website is operated by Gourmaison Foods Pvt. Throughout the site, the terms \"we\", \"us\" and \"our\" \"Gourmaison\" refer to Gourmaison Foods Pvt.",Cheese Platters | Grazing Box | Cheese Spreads | Gourmet Selection | Freshly Baked | Natural Ingredients | Sweet Spreads | Ready To Eat | Culinary Creations | Pure Ingredients | Healthy Food | Cheese Boards | Fresh Fruit | Hard Cheese | Raspberries | Signature Blends | Grazing Tables | Platter Boxes | Diwali Gift | Rakhi Special | Gift Boxed,Manufacturing,Nondurable Products,Dairy Products,311513,Cheese Manufacturing,,,Dairy Products - Farms & Stores,"Meat, Poultry & Dairy",Food & Beverages,+919930173782,+919930173782,gourmaison.in@gmail.com,,,https://www.gourmaison.in/,gourmaison.in,in,en,https://www.facebook.com/Gourmaison/,,https://www.instagram.com/gourmaison/,,,,,,,"Meat, Poultry & Dairy",FB-MP,Food,FB.1,Food & Beverage,FB,2022,"Natural, Processed, and Imitation Cheese",1050 | 1079,Manufacture of dairy products | Manufacture of other food products n.e.c.,10.86 | 10.89 | 10.84 | 10.83 | 10.51 | 10.52,Manufacture of homogenised food preparations and dietetic food | Manufacture of other food products n.e.c. | Manufacture of condiments and seasonings | Processing of tea and coffee | Operation of dairies and cheese making | Manufacture of ice cream,2021-10-05 23:16:51,2024-11-13 02:03:48,27,"Gourmaison India, legally known as Gourmaison Foods Pvt. Ltd., based in Mumbai, Maharashtra, specializes in creating gourmet cheese selections and baked goods. The company offers a variety of products, including cheeses, spreads, and wheat-free crackers, all made from carefully sourced natural ingredients. Gourmaison Foods focuses on producing vegetarian-friendly items and provides ready-to-serve cheese platters for events and parties. The company's offerings are known for their unique blends and flavors, crafted using high-quality cheese from around the world.",Cheese Grazing Box | Baked Crackers | Gift Boxed | Vegetarian Products | Gourmet Food Production | Sweet Spreads,Active,gourmaison.in,gourmaison.in,492550,modelled,15,modelled,27,17179882406
17179882554,FLOARTDECO,,FLOARTDECO,FR,France,Occitania,,Lisle-sur-Tarn,,,,,,", Lisle-sur-Tarn, Midi-Pyrénées, France","FR, France, Occitania, Lisle-sur-Tarn, , , , ,",,,,,,,Retail,,,,,,,,,,,,,,,,https://www.floartdeco.com/,floartdeco.com,com,,,,,http://www.linkedin.com/company/floartdeco,,,,,,,,,,,,,,,,,,2024-02-19 07:14:13.623,2024-02-19 07:14:13.623,,,,Active,,,,,,,,17179871812
17179882674,Padeldome,Padeldome GmbH & Co KG.,Padeldome | Padeldome Wien | Padeldome Erdberg,AT,Austria,Vienna,Landstraße,Vienna,1030,Franzosengraben,2,48.19073,16.4145198,Padeldome GmbH & Co KG Franzosengraben 2 1030 Wien,"AT, Austria, Vienna, Vienna, 1030, Franzosengraben, 2, 48.19073, 16.4145198",1,Private,,,"Padeldome is a gyms, fitness & health center based in Vienna, Austria.","Padel ist die am schnellsten wachsende Sportart weltweit. Und wir sind mit unseren 4 Padeldome-Anlagen in Wien und insgesamt 42 Padel-Courts hierzulande die klare Nummer 1. See you on the court! Herzlichen Glückwunsch an alle Gewinner:innen der APU-Turniere der letzten Woche. . Bei allen Terminen, die mit \" Lolly\" markiert sind, bekommt ihr frische Frühstückssnacks & einen Kaffee aufs Haus ️. Mehr als 500 Spieler & Spielerinnen kämpfen um die heißbegehrten Titel im größten Padel-Bewerb des Landes! Spieltermine. November ab 9:00 Uhr Die Finalspiele ALLER Bewerbe fidnen am Sonntag, 3. Unter allen geteilten Beiträgen verlosen wir für den Finaltag im Padeldome Erdberg: 3x Speise & Getränk 7x Freigetränk Also Beitrag teilen, zuschauen und Verköstigung abstauben! Read more Read less. Padel macht enorm viel Spaß und eignet sich für Menschen jeden Alters und jeder körperlichen Verfassung.",Athletic Accomplishments | Football Highlights | Next Tournament | Indoor/ Outdoor | Club Management | Players First,Services,Consumer Services,Recreational Sports Centers,713940,Fitness and Recreational Sports Centers,,,"Gyms, Fitness & Health Centers",Recreational Sports Centers,"Arts, Entertainment & Recreation",+436645076065,+436764119660 | +4368120840788 | +436763962535 | +436601176781 | +436645076065 | +34626496871 | +436763480931 | +436764145294,office@padeldome.at,office@padeldome.at,erdberg@padeldome.at | alterlaa@padeldome.at | suessenbrunn@padeldome.at,https://www.padeldome.at/,padeldome.at,at,de,https://www.facebook.com/Padeldome/,,https://www.instagram.com/padeldome/,,,,https://www.youtube.com/channel/UCOGxDcGyh8sHMS_8oNT3KRA,,,Leisure Facilities,SV-LF,Hospitality & Recreation,SV.2,Services,SV,7997 | 7991 | 7999,"Membership Sports and Recreation Clubs (recreation clubs with facilities) | Physical Fitness Facilities | Amusement and Recreation Services, NEC (nonmembership fitness and recreational sports centers)",9311,Operation of sports facilities,93.11 | 93.13,Operation of sports facilities | Fitness facilities,2022-01-02 17:38:05,2024-11-29 07:44:03,21,"Padeldome is a company based in Vienna, Austria, specializing in the development and operation of indoor and outdoor paddle tennis facilities. The company operates five locations across Vienna, including Erdberg, Süßenbrunn, Alterlaa, and Alte Donau. Padeldome offers a variety of services, including membership plans, day tickets, squash and table tennis sessions, and various tournaments. It is recognized as a leading provider in the paddle tennis industry, with a significant presence in Austria and a strong community of enthusiasts.",Paddle Dome Facilities | Squash Tickets | Tournament Organization | Sports Facilities | Table Tennis Equipment Retailer | Sportsmanship Promotion | Paddles for Sale | Paddle Tennis Tournaments Organization | Event Organization | Padel Equipment Supplier,Active,padeldome.at,padeldome.at,,,,,21,17179874446
17179882979,JUWELIER FIDAN,,JUWELIER FIDAN,DE,Germany,Berlin,Pankow,Berlin,10439,Schönhauser Allee,80,52.5500038,13.4142372,Schönhauser Allee 80 – 10439 Berlin,"DE, Germany, Berlin, Berlin, 10439, Schönhauser Allee, 80, 52.5500038, 13.4142372",1,Private,,,"JUWELIER FIDAN is a watches & jewelry store based in Berlin, Germany.","Dies ist in allen gängigen Internetbrowsern möglich. Facebook ist ein soziales Netzwerk. Im Google-Werbenetzwerk werden die Anzeigen mittels eines automatischen Algorithmus und unter Beachtung der zuvor festgelegten Schlüsselwörter auf themenrelevanten Internetseiten verteilt. Agendize ist ein Dienst zur Terminvereinbarung. Betreibergesellschaft von Agendize sind die Agendize SAS, 12 rue Bégand, 10000 Troyes, Frankreich. Betreibergesellschaft des Meinungsmeister-Widgets ist die GoLocal GmbH & Co. KG, Landsberger Str. 94, 80339 München, Deutschland Golocal setzt ein Session-Cookie auf dem informationstechnologischen System des Besuchers. Diese Seite wurde mit Jimdo erstellt. Jetzt unter de.jimdo.com für eine kostenlose Webseite anmelden und sofort loslegen. Wir gelten seit vielen Jahren als der Trauringspezialist in Berlin & verhelfen Paaren fast täglich dabei Ihre Trau(m)ringe zu finden. Altgoldankauf mit sofort Barauszahlung . Uhrmacher in 3.Generation .",Internet Service Providers | Online Shopping | Automated Decisioning | Automated System | Personal Law | Historical Research,Retail,Nondurable Products,Watches & Jewelry Stores,458310,Jewelry Retailers,,,Watches & Jewelry Stores,"Watches, Jewelry & Accessories","Apparel, Accessories & Footwear",+493047982105,+493047982105 | +4915125911257 | +493047982102,j.hartmann@juwelier-fidan.de,,,https://www.juwelierfidan-schoenhauserallee.de/,juwelierfidan-schoenhauserallee.de,de,de,,,https://www.instagram.com/juwelierfidanberlin/,,,,,,,"Apparel, Accessories & Footwear",CG-AA,Apparel & Textiles,CG.1,Consumer Goods,CG,5961 | 5431 | 5421 | 5411 | 7631 | 5094 | 5142 | 5944 | 5963 | 5961 | 5961,"Catalog and Mail-Order Houses (electronic shopping web sites) | Fruit and Vegetable Markets (temporary fruit and vegetable stands) | Meat and Fish (Seafood) Markets, Including Freezer Provisioners (freezer provisioners) | Grocery Stores (frozen food and freezer plan providers) | Watch, Clock, and Jewelry Repair (new retail sales combined with repair-repair services as major source of receipts) | Jewelry, Watches, Precious Stones, and Precious Metals (jewelry and related goods sold via retail method) | Packaged Frozen Foods (frozen food sold via retail method) | Jewelry Stores | Direct Selling Establishments (except mobile food services and food wagons) | Catalog and Mail-Order Houses (mail-order houses) | Catalog and Mail-Order Houses (electronic auctions)",4773 | 4789 | 4791 | 4799 | 9529,"Other retail sale of new goods in specialized stores | Retail sale via stalls and markets of other goods | Retail sale via mail order houses or via Internet | Other retail sale not in stores, stalls or markets | Repair of other personal and household goods",47.89 | 47.91 | 47.76 | 47.77 | 47.78 | 47.99 | 95.29 | 95.25,"Retail sale via stalls and markets of other goods | Retail sale via mail order houses or via Internet | Retail sale of flowers, plants, seeds, fertilisers, pet animals and pet food in specialised stores | Retail sale of watches and jewellery in specialised stores | Other retail sale of new goods in specialised stores | Other retail sale not in stores, stalls or markets | Repair of other personal and household goods | Repair of watches, clocks and jewellery",2019-11-23 23:36:52,2024-12-03 09:48:04,14,"Juwelier Fidan is a family-owned jewelry business based in Berlin, Germany. Established in 1994, the company specializes in engagement rings, wedding rings, and other jewelry. Juwelier Fidan is known for its professional advice and extensive experience in the field, making it a prominent specialist in Berlin. The company offers a range of services including jewelry repairs, gold buying, and watchmaking. Juwelier Fidan operates in the Schönhauser Allee Arcades and has been recognized for its commitment to customer satisfaction and expertise in the jewelry industry.",German Jewelry Retailer | Tips and Suggestions on Engagement Rings | Expert Consultation,Active,juwelierfidan-schoenhauserallee.de,juwelierfidan-schoenhauserallee.de,2129717,modelled,15,modelled,14,17179875774
17179882981,Tygcenter,,Tygcenter,,,,,,,,,,,,,,,,,,,,,,,,,,,,,,,,,,,,,,,https://www.facebook.com/tygcenter/,,,,,,,,,,,,,,,,,,,,,2024-03-28 11:39:52.231,2024-03-28 11:39:52.231,,,,Active,,,,,,,,17179882981
17179883060,Elite Construction Group PTY LTD.,Elite Construction Group PTY LTD.,,ZA,South Africa,Gauteng,,Johannesburg,2190,,,,,"114 George St, Johannesburg South, Gauteng, 2190, South Africa","ZA, South Africa, Gauteng, Johannesburg, 2190, , , -26.28033082142857, 28.05514440714286",1,Private,2020,2020,"Elite Construction Group PTY LTD. is a construction services company based in Johannesburg, South Africa.","Elite Group Construction Services
We have experience with a large variety of residential, commercial and Industrial projects. Various Town Houses, Shop Layouts and Interior designs and Shopping Centers. We take great pride in our work and provide our clients with tremendous value with exceptional high-quality work at a reasonable price coupled with outstanding customer service. We are dedicated to providing you with a level of service that is unmatched. Our attention to detail and reliability ensures that we exceed our clients' expectations on every project.",Residential And Commercial | Industrial Project | Construction Services | Construction | Interior Design | Shopping Centers | Arts and Crafts | Plumbing Work | Major Renovations | . Art | Town House | Painting | Building And Construction,Services,Professional Services,Nonresidential Building Construction,236220,Commercial and Institutional Building Construction,,,Construction Services,General Contractors & Heavy Construction,Construction,+12036489995,+12036489995,,,,https://www.eliteegroup.com/,eliteegroup.com,com,,https://www.facebook.com/eliteconstructiongroupct,,https://www.instagram.com/elite_e_group/,http://www.linkedin.com/company/elite-construction-group-pty-ltd,,,,,,,,,,,,8741 | 1522 | 1531 | 1541 | 1542 | 1799,"Management Services (commercial and institutional building construction management) | General Contractors - Residential Buildings Other Than Single-Family (dormitory, barrack, hotel, and motel construction contractors) | Operative Builders (grain elevator, dry cleaning plant, and manufacturing and industrial warehouse operative builders) | General Contractors - Industrial Buildings and Warehouses (general contractors of grain elevators; dry cleaning plants; and manufacturing, industrial, and public warehouses) | General Contractors - Nonresidential Buildings, Other than Industrial Buildings and Warehouses | Special Trade Contractors, NEC (indoor swimming pool construction contractors)",4100 | 4290,Construction of buildings | Construction of other civil engineering projects,41.1 | 41.2 | 42.99 | 42.91,Development of building projects | Construction of residential and non-residential buildings | Construction of other civil engineering projects n.e.c. | Construction of water projects,2024-03-26 16:39:45.956,2024-03-26 16:39:45.956,,"Elite Group Construction Services is a company with extensive experience in various residential, commercial, and industrial projects, including townhouses, shop layouts, interior designs, and shopping centers. They are committed to delivering high-quality work at a reasonable price and providing exceptional customer service. With a focus on attention to detail and reliability, they strive to exceed client expectations on every project.",Construction Services | Shop Layouts | Custom Interior Design and Construction | Town Houses Construction | Shopping Centers Development | Industrial Construction,Active,,,,,,,,17179872898
17179883088,DGMSM,,DGMSM,DE,Germany,Rhineland-Palatinate,,Boppard,,,,,,"Boppard, Rhineland-Palatinate, Germany","DE, Germany, Rhineland-Palatinate, Boppard, , , , 50.2312823, 7.5885884",,,1953,1953,,,Research | Research Services,,,,,,,,,,,,,,,,https://www.dgmsm-ev.de/,dgmsm-ev.de,de,,http://www.facebook.com/DGMSM,,http://www.instagram.com/dgmsm_boppard,http://www.linkedin.com/company/dgmsm,,,,,,,,,,,,,,,,,,2024-03-11 07:58:36.628,2024-03-11 07:58:36.628,,,,Active,dgmsm-ev.de,dgmsm-ev.de,,,1,extracted,,17179879105
17179883093,Thomas Scott (India) Ltd - Clothing Store in Marathahalli,,Thomas Scott (India) Ltd - Clothing Store in Marathahalli,IN,India,Karnataka,,Bengaluru,560037,,,,,"Store no. 6, MSR Complex 93/10.Ring Road Junction, Service Rd, near KLM Mall, Marathahalli, Bengaluru, Karnataka 560037, India","IN, India, Karnataka, Bengaluru, 560037, , , 12.956598999999999, 77.7007167",1,Private,,,"Thomas Scott (India) Ltd - Clothing Store in Marathahalli is a clothing store based in Bengaluru, India.",,,Retail,Nondurable Products,Clothing,458110,Clothing and Clothing Accessories Retailers,,,Clothing Stores,Clothing,"Apparel, Accessories & Footwear",,,,,,https://thomasscott.in/?opi=79508299&sa=U&ved=0ahUKEwi59L_g9u2GAxWvLdAFHVjuCqMQ61gIECgN&usg=AOvVaw0lVxRiKtdM-3U0VHmEP6CA,thomasscott.in,in,,,,,,,,,,,,,,,,,5137 | 5641 | 5137 | 5651 | 5632 | 5611 | 5699 | 5411 | 5621 | 5137 | 5961 | 5961 | 5136 | 5961 | 5431 | 5699 | 5963 | 5142 | 5632 | 5421 | 5136 | 5611 | 5621,"Women's, Children's, and Infants' Clothing and Accessories (selling a general line of womens clothing via retail method) | Children's and Infants’ Wear Stores | Women's, Children's and Infants' Clothing and Accessories (selling a general line of children's and infants' clothing via retail method) | Family Clothing Stores | Women's Accessory and Specialty Stores (accessories) | Men’s and Boys’ Clothing and Accessory Stores (accessories) | Miscellaneous Apparel and Accessory Stores (accessories) | Grocery Stores (frozen food and freezer plan providers) | Women's Clothing Stores (dress shops and bridal shops) | Women’s, Children’s, and Infants’ Clothing and Accessories (uniforms and work clothing sold via retail method) | Catalog and Mail-Order Houses (mail-order houses) | Catalog and Mail-Order Houses (electronic auctions) | Men's and Boys' Clothing and Furnishings (uniforms and work clothing sold via retail method) | Catalog and Mail-Order Houses (electronic shopping web sites) | Fruit and Vegetable Markets (temporary fruit and vegetable stands) | Miscellaneous Apparel and Accessory Stores (miscellaneous apparel except accessories and custom tailors) | Direct Selling Establishments (except mobile food services and food wagons) | Packaged Frozen Foods (frozen food sold via retail method) | Women’s Accessory and Specialty Stores (specialty stores) | Meat and Fish (Seafood) Markets, Including Freezer Provisioners (freezer provisioners) | Men's and Boys' Clothing and Furnishings (men's and boys' apparel, except uniforms and work clothing, sold via retail method) | Men's and Boys' Clothing and Accessory Stores (clothing stores) | Women's Clothing Stores (except dress shops and bridal shops)",4771 | 4773 | 4782 | 4791 | 4799,"Retail sale of clothing, footwear and leather articles in specialized stores | Other retail sale of new goods in specialized stores | Retail sale via stalls and markets of textiles, clothing and footwear | Retail sale via mail order houses or via Internet | Other retail sale not in stores, stalls or markets",47.76 | 47.77 | 47.78 | 47.99 | 47.91 | 47.82 | 47.71 | 47.72,"Retail sale of flowers, plants, seeds, fertilisers, pet animals and pet food in specialised stores | Retail sale of watches and jewellery in specialised stores | Other retail sale of new goods in specialised stores | Other retail sale not in stores, stalls or markets | Retail sale via mail order houses or via Internet | Retail sale via stalls and markets of textiles, clothing and footwear | Retail sale of clothing in specialised stores | Retail sale of footwear and leather goods in specialised stores",2024-06-22 03:26:05.126,2024-06-22 03:26:05.126,,,,Active,,,,,,,,17179870743
17179883161,M Property Repairs,,M Property Repairs,GB,United Kingdom,England,,Rotherham,,,,,,"Rotherham,United Kingdom","GB, United Kingdom, England, Rotherham, , , , 53.4310417, -1.355187",,,,,,,,,,,,,,,,,,,,,,,https://www.tmpropertyrepairs.co.uk/,tmpropertyrepairs.co.uk,co.uk,,,,,http://www.linkedin.com/company/m-property-repairs,,,,,,,,,,,,,,,,,,2024-03-26 19:35:11.145,2024-03-26 19:35:11.145,,,,Active,tmpropertyrepairs.co.uk,tmpropertyrepairs.co.uk,,,,,,17179870022
17179883167,Weddings by Viviana,,Weddings by Viviana,CH,Switzerland,Zurich,,Zurich,8001,Rennweg,50,47.3737322,8.5391398,"50 Rennweg, Zurich, Zurich, 8001, Switzerland","CH, Switzerland, Zurich, Zurich, 8001, Rennweg, 50, 47.3737322, 8.5391398",1,Private,,,"Weddings by Viviana is an event planner services company based in Zurich, Switzerland.","Als Hochzeitsplaner habe ich es mir zur Aufgabe gemacht, euch bei der Umsetzung eurer ganz persönlichen und individuellen Hochzeit zur Seite zu stehen, eure Wünsche zu Erfüllen und euch bei allen anfallenden Herausforderungen während der Hochzeitsplanung zu unterstützen.",Events & Service,Services,Consumer Services,,,,,,Event Planner Services,Entertainment,"Arts, Entertainment & Recreation",+41793261078,+41793261078,,,,,,,,https://www.facebook.com/weddingsbyviviana/,,https://www.instagram.com/dailylife.by.viviana/,http://www.linkedin.com/company/weddings-by-viviana,,,,,,,,,,,,,,,,,,2024-07-24 18:00:39.313,2024-11-08 04:49:38.195,,"The company is a wedding planning service that aims to assist clients in creating personalized and customized weddings. They strive to fulfill their clients' wishes and provide support during the planning process, addressing any challenges that may arise.",Event Planning Services,Active,,,,,1,extracted,,17179875620
17179883226,Inter section auto,,Inter section auto,CA,Canada,Quebec,,Shawinigan,,,,,,", Shawinigan, Quebec, Canada","CA, Canada, Quebec, Shawinigan, , , , 46.5396581, -72.7518637",,,,,,,,,,,,,,,,,,+18195343707,+18195343707,,,,https://www.intersectionauto.com/,intersectionauto.com,com,,,,,http://www.linkedin.com/company/inter-section-auto,,,,,,,,,,,,,,,,,,2024-07-24 14:35:23.263,2024-08-08 05:48:41.433,,,,Active,,,,,,,,17179878209
17179883333,Merion Hotel,,Merion Hotel,BR,Brazil,Paraná,,Pato Branco,,,,,,"Pato Branco, Paraná, Brazil","BR, Brazil, Paraná, Pato Branco, , , , ,",1,Private,,,"Merion Hotel is a hotel based in Pato Branco, Brazil.",,Hospitality | Leisure & Tourism,Services,Consumer Services,Hotels,721110,Hotels (except Casino Hotels) and Motels,,,Hotels,Accommodation,Accommodation & Food Services,,,,,,https://www.hotelmerion.com.br/,hotelmerion.com.br,com.br,,,,,http://www.linkedin.com/company/merion-hotel,,,,,,,,,,,,7011 | 7041,"Hotels and Motels (hotels, except casino hotels, and motels) | Organization Hotels and Lodging Houses, on Membership Basis (hotels)",5510 | 5590,Short term accommodation activities | Other accommodation,55.2 | 55.1 | 55.9,Holiday and other short-stay accommodation | Hotels and similar accommodation | Other accommodation,2024-03-27 09:06:32.236,2024-03-27 09:06:32.236,,,,Active,,,,,,,,17179869914
17179883368,Air amanah,,Air amanah,ID,Indonesia,Central Java,,Sukoharjo,57511,Jalan Mawar,6,-7.6494925,110.8212418,"Desa krajan rt 01 rw 4 no.6, Sawah, Bulakrejo, Kec. Sukoharjo, Kabupaten Sukoharjo, Jawa Tengah 57522, Indonesia","ID, Indonesia, Central Java, Sukoharjo, 57511, Jalan Mawar, 6, -7.6494925, 110.8212418",1,Private,,,"Air amanah is a water supply & water treatment services company based in Sukoharjo, Indonesia.",,,Manufacturing,Capital Products,Water and Sewer Line,221310,Water Supply and Irrigation Systems,,,Water Supply & Water Treatment,Utillities,Resources & Energy,+6285216666606,+6285216666606,,,,https://www.airamanah.com/&opi=79508299&sa=U&ved=0ahUKEwjY6_7Y3qKGAxVm48kDHdbJBsIQ61gIFigS&usg=AOvVaw3U6IwRgmS7u2Enjzrv-qmT,airamanah.com,com,,,,,,,,,,,,,,,,,4941 | 4971,Water Supply | Irrigation Systems,3600 | 4930,"Water collection, treatment and supply | Transport via pipeline",49.5 | 36,"Transport via pipeline | Water collection, treatment and supply",2024-05-23 02:43:53.631,2024-05-23 02:43:53.631,,"Air Amanah is a bottled water supplier based in Sukoharjo, Central Java, Indonesia.",Bottled Water Supplier | Water Distribution,Active,,,,,,,,17179870092
17179883498,ALADDIN CONSTRUCTION,Aladdin Construction LLC. | Aladdin Construction Co.,ALADDIN CONSTRUCTION,US,United States,Mississippi,,Biloxi,39532,Shriners Boulevard,12305 b,30.509322,-88.966773,"12305 B Shriners Blvd Biloxi, MS","US, United States, Mississippi, Biloxi, 39532, Shriners Boulevard, 12305 b, 30.509322, -88.966773",1,Private,1978,,"ALADDIN CONSTRUCTION is a construction services company based in Biloxi, Mississippi, United States.","Aladdin Construction is a team of dedicated professionals who have been providing quality construction services to our clients for over four decades. Our expertise lies in delivering innovative solutions for commercial, and industrial construction projects. At Aladdin Construction, we believe that every project is unique and requires a personalized approach. That is why we work closely with our clients to understand their vision and provide customized solutions that meet their specific requirements. Our commitment to excellence is reflected in our attention to detail, quality workmanship, and timely completion of projects. Whether you need new construction, remodeling, or renovation, we have the experience and expertise to get the job done right the first time. We take pride in our work and are committed to exceeding our clients' expectations. Contact us today to discuss your project requirements and let us show you how we can help bring your vision to life. Our team consists of some of the most skilled and professional craftsmen in the Southeast Region.",Interior Renovation | Specialty Ceilings | Industrial Construction | Hospitality & Gaming | Exterior Finishing | Drywall And Framing | Acoustic Wall Panels | Construction Services | General Contractor | Residential And Commercial | Renovations & Remodels | Construction And Remodeling | Image & Style | Project Delivery Methods | Renovation Contractor | Historical Renovations | Benefits Package | Workforce Development & Education | Office & School | Project Sites | Design Assistance | Development / Programming | Cultural & Religious,Services,Professional Services,Nonresidential Building Construction,236220,Commercial and Institutional Building Construction,,,Construction Services,General Contractors & Heavy Construction,Construction,+12283922184,+12283922184 | +12283924497,kathy@aladcon.com,info@aladcon.com,kathy@aladcon.com,https://www.aladcon.com/,aladcon.com,com,en,https://www.facebook.com/aladdincoconstructionco/,,https://www.instagram.com/aladdinconstruction/,https://www.linkedin.com/company/aladdin-construction-llc,,,,,,Engineering & Construction Services,IF-EN,Infrastructure,IF.2,Infrastructure,IF,8741 | 1522 | 1531 | 1541 | 1542 | 1799,"Management Services (commercial and institutional building construction management) | General Contractors - Residential Buildings Other Than Single-Family (dormitory, barrack, hotel, and motel construction contractors) | Operative Builders (grain elevator, dry cleaning plant, and manufacturing and industrial warehouse operative builders) | General Contractors - Industrial Buildings and Warehouses (general contractors of grain elevators; dry cleaning plants; and manufacturing, industrial, and public warehouses) | General Contractors - Nonresidential Buildings, Other than Industrial Buildings and Warehouses | Special Trade Contractors, NEC (indoor swimming pool construction contractors)",4100 | 4290,Construction of buildings | Construction of other civil engineering projects,41.1 | 41.2 | 42.99 | 42.91,Development of building projects | Construction of residential and non-residential buildings | Construction of other civil engineering projects n.e.c. | Construction of water projects,2019-11-23 23:16:51,2024-07-14 21:05:35,23,"Aladdin Construction, legally known as Aladdin Construction LLC., based in Biloxi, Mississippi, is a construction company specializing in a wide range of services including acoustical and specialty ceilings, drywall, framing, insulation, exterior finishes, engineered load-bearing systems, and interior renovations. The company serves various sectors such as hospitality, gaming, education, retail, entertainment, cultural, religious, and commercial/office environments. With over 40 years of experience, Aladdin Construction is known for its skilled workforce, commitment to safety, quality, and customer satisfaction. The company operates in Mississippi, Louisiana, Florida, Alabama, and Arkansas, and is recognized for its innovative and sustainable business practices.","Load Bearing Systems | Interior Renovation | Construction Services | Acoustical Ceilings Services | Framing, Insulation, and Drywall | Culture and Religion | Entertainment Retail | Exterior Finishing | Commercial Offices | Hospitality & Gaming",Active,aladcon.site | aladcon.com,aladcon.site | aladcon.com,41990876,modelled,75,modelled,23,17179883498
17179883603,Printers Derby,,Printers Derby,GB,United Kingdom,,,,,,,,,,"GB, United Kingdom, , , , , , 54.7023545, -3.2765753",1,Private,,,Printers Derby is a commercial printing company based in United Kingdom.,"We provide a full range of print services including national distribution. Large format print, busin",Large Format Print | Print Servers,Manufacturing,Nondurable Products,Commercial Printing,323111,Commercial Printing (except Screen and Books),,,Commercial Printing,Books Printing & Stores,Other Nondurable Products,,,printersderby@outlook.com,,,https://www.printersderby.co.uk/,printersderby.co.uk,co.uk,,https://www.facebook.com/Printers-Derby-100064330170404/,,,,,,,,,,,,,,,2754 | 2759 | 2771 | 2752 | 2771 | 2752 | 2759 | 7334 | 2759 | 2761 | 2782 | 2782 | 2759 | 2771 | 2771,"Commercial Printing, Gravure | Commercial Printing, NEC (flexographic printing) | Greeting Cards (flexographic printing of greeting cards) | Commercial Printing, Lithographic (except quick printing) | Greeting Cards (lithographic printing of greeting cards) | Commercial Printing, Lithographic (quick printing) | Commercial Printing, NEC (quick printing) | Photocopying and Duplicating Services (quick printing) | Commercial Printing, NEC (digital printing, except quick printing) | Manifold Business Forms | Blankbooks, Looseleaf Binders and Devices (checkbooks) | Blankbooks, Looseleaf Binders and Devices (except checkbooks) | Commercial Printing, NEC (other commercial printing except flexographic, screen, digital, and quick printing) | Greeting Cards (other printing of greeting cards) | Greeting Cards (gravure printing of greeting cards)",1709 | 1811 | 2599 | 8219,"Manufacture of other articles of paper and paperboard | Printing | Manufacture of other fabricated metal products n.e.c. | Photocopying, document preparation and other specialized office support activities",18.12 | 18.11 | 25.92 | 25.99 | 25.94 | 25.91 | 25.93 | 17.22 | 17.29 | 17.23 | 17.24 | 82.19,"Other printing | Printing of newspapers | Manufacture of light metal packaging | Manufacture of other fabricated metal products n.e.c. | Manufacture of fasteners and screw machine products | Manufacture of steel drums and similar containers | Manufacture of wire products, chain and springs | Manufacture of household and sanitary goods and of toilet requisites | Manufacture of other articles of paper and paperboard | Manufacture of paper stationery | Manufacture of wallpaper | Photocopying, document preparation and other specialised office support activities",2024-07-17 16:19:07.438,2024-08-10 07:04:36.012,,"The company offers a comprehensive range of print services, specializing in large format printing and national distribution.",Printing Services | National Distribution | Large Format Print,Active,,,,,,,,17179870089
17179883621,Urólogos Andalucía,,Urólogos Andalucía,ES,Spain,Andalusia,,Benalmádena,,,,,,", Benalmádena, Andalucía, Spain","ES, Spain, Andalusia, Benalmádena, , , , ,",,,,,,,Hospital Care | Health Care & Hospital,,,,,,,,,,,,,,,,https://www.urologosandalucia.com/,urologosandalucia.com,com,,,,,http://www.linkedin.com/company/ur%c3%b3logos-andaluc%c3%ada,,,,,,,,,,,,,,,,,,2024-03-27 11:42:17.654,2024-03-27 11:42:17.654,,,,Active,urologosandalucia.com,urologosandalucia.com,,,1,extracted,,17179875325
17179883679,PORKY PETES BAR B QUE AND FIXINS LLC.,PORKY PETES BAR B QUE AND FIXINS LLC.,,US,United States,Connecticut,,Essex,06426,Plains Road,90,41.342498779296875,-72.41146087646484,"United States, CT, ESSEX, 90 PLAINS RD, 06426-1501","US, United States, Connecticut, Essex, 06426, Plains Road, 90, 41.342498779296875, -72.41146087646484",,,,,,,,,,,,,,,,,,,,,,,https://www.porkypetesbbq.com/,porkypetesbbq.com,com,,,,,,,,,,,,,,,,,,,,,,,2022-12-13 18:46:06.334,2022-12-13 19:17:35.311,,,,Active,porkypetesbbq.com,porkypetesbbq.com,,,,,,17179870643
17179883760,Liberty Ford Vermilion,,Liberty Ford Vermilion | Liberty Ford,US,United States,Ohio,,Vermilion,44089,Liberty Avenue,4215,41.4220337,-82.3698074,"4215 East Liberty Avenue, Vermilion, OH 44089-0457","US, United States, Ohio, Vermilion, 44089, Liberty Avenue, 4215, 41.4220337, -82.3698074",1,Private,,,"Liberty Ford Vermilion is an automobile dealers & manufacturer based in Vermilion, Ohio, United States.","Come find your new and used Ford at Liberty Ford Vermilion. Visit Liberty Ford Vermilion for a variety of new and used cars by Ford, serving Vermilion, Ohio. We serve Amherst, Lorain and Huron and are ready to assist you.",Used Car Dealer | Credit Approval | F 150 Lightning | Transit Connect | Vehicle Specials | Fees & Dues | Electric Vehicle Incentives | Apply For Finance | Trade Value | Used Cars | Payment Calculators | Pre-owned Specials | Crossovers & SUVs | Pre-Owned Trucks | Financing Tools | Expedition Max | Pre-Owned SUVs | Fees & Financing | Ford Bronco | Cash Offers | Services / Fees | Published Reviews | Financing Process | Dealer Reviews | Trusted Lenders | Auto Financing | Used Vehicle | Auto Loans | Research Models | Express Store | Maintenance Plans | Site Retargeting | Others & Tools | Web Analytics,Retail,Durable Products,Automobile Dealers & Manufacturers,441110,New Car Dealers,,,Automobile Dealers & Manufacturers,Automobile Dealers & Manufacturers,Automotive,+14403893318,+14403893318 | +14409676191 | +12163169513,,,,https://www.libertyfordvermilion.com/,libertyfordvermilion.com,com,en,,https://twitter.com/home,,,,,,,,Automobiles,TR-AU,Automobiles,TR.2,Transportation,TR,5511,Motor Vehicle Dealers (New and Used),4510,Sale of motor vehicles,45.11 | 45.19,Sale of cars and light motor vehicles | Sale of other motor vehicles,2019-11-24 10:49:50,2024-11-10 00:48:57,81,"Liberty Ford Vermilion is a car dealership located in Vermilion, Ohio. The company offers a wide range of new and used Ford vehicles, including sedans, SUVs, trucks, and commercial vehicles. They serve the surrounding communities of Amherst, Lorain, and Huron. Liberty Ford Vermilion provides services such as vehicle sales, financing, and maintenance. The dealership is known for its extensive inventory, including popular models like the F-150, Escape, Explorer, Bronco Sport, and Ranger. They also offer FordProtect, a vehicle protection plan, and Ford Custom Ordering services.",Ford Mustang Mach-e | Express Store | Ohio Electric Vehicle Incentives | Custom Ordering Ford Vehicles | Automotive Dealership | Ford Escape | Ford Model Research | Ford Bronco | Credit Estimator | Ford Maverick | Financing Tools | New Car Specials | Ford Ranger | Ford Expedition Max | Pre-Owned Cars | Commercial Vehicles | Payment Calculators,Active,libertyfordofvermilion.com | libertyfordvermilion.com,libertyfordofvermilion.com | libertyfordvermilion.com,65041652,modelled,75,modelled,81,17179877029
17179883991,SCHUERMAN SMITH & ASSOCIATES PLLC,SCHUERMAN SMITH & ASSOCIATES PLLC,,US,United States,Tennessee,,Memphis,38119,South Yates Road,1027,35.103294372558594,-89.87770080566406,"United States, TN, MEMPHIS, 1027 S Yates, 38119-3707","US, United States, Tennessee, Memphis, 38119, South Yates Road, 1027, 35.103294372558594, -89.87770080566406",,,,,,,,,,,,,,,,,,,,,,,https://www.ssalawfirm.com/,ssalawfirm.com,com,,,,,,,,,,,,,,,,,,,,,,,2022-12-13 18:46:06.334,2022-12-13 19:17:35.311,,,,Active,ssalawfirm.com,ssalawfirm.com,,,,,,17179871149
17179884090,Perpetual West,,Perpetual West,US,United States,,,,,,,,,",United States","US, United States, , , , , , 39.783729553222656, -100.44588470458984",1,Private,,,Perpetual West is a business consulting company based in United States.,"Perpetual West is a consulting group based in Calgary, Alberta. We provide cloud-based solutions & services to SMB's. Our key products include: RingCentral, Google Workspace, Propertybase, Salesforce, Zoom & more",,Services,Professional Services,Business Consulting,541611,Administrative Management and General Management Consulting Services,,,Business Consulting,Business Consulting,Other Professional Services,+18773886400,+18773886400,greg@perpetualwest.com,,,https://www.perpetualwest.com/,perpetualwest.com,com,,https://www.facebook.com/perpetualwest/,,,,,,,,,,,,,,,8742,Management Consulting Services (administrative management and general management consulting),7020,Management consultancy activities,70.21 | 70.22,Public relations and communication activities | Business and other management consultancy activities,2022-08-11 09:13:32.218,2022-08-11 09:13:32.218,,"Perpetual West is a consulting group based in Calgary, Alberta that specializes in providing cloud-based solutions and services to small and medium-sized businesses. They offer a range of key products such as RingCentral, Google Workspace, Propertybase, Salesforce, Zoom, and more.",Google Workspace Solutions | Cloud Services for Smbs | Consulting Group | Salesforce Solution | Zoom Solutions | Ringcentral Solutions,Active,,,,,,,,17179884090
17179884305,Fyne Homes Ltd.,Fyne Homes Ltd.,,GB,United Kingdom,Scotland,,,,,,,,", Scotland, PA20, United Kingdom","GB, United Kingdom, Scotland, , , , , 56.7861112, -4.1140518",,,,,,,,,,,,,,,,,,,,,,,https://www.fynehomes.org.uk/,fynehomes.org.uk,org.uk,,https://www.facebook.com/FyneHomes/,https://twitter.com/FyneHomes,,http://www.linkedin.com/company/fyne-homes-ltd,,,,,,,,,,,,,,,,,,2024-03-27 16:05:41.395,2024-03-27 16:05:41.395,,,,Active,fynehomes.org.uk,fynehomes.org.uk,,,5,extracted,,17179878281
17179884368,Gibson and Thomson,,Gibson and Thomson,GB,United Kingdom,England,,Preston,,,,,,"preston, United Kingdom","GB, United Kingdom, England, Preston, , , , 53.7593363, -2.6992717",,,,,,,Retail,,,,,,,,,,,,,,,,https://www.gibsonandthomson.co.uk/,gibsonandthomson.co.uk,co.uk,,http://www.facebook.com/gibsonandthomson,http://twitter.com/GibsonThomson,,http://www.linkedin.com/company/gibson-and-thomson,,,,,,,,,,,,,,,,,,2024-03-04 07:57:41.67,2024-03-25 20:43:40.983,,,,Active,gibsonandthomson.co.uk,gibsonandthomson.co.uk,,,,,,17179871809
17179884429,Atlantic-Air Inc.,Atlantic-Air Inc.,,US,United States,Florida,,Cocoa,32922,Center Street,409,28.356865832214766,-80.72993179194631,"409 Center St, Cocoa, FL 32922","US, United States, Florida, Cocoa, 32922, Center Street, 409, 28.356865832214766, -80.72993179194631",,,,,,,,,,,,,,,,,,+13216320276,+13216320276,,,,http://atlanticac.com/,atlanticac.com,com,,,,,,,,,,,,,,,,,,,,,,,2022-06-06 16:14:20.085,2023-08-18 19:38:12.641,,,,Active,atlanticac.com,atlanticac.com,,,,,,17179871878
17179884472,Looking Glass Orchids,Looking Glass Orchids Inc.,Looking Glass Orchids,US,United States,North Carolina,Pisgah Forest,Brevard,28768,Orchid Heights Drive,121,35.26992390634181,-82.6754454983322,"121 Orchid Heights Drive Pisgah Forest NC, 28768","US, United States, North Carolina, Brevard, 28768, Orchid Heights Drive, 121, 35.26992390634181, -82.6754454983322",1,Private,1993,,"Looking Glass Orchids is a plant nursery/store based in Brevard, North Carolina, United States.","Russ has grown and hybridized orchids for 30 years both at Owens Orchids and privately. Looking Glass Orchids, Inc. specializes in Paphiopedilum and Phragmipedium (Lady Slipper Orchids), Miltonia (Pansy Orchids), and Cattleya hybrids and species.",,Manufacturing,Capital Products,Plant Nurseries & Stores,111422,Floriculture Production,,,Plant Nurseries & Stores,"Grains, Horticulture & Other Farms","Agriculture, Forestry, Fishing and Hunting",+18285534109,+18285534109 | +18288773313,lookingglassorchids828@gmail.com,,,https://www.lookingglassorchids.com/,lookingglassorchids.com,com,en,https://www.facebook.com/lookingglassorchids/,,,,,,,,,Agricultural Products,FB-AG,Food,FB.1,Food & Beverage,FB,0181,Ornamental Floriculture and Nursery Products (floriculture farming),0119,Growing of other non-perennial crops,01.19,Growing of other non-perennial crops,2021-09-01 20:20:25,2024-11-30 13:38:19,14,"Looking Glass Orchids, legally known as Looking Glass Orchids Inc., is a company based in Brevard, North Carolina, specializing in the cultivation and sale of orchids. Founded by Russ Bolt, who has over 30 years of experience in growing and hybridizing orchids, the company focuses on offering orchids that are not commonly found in big box stores. Their product range includes Paphiopedilum and Phragmipedium (Lady Slipper Orchids), Miltonia (Pansy Orchids), and Cattleya hybrids and species. Looking Glass Orchids has received numerous awards and trophies from the American Orchid Society for their plants.",Horticulture,Active,lookingglassorchids.com,lookingglassorchids.com,2494009,modelled,1,extracted,14,17179871084
17179884534,Gospel Faith Mission International Ireland,,Gospel Faith Mission International Ireland,IE,Ireland,Leinster,,Portlaoise,R32 DX07,Main Street,13,53.0342524,-7.2952822,"Good News Centre 10, Bridge Street First Floor Unit, Bridge St, Portlaoise, Co. Laois, Ireland","IE, Ireland, Leinster, Portlaoise, R32 DX07, Main Street, 13, 53.0342524, -7.2952822",1,Private,,,"Gospel Faith Mission International Ireland is a churches & religious organization based in Portlaoise, Ireland.",,,Non Profit,Non Profit,Churches & Religious Organizations,813110,Religious Organizations,,,Churches & Religious Organizations,Churches,Non Profit,+353872682169,+353872682169,,,,http://gfmovercomers.org/?opi=79508299&sa=U&ved=0ahUKEwiNqeH6rZaJAxXwFhAIHbbbKqEQ61gIFCgR&usg=AOvVaw2vrds3eoBZG1o4kPruUSqs,gfmovercomers.org,org,,,,,,,,,,,,,,,,,8661,Religious Organizations,9491,Activities of religious organizations,94.91,Activities of religious organisations,2021-11-05 17:56:15,2024-10-18 08:49:18.483,,"Gospel Faith Mission International Ireland is a religious organization based in Portlaoise, Leinster, Ireland.",Wheelchair Accessible Parking Lot | Religious Organization,Active,,,,,,,,17179880262
17179884629,Miyawaki Book Store,,Miyawaki Book Store,JP,Japan,Shimane Prefecture,Higashiasahimachi,Matsue,690-0001,,,,,"151 Higashiasahimachi, Matsue, Shimane 690-0001, Japan","JP, Japan, Shimane Prefecture, Matsue, 690-0001, , , 35.4642762, 133.06845579999998",1,Private,,,"Miyawaki Book Store is a book store based in Matsue, Japan.",,,Retail,Nondurable Products,Book Stores,459210,Book Retailers and News Dealers,,,Book Stores,Books Printing & Stores,Other Nondurable Products,+81852618365,+81852618365,,,,https://www.miyawakishoten.com/store/chugoku/shimane/entry-3323.html,miyawakishoten.com,com,,,,,,,,,,,,,,,,,5961 | 5192 | 5942 | 5994 | 5142 | 5431 | 5421 | 5963 | 5961 | 5411 | 5961,"Catalog and Mail-Order Houses (mail-order houses) | Books, Periodicals, and Newspapers (sold via retail method) | Book Stores | News Dealers and Newsstands | Packaged Frozen Foods (frozen food sold via retail method) | Fruit and Vegetable Markets (temporary fruit and vegetable stands) | Meat and Fish (Seafood) Markets, Including Freezer Provisioners (freezer provisioners) | Direct Selling Establishments (except mobile food services and food wagons) | Catalog and Mail-Order Houses (electronic auctions) | Grocery Stores (frozen food and freezer plan providers) | Catalog and Mail-Order Houses (electronic shopping web sites)",4761 | 4789 | 4791 | 4799,"Retail sale of books, newspapers and stationary in specialized stores | Retail sale via stalls and markets of other goods | Retail sale via mail order houses or via Internet | Other retail sale not in stores, stalls or markets",47.89 | 47.91 | 47.62 | 47.61 | 47.99,"Retail sale via stalls and markets of other goods | Retail sale via mail order houses or via Internet | Retail sale of newspapers and stationery in specialised stores | Retail sale of books in specialised stores | Other retail sale not in stores, stalls or markets",2024-05-29 11:40:03.138,2024-12-19 17:37:18.02,,"Miyawaki Book Store is a book store located in Matsue, Shimane Prefecture, Japan.",Credit Card Payment | Wheelchair Accessible Entrance | News Dealers | In-store Pickup | Book Retailer,Active,,,,,,,,17179870839
17179884693,Finance Right Now,,Finance Right Now,AU,Australia,Victoria,Boronia,City Of Knox,3155,Chandler Road,,,,"U1/21 Chandler Rd, Boronia VIC 3155, Australia","AU, Australia, Victoria, City of Knox, 3155, Chandler Road, , -37.85964, 145.2887136",1,Private,,,"Finance Right Now is a mortgage broker based in City of Knox, Australia.",,,Services,Professional Services,Real Estate Credit,,,,,Mortgage Brokers,Banks & Financial Services,Finance & Insurance,+61409908194,+61409908194,,,,,,,,https://www.facebook.com/FinanceRightNow/,,,,,,,,,,,,,,,,,,,,,2023-04-27 17:16:28.747,2024-07-02 14:05:22.346,,"Finance Right Now is a mortgage broker based in the City of Knox, Victoria, Australia. The company specializes in providing mortgage brokerage services.",Mortgage Brokerage Services | Financial Services,Active,,,,,,,,17179880069
17179884698,Hackensack Radiology - Hoboken,,Hackensack Radiology - Hoboken,US,United States,New Jersey,,Hoboken,07030,River Street,5,40.73752129999999,-74.0289323,"5 River St Suite 100, Hoboken, NJ 07030","US, United States, New Jersey, Hoboken, 07030, River Street, 5, 40.73752129999999, -74.0289323",1,Private,,,"Hackensack Radiology - Hoboken is a radiology clinic based in Hoboken, New Jersey, United States.","Hackensack Radiology is the premier diagnostic imaging practice in Northern New Jersey, providing world class diagnostic and interventional radiology services. At our Hoboken location, we have the most advanced Hologic 3D-Mammography, 3T MRI, ultrasound, CT, PET-CT, Dexa, and x-ray. Give us a call or book your appointment today",,Services,Consumer Services,Radiology Clinic,621512,Diagnostic Imaging Centers,,,Radiology Clinic,Hospitals & Clinics,Health Care & Social Assistance,+12014882660,+12014882660,,,,https://www.hrgimaging.com/,hrgimaging.com,com,,,,,,,,,,,,,,,,,8071,Medical Laboratories (diagnostic imaging centers),8690,Other human health activities,86.9,Other human health activities,2023-04-27 20:30:56.869,2024-04-09 20:45:10.706,,"Hackensack Radiology - Hoboken is a medical diagnostic imaging center located in Hoboken, New Jersey, United States. The facility specializes in radiology services.",Diagnostic Imaging Services,Active,,,,,,,,17179869619
17179884719,Revere Campbell Apartments,,Revere Campbell Apartments,US,United States,California,,Campbell,,,,,,", Campbell, California, United States","US, United States, California, Campbell, , , , 37.2870626, -121.944881",1,Private,,,"Revere Campbell Apartments is a real estate agent/manager based in Campbell, California, United States.","Check for available units at REVERE CAMPBELL in Campbell, CA. View floor plans, photos, and community amenities. Make REVERE CAMPBELL your new home.",Real Estate | Floor Plans & Photos,Services,Professional Services,Real Estate - Agents & Managers,531210,Offices of Real Estate Agents and Brokers,,,Real Estate - Agents & Managers,Real Estate - Agents & Managers,Real Estate,,,,,,https://www.revereatcampbell.com/,revereatcampbell.com,com,,,,,http://www.linkedin.com/company/revere-campbell-apartments,,,,,,,,,,,,6531,Real Estate Agents and Managers (agents and brokers),6820,Real estate activities on a fee or contract basis,68.31 | 68.32,Real estate agencies | Management of real estate on a fee or contract basis,2024-07-26 18:18:27.293,2024-07-26 18:18:27.293,,"Revere Campbell is a company located in Campbell, CA that offers available units for viewing. They provide a variety of floor plans, photos, and community amenities to help individuals find their new home.",Property Management | Residential Communities | Real Estate Development | Floor Plans & Photos,Active,,,,,,,,17179884719
17179884753,UnipolRental S.p.A. - Treviso,,UnipolRental S.p.A. - Treviso,IT,Italy,Veneto,,Mogliano Veneto,31021,Via Raffaello,19,45.5880812,12.305016199999999,"Via Raffaello Sanzio, 19, 31021 Mogliano Veneto TV, Italy","IT, Italy, Veneto, Mogliano Veneto, 31021, Via Raffaello, 19, 45.5880812, 12.305016199999999",1,Private,,,"UnipolRental S.p.A. - Treviso is a car rental services company based in Mogliano Veneto, Italy.",,,Services,Consumer Services,Car Rental,532120,"Truck, Utility Trailer, and RV (Recreational Vehicle) Rental and Leasing",,,Car Rental,Consumer Goods Rental,Other Consumer Services,,,,,,https://www.unipolrental.it/,unipolrental.it,it,,,,,,,,,,,,,,,,,7519 | 7513,Utility Trailers and Recreational Vehicle Rental | Truck Rental and Leasing Without Drivers,7710 | 7730,"Renting and leasing of motor vehicles | Renting and leasing of other machinery, equipment and tangible goods",77.12 | 77.11 | 77.35 | 77.31 | 77.32 | 77.39 | 77.33 | 77.34,"Rental and leasing of trucks | Rental and leasing of cars and light motor vehicles | Rental and leasing of air transport equipment | Rental and leasing of agricultural machinery and equipment | Rental and leasing of construction and civil engineering machinery and equipment | Rental and leasing of other machinery, equipment and tangible goods n.e.c. | Rental and leasing of office machinery and equipment (including computers) | Rental and leasing of water transport equipment",2023-05-01 10:43:34.953,2025-01-08 21:04:58.255,,"UnipolRental S.p.A. - Treviso is a car rental agency located in Mogliano Veneto, Italy.",Passenger Car Rental Services | Transportation Services,Active,,,,,,,,17179872644
17179884921,MSA Society For Community Living,,MSA Society For Community Living,CA,Canada,British Columbia,,Abbotsford,V2S 2A3,Mill Lake Road,33056,49.048162999999995,-122.30815720000001,"33056 Mill Lake Rd, Abbotsford, BC V2S 2A3, Canada","CA, Canada, British Columbia, Abbotsford, V2S 2A3, Mill Lake Road, 33056, 49.048162999999995, -122.30815720000001",1,Private,,,"MSA Society For Community Living is a NGO based in Abbotsford, British Columbia, Canada.",,,Non Profit,Non Profit,,,,,,Social Services & NGOs,NGOs,Non Profit,+16048649698,+16048649698,,,,https://www.msasociety.com/,msasociety.com,com,,,,,,,,,,,,,,,,,,,,,,,2021-06-06 19:35:03,2024-10-25 16:41:03.332,,"The MSA Society For Community Living is a social services organization based in Abbotsford, British Columbia, Canada. It operates within the social services sector, providing various professional services.",Professional with Disabilities Services | Social Services for The Elderly | Non-profit Organization,Active,,,,,,,,17179876370
17179884933,Shalom Spirituality Center,,Shalom Spirituality Center,US,United States,Iowa,,Dubuque,52001,Davis Street,1001,42.52986632052863,-90.66549222190048,"1001 Davis St, Dubuque, Iowa, 52001, United States","US, United States, Iowa, Dubuque, 52001, Davis Street, 1001, 42.52986632052863, -90.66549222190048",1,Private,1989,1989,"Shalom Spirituality Center is a hotel based in Dubuque, Iowa, United States.","Shalom provides various retreats and programs for persons of all ages, cultures, faith backgrounds, and religious affiliations wherever they currently are on their spiritual journey. Shalom's facilities are available for use by civic, religious, educational, and professional groups for gatherings and workshops — please call us to inquire about the availability of our conference and meeting rooms. Amenities include AV equipment (including a 55\" Smart TV), free Wi-Fi high-speed internet access, a smoke-free building, and modern heating & cooling systems. In addition to our group-focused programming and retreats, Shalom offers private retreats for individuals. Private retreatants may choose spiritual direction as part of their retreat, or they may prefer to spend their time in solitude, or visiting the Wellness Center, or taking drop-in Yoga classes.",Heating & Cooling Systems | Room Amenities | Wellness Centers | Yoga Classes | Private Retreats | Hospitality | Leisure & Tourism,Services,Consumer Services,Hotels,721110,Hotels (except Casino Hotels) and Motels,,,Hotels,Accommodation,Accommodation & Food Services,+15635823592,+15635823592,,,,https://www.shalomretreats.org/,shalomretreats.org,org,,,,,http://www.linkedin.com/company/shalom-spirituality-center,,,,,,,,,,,,7011 | 7041,"Hotels and Motels (hotels, except casino hotels, and motels) | Organization Hotels and Lodging Houses, on Membership Basis (hotels)",5510 | 5590,Short term accommodation activities | Other accommodation,55.2 | 55.1 | 55.9,Holiday and other short-stay accommodation | Hotels and similar accommodation | Other accommodation,2022-02-12 00:46:24,2024-03-23 11:59:33.38,,"Shalom is a company that offers retreats and programs for individuals of all ages, cultures, faith backgrounds, and religious affiliations. They provide facilities for gatherings and workshops, catering to civic, religious, educational, and professional groups. Their facilities include AV equipment, free Wi-Fi, high-speed internet access, a smoke-free building, and modern heating & cooling systems. In addition to group-focused programming and retreats, Shalom also offers private retreats for individuals, allowing them to choose spiritual direction or spend their time in solitude.",Wellness Programs | Modern Heating Systems | High-speed Wifi Access | Conference Rooms | Private Retreats | AV Equipment | Smoke-free Building | Drop-in Yoga Classes,Active,shalomretreats.org,shalomretreats.org,221255,modelled,2,extracted,,17179869577
17179884969,Safe Hands Diagnostics,,Safe Hands Diagnostics | Safehands,IN,India,Andhra Pradesh,,Ongole,523002,,,,,"Sundarayya Bhavan Road opposite of chanadamama children hospital \\n\\n, Ongole, India, Andhra Pradesh","IN, India, Andhra Pradesh, Ongole, 523002, , , 15.5058714, 80.0499454",,,,,,"Safe Hands Diagnostics provides all types of lab tests, various health checkup packages and free at",Health Checkup Packages,,,,,,,,,,,+919780445566,+919780445566,safehandsdiagnosticsogl@gmail.com,,,https://www.safehandsdiagnostics.in/,safehandsdiagnostics.in,in,,https://www.facebook.com/SafeHandsDiagnostic/,,,,,,,,,,,,,,,,,,,,,2024-06-14 17:24:03.431,2024-08-12 01:37:01.626,,Safe Hands Diagnostics is a company that offers a wide range of lab tests and health checkup packages.,Health Checkup Packages | Laboratory Testing | Healthcare Services,Active,,,,,,,,17179869817
17179884977,Externi kancelar,,Externi kancelar | Externí Kancelář,CZ,Czechia,Moravia-Silesia,,Frýdek-Místek,738 01,Frýdlantská,,,,"Frydlantska, Frydek-Mistek, Moravskoslezsky kraj, 738 01, Czechia","CZ, Czechia, Moravia-Silesia, Frýdek-Místek, 738 01, Frýdlantská, , 49.669017, 18.3478747",,,2017,2017,,"Externí kancelář pomáhá podnikatelům, živnostníkům i větším firmám s vedením kanceláří. Jsme virtuální asistentky, které tady pro Vás jsou neustále, snažíme se našim klientům pomáhat na 110%. Další činnosti Externí Kanceláře jsou také obchodní, účetní a dotační služby.",IT Consulting Services | Information Technology Services,,,,,,,,,,,,,,,,https://www.externi-kancelar.cz/,externi-kancelar.cz,cz,,,,,http://www.linkedin.com/company/externi-kancelar,,,,,,,,,,,,,,,,,,2024-08-16 14:04:34.635,2024-08-16 14:04:34.635,,"Extern Office is a virtual assistant company that provides office management services to entrepreneurs, freelancers, and larger businesses. They offer continuous support to their clients, aiming to assist them at a 100% level. In addition to office management, Extern Office also offers business, accounting, and payroll services.",Day Services | Virtual Office Assistant | Accounting Services | Virtual Assistant Services | Business Support Services,Active,,,,,3,extracted,,17179870646
17179885181,Derma Uro,,Derma Uro,BR,Brazil,São Paulo,,São Paulo,,,,,,,"BR, Brazil, São Paulo, São Paulo, , , , -23.5506507, -46.6333824",1,Private,,,"Derma Uro is a dermatology clinic based in São Paulo, Brazil.",Consultas médicas nas áreas de Urologia e Dermatologia. Procedimentos estéticos e cirúrgicos Dermatológicos e Cirurgias Urológicas,Dermatologic Surgery | Medical Appointment | Aesthetic Procedures,Services,Consumer Services,Clinics,621111,Offices of Physicians (except Mental Health Specialists),,,Dermatology Clinics,Hospitals & Clinics,Health Care & Social Assistance,+551138531694,+551138531694,,,,https://www.derma-uro.com.br/,derma-uro.com.br,com.br,,https://www.facebook.com/dermaurosp/,,,,,,,,,,,,,,,8031 | 8011,"Offices and Clinics of Doctors of Osteopathy (except mental health specialists) | Offices and Clinics of Doctors of Medicine (except mental health specialists, HMO medical centers, and ambulatory surgical and emergency centers)",8620,Medical and dental practice activities,86.22 | 86.23 | 86.21,Specialist medical practice activities | Dental practice activities | General medical practice activities,2024-06-12 17:54:54.712,2024-08-11 12:57:44.551,,"The company specializes in providing medical consultations in the fields of Urology and Dermatology, offering aesthetic and surgical procedures in dermatology and urological surgeries.",Urology Consultations in Dermatology | Medical Consultations,Active,,,,,,,,17179869315
17179885358,Consorzio Italia del Vino,,Consorzio Italia del Vino,IT,Italy,Veneto,Sant'Ignazio,Padua,35138,Via Fra' Paolo Sarpi,90,45.4186396,11.866942300000002,"Via fra' Paolo Sarpi, 90, 35138 Padova PD, Italy","IT, Italy, Veneto, Padua, 35138, Via Fra' Paolo Sarpi, 90, 45.4186396, 11.866942300000002",,,,,,,,,,,,,,,,,,+390498171522,+390498171522,,,,,,,,,,,,,,,,,,,,,,,,,,,,,2023-02-02 18:36:00.325,2024-04-25 14:47:13.704,,"The Consorzio Italia del Vino is an organization based in Padua, Italy, in the Veneto region.",Wheelchair Accessible Parking Lot | Wine Tastings,Active,,,,,,,,17179875842
17179885367,Gebr. van der Heiden,,Gebr. van der Heiden,NL,Netherlands,Flevoland,,Almere,1332 AM,Hefbrugweg,103,52.402058700000005,5.2432625,"Hefbrugweg 103, 1332 AM Almere, Netherlands","NL, Netherlands, Flevoland, Almere, 1332 AM, Hefbrugweg, 103, 52.402058700000005, 5.2432625",1,Private,,,"Gebr. van der Heiden is a trucking and logistics company based in Almere, Netherlands.",,,Services,Professional Services,Freight Trucking,484110,"General Freight Trucking, Local",,,Trucking and Logistics,Freight Transport,Transport & Warehousing,+31365328997,+31365328997,,,,http://www.gebr-vdheiden.nl/,gebr-vdheiden.nl,nl,,,,,,,,,,,,,,,,,4214 | 4212,Local Trucking With Storage (general freight) | Local Trucking Without Storage (general freight),4923,Freight transport by road,49.41 | 49.42,Freight transport by road | Removal services,2022-04-05 17:27:42,2024-12-27 23:52:15.622,,"Gebr. van der Heiden is a trucking company based in Almere, Netherlands.",Wheelchair Accessible Parking Lot | Specialized Freight Trucking Services,Active,,,,,,,,17179873408
17179885791,Cieco Interiorismo,,Cieco Interiorismo | CIECO,MX,Mexico,Chiapas,,Tuxtla Gutiérrez,29020,Calzada Jardín Corona,178,16.7576384,-93.1596139,"Calzada Rosario Sabinal #178 Col. Terán, Tuxtla Gutiérrez, Chiapas. CP 29050","MX, Mexico, Chiapas, Tuxtla Gutiérrez, 29020, Calzada Jardín Corona, 178, 16.7576384, -93.1596139",1,Private,,,"Cieco Interiorismo is a blinds, curtains & draperies supplier based in Tuxtla Gutiérrez, Mexico.","Persianas en Queretaro, Tuxtla y CDMX sheer elegance, enrollables, black out, muros verdes, toldos, cortinas de tela. Conoce nuestros diseños en persianas, toldos y tapices instalados en Tuxtla Gutiérrez y ahora en Querétaro. Garantizamos calidad y precio.",Canopy And Upholstery | Sheer Elegance,Manufacturing,Durable Products,"Blinds, Curtains & Draperies",337920,Blind and Shade Manufacturing,,,"Blinds, Curtains & Draperies",Home Fabrics & Accessories,Home Products,+525579627940,+525579627940 | +524461485353 | +529613590914 | +529612243265,ventas@cieco.mx,ventas@cieco.mx,,https://cieco.mx/,cieco.mx,mx,es,https://www.facebook.com/CIECOQro/,,https://www.instagram.com/ciecopersianasqueretaro/,,,,https://www.youtube.com/channel/UCbItT1Ubu-82abYJECOH05w/videos,,,Multiline and Specialty Retailers & Distributors,CG-MR,Consumer Goods Retail,CG.3,Consumer Goods,CG,2591,Drapery Hardware and Window Blinds and Shades,1392 | 1629 | 2220 | 2593 | 2599,"Manufacture of made-up textile articles, except apparel | Manufacture of other products of wood; manufacture of articles of cork, straw and plaiting materials | Manufacture of plastics products | Manufacture of cutlery, hand tools and general hardware | Manufacture of other fabricated metal products n.e.c.",25.71 | 25.73 | 25.72 | 16.29 | 13.92 | 22.21 | 22.22 | 22.23 | 22.29 | 25.92 | 25.99 | 25.94 | 25.91 | 25.93,"Manufacture of cutlery | Manufacture of tools | Manufacture of locks and hinges | Manufacture of other products of wood; manufacture of articles of cork, straw and plaiting materials | Manufacture of made-up textile articles, except apparel | Manufacture of plastic plates, sheets, tubes and profiles | Manufacture of plastic packing goods | Manufacture of builders’ ware of plastic | Manufacture of other plastic products | Manufacture of light metal packaging | Manufacture of other fabricated metal products n.e.c. | Manufacture of fasteners and screw machine products | Manufacture of steel drums and similar containers | Manufacture of wire products, chain and springs",2024-12-01 15:03:19,2024-12-05 08:38:10,13,"Cieco Persianas Queretaro is a company based in Los Olvera, Querétaro, specializing in the design and installation of blinds, awnings, and wall coverings. The company offers a range of products including sheer blinds, roller blinds, blackout blinds, green walls, and fabric curtains. Cieco Persianas Queretaro operates multiple branches in Tuxtla Gutiérrez, Querétaro, and Mexico City, providing high-quality products and competitive pricing.",Curtain Fabrics Manufacturer | Blinds and Awnings Manufacturer | Green Panel Fences Manufacturer | Carpet Manufacturer | Installation Services | Wallpaper and Mural Installation Services,Active,cieco.mx,cieco.mx,,,,,13,17179874610
17179885969,Lunde Outrup sogne,,Lunde Outrup sogne,DK,Denmark,Region Of Southern Denmark,,Tønder Municipality,,,,,,"Lunde, Denmark","DK, Denmark, Region of Southern Denmark, Tønder Municipality, , , , 55.097657, 8.7433898",,,,,,,,,,,,,,,,,,+4523446567,+4523446567,thau@km.dk,,,https://www.sogn.dk/,sogn.dk,dk,,https://www.facebook.com/LundeOutrup/,,,,,,,,,,,,,,,,,,,,,2024-06-03 04:32:14.695,2024-06-03 04:32:14.695,,,,Active,,,,,,,,17179870272
17179886052,"WERT, S.R.O.","WERT, S.R.O.",,SK,Slovakia,Region Of Trnava,,Trnava,,,,,,,"SK, Slovakia, Region of Trnava, Trnava, , , , 48.376766204833984, 17.585817337036133",,,,,,,,,,,,,,,,,,,,,,,,,,,,,,,,,,,,,,,,,,,,,,,,2022-02-11 15:14:00,2022-02-11 15:14:00,,,,Active,,,,,,,,17179870319
17179886123,IconicGuest Suite,,IconicGuest Suite,GR,Greece,Attica,,Athens,105 57,Κηφισού,20a,38.0932314,23.8022154,"Kifisou 20A, Athina 145 64, Greece","GR, Greece, Attica, Athens, 105 57, Κηφισού, 20a, 38.0932314, 23.8022154",1,Private,,,"IconicGuest Suite is a tech company based in Athens, Greece.",,,Services,Professional Services,Tech Companies,541512,Computer Systems Design Services,,,Tech Companies,Software & IT Services,IT&C Services,+302103003530,+302103003530,,,,https://iconicguest.com/,iconicguest.com,com,,,,,,,,,,,,,,,,,7373 | 7379,"Computer Integrated Systems Design | Computer Related Services, NEC (computer systems consultants)",6202,Computer consultancy and computer facilities management services,62.03 | 62.02,Computer facilities management activities | Computer consultancy activities,2024-08-28 01:44:43.931,2025-01-10 03:02:32.586,,"The IconicGuest Suite is a software company based in Athens, Greece.",Software Development and Implementation of Software | Travel Agency Software,Active,,,,,,,,17179870396
17179886283,Tonka United Soccer Association,Tonka United Soccer Association,,US,United States,Minnesota,,Chanhassen,55317,Coulter Boulevard,2025,44.85972459999999,-93.5725609,"2025 Coulter Blvd # 200, Chanhassen, MN 55317","US, United States, Minnesota, Chanhassen, 55317, Coulter Boulevard, 2025, 44.85972459999999, -93.5725609",1,Private,,,"Tonka United Soccer Association is a soccer club based in Chanhassen, Minnesota, United States.",,,Services,Consumer Services,Professional  Sports,711211,Sports Teams and Clubs,,,Soccer Club,Sports,"Arts, Entertainment & Recreation",+19524759178,+19524759178,,,,https://www.tonkaunited.org/,tonkaunited.org,org,,https://www.facebook.com/tonkaunited/,,https://www.instagram.com/tonkasoccer/,,,,,,,,,,,,,7941,Professional Sports Clubs and Promoters (professional sports clubs),9312,Activities of sports clubs,93.12,Activities of sports clubs,2021-12-14 14:50:53,2024-10-21 15:32:53.667,,"Tonka United Soccer Association is a soccer club and store located in Chanhassen, Minnesota, United States.",Supportive Environment for Children | Access to Coaches | Athletic Association | Most Field Time Available | Non-profit Organization,Active,,,,,,,,17179872963
17179886293,AISHA MULHALL,,AISHA MULHALL | Aisha Mulhall Art Lessons,CA,Canada,British Columbia,,Nelson,V1L 1N9,Stanley Street,905,49.49107360839844,-117.29500579833984,"905 Stanley Street, Nelson BC, V1L 1N9","CA, Canada, British Columbia, Nelson, V1L 1N9, Stanley Street, 905, 49.49107360839844, -117.29500579833984",1,Private,,,"AISHA MULHALL is a fine arts school based in Nelson, British Columbia, Canada.","A variety of activities are offered through weekly programs and workshops. We will create, learn and explore a diversity of art- making processes, techniques, and materials. Discover the endless possibilities art has to offer. Celebrate your child's special event with a one of a kind party in the studio or delivered right to your front door.",Making Art | Artist Programs | Art Lessons | Student Portfolio | Art Medium | Techniques & Materials,Education,Education,Fine Arts Schools,611610,Fine Arts Schools,,,Fine Arts Schools,Professional Schools,Education,+12505053552,+12505053552,info@aishamulhall.com,info@aishamulhall.com,,http://aishamulhall.com/,aishamulhall.com,com,en,,,,,,,,,,Education,SV-ED,Consumer Services,SV.3,Services,SV,7911 | 8299,"Dance Studios, Schools, and Halls (dance instructors, and professional and other dance schools) | Schools and Educational Services, NEC (art, drama, and music schools)",8542,Cultural education,85.52,Cultural education,2021-10-19 13:36:15,2022-06-21 12:50:00,11,"Aisha Mulhall Art Lessons is a Canadian company that offers artistic programs and workshops to encourage creativity and inspire students' understanding of the principles of Art and Design. The company provides a space for students to learn and explore a variety of art-making processes, techniques, and materials, including painting techniques, sculpting tools, and multi-media activities. The programs cover a range of art forms such as scuplture, watercolor, drawing, and manga. The founder, a Canadian artist and educator, aims to guide and encourage the creative voice within students to discover the endless possibilities that art has to offer.",Art and Design Principles | Weekly Activities and Workshops | One-of-a-kind Parties | Sculpting Tools | Painting Techniques | Multi-media Activities | Art Education,Active,aishamulhall.com,aishamulhall.com,45343,modelled,1,extracted,11,17179874712
17179886480,Landlocked Forest,,Landlocked Forest,US,United States,Massachusetts,,Lexington,,,,,,", Lexington, Massachusetts, United States","US, United States, Massachusetts, Lexington, , , , 42.4473175, -71.2245003",,,,,,"Friends of the Burlington Landlocked Forest is a volunteer organization concerned with the preservation of 250 acres of land owned by the Town of Burlington and located between Routes 62, 3 and 128 in Burlington, Massachusetts.",Health & Wellness | Physical Fitness and Wellness Services,,,,,,,,,,,+17812721989,+17812721989,,,,https://www.landlockedforest.com/,landlockedforest.com,com,,,,,http://www.linkedin.com/company/landlocked-forest,,,,,,,,,,,,,,,,,,2024-03-26 12:21:11.96,2024-03-26 12:21:11.96,,"Friends of the Burlington Landlocked Forest is a volunteer organization dedicated to the preservation of 250 acres of land in Burlington, Massachusetts. The organization is focused on preserving the land, which is owned by the Town of Burlington and situated between Routes 62, 3, and 128.",Non-profit Organization | Land Conservation Organization,Active,landlockedforest.com,landlockedforest.com,,,,,,17179876679
17179886497,Hospital Center Simone Veil De Beauvais,,Hospital Center Simone Veil De Beauvais,FR,France,Hauts-de-France,,Beauvais,60000,Avenue Léon Blum,40,49.450460799999995,2.0700591999999998,"40 Av. Léon Blum, 60000 Beauvais, France","FR, France, Hauts-de-France, Beauvais, 60000, Avenue Léon Blum, 40, 49.450460799999995, 2.0700591999999998",1,Private,,,"Hospital Center Simone Veil De Beauvais is a surgeons & physicians clinic based in Beauvais, France.",,,Services,Consumer Services,General Hospitals,622110,General Medical and Surgical Hospitals,,,Clinics - Surgeons & Physicians,Hospitals & Clinics,Health Care & Social Assistance,,,,,,http://www.ch-beauvais.fr/,ch-beauvais.fr,fr,,,,,,,,,,,,,,,,,8062 | 8069,"General Medical and Surgical Hospitals | Specialty Hospitals, Except Psychiatric (children’s hospitals)",8610,Hospital activities,86.1,Hospital activities,2022-03-13 22:00:55,2025-01-02 20:54:31.965,,"The Hospital Center Simone Veil De Beauvais is a general hospital located in Beauvais, France.",Accessible Entrance | General Hospitals | Seating Options | Wheelchair Accessible Parking Lot | Bathroom Facilities,Active,,,,,,,,17179871138
17179886535,Hotel Al Codega,,Hotel Al Codega,IT,Italy,Veneto,,Venice,,,,,,"venice, veneto, italy","IT, Italy, Veneto, Venice, , , , 45.4371908, 12.3345898",,,,,,,,,,,,,,,,,,+390412413288,+390412413288,,,,https://www.hotelalcodega.com/,hotelalcodega.com,com,,https://facebook.com/pages/Hotel-Al-codega-Venezia/107489799272114,,,http://www.linkedin.com/company/hotel-al-codega,,,,,,,,,,,,,,,,,,2024-03-27 00:19:44.01,2024-03-27 00:19:44.01,,,,Active,,,,,2,extracted,,17179882892
17179886622,STOKES HAMER KIRK & EADS LLP.,STOKES HAMER KIRK & EADS LLP.,,US,United States,California,,Arcata,95521,,,,,"United States, California, Arcata, 381 BAYSIDE ROAD SUITE A, 95521","US, United States, California, Arcata, 95521, , , 40.86651611328125, -124.08283996582031",,,,,,,,,,,,,,,,,,+17078221771,+17078221771,,,,https://www.shkklaw.com/,shkklaw.com,com,,,,,,,,,,,,,,,,,,,,,,,2023-01-12 12:30:45.458,2023-01-12 12:30:45.458,,,,Active,shkklaw.com,shkklaw.com,,,9,extracted,,17179877879
17179886699,Water Lane Primary Academy,,Water Lane Primary Academy,GB,United Kingdom,,,,,,,,,",United Kingdom","GB, United Kingdom, , , , , , 54.702354431152344, -3.2765753269195557",1,Private,,,Water Lane Primary Academy is a primary school based in United Kingdom.,,,Education,Education,Elementary and Secondary Schools,611110,Elementary and Secondary Schools,,,Primary Schools,Education,Education,,,,,,https://www.waterlaneprimary.co.uk/,waterlaneprimary.co.uk,co.uk,,,,,,,,,,,,,,,,,8211,Elementary and Secondary Schools,8510 | 8521 | 8522,Pre-primary and primary education | General secondary education | Technical and vocational secondary education,85.32 | 85.31 | 85.2 | 85.1,Technical and vocational secondary education | General secondary education | Primary education | Pre-primary education,2022-02-04 08:27:59,2022-08-30 13:45:57.456,,,,Active,waterlaneprimary.co.uk,waterlaneprimary.co.uk,,,,,,17179876147
17179886717,Yacht Club,,Yacht Club,CA,Canada,Quebec,,Trois-Rivières,G9A 0B6,Avenue Des Draveurs,250,46.34798405,-72.53189278723406,"250 Avenue des Draveurs,
Trois-Rivières, QC G9A 0B6","CA, Canada, Quebec, Trois-Rivières, G9A 0B6, Avenue des Draveurs, 250, 46.34798405, -72.53189278723406 | CA, Canada, Quebec, Quebec, , , , 46.8137431, -71.2084061",2,Private,,,"Yacht Club is a sailing club based in Trois-Rivières, Quebec, Canada.",,,Services,Consumer Services,Marinas,713930,Marinas,,,Sailing Club,Sports,"Arts, Entertainment & Recreation",+18733875050,+18733875050,,,,https://yachtclub3r.com/,yachtclub3r.com,com,en,,,,,,,,,,Leisure Facilities,SV-LF,Hospitality & Recreation,SV.2,Services,SV,4493,Marinas,9329,Other amusement and recreation activities n.e.c.,93.29,Other amusement and recreation activities,2021-09-03 21:44:09,2024-05-01 00:15:11,3,"The Yacht Club de Trois-Rivières is a marina located in Trois Rivièères, Quebec, Canada. The club offers boat rentals for various types of boats and provides assistance to its members. It is important to note that this description is not a reservation and does not guarantee a berth on the quay.",Yacht Club | Marina Services | Reservation Services | Boat Maintenance and Repair Services | Boat Types | Weather Forecasting Services,Active,yachtclubtr.com | yachtclub3r.com,yachtclubtr.com | yachtclub3r.com,1157773,modelled,8,modelled,3,17179871549
17179886749,C & M Cabinets and Millwork,,C & M Cabinets and Millwork,US,United States,Tennessee,,Murfreesboro,37130,South Church Street,2351,35.8417362,-86.3920756,"2351 S Church St, Murfreesboro, TN 37130","US, United States, Tennessee, Murfreesboro, 37130, South Church Street, 2351, 35.8417362, -86.3920756",,,,,,,,,,,,,,,,,,+16152174103,+16152174103,,,,https://candmcabinets.com/,candmcabinets.com,com,,https://www.facebook.com/CANDMCABINETSANDMILLWORK/,,https://www.instagram.com/candmcabinetsandmillwork/,,,,,,,,,,,,,,,,,,,2023-12-09 17:19:04.048,2023-12-09 17:19:04.048,,,,Active,candmcabinets.com,candmcabinets.com,,,,,,17179872444
17179886907,Villa Kalkan,,Villa Kalkan,TR,Turkey,Antalya,Kalkan,Kaş,,Gonca Sokak,2,36.2654048,29.406508700000003,"Kalkan, Cumhuriyet Cd. No:48/2, 07960 Kaş/Antalya, Türkiye","TR, Turkey, Antalya, Kaş, , Gonca Sokak, 2, 36.2654048, 29.406508700000003",1,Private,,,"Villa Kalkan is a real estate agent/manager based in Kaş, Turkey.",,,Services,Professional Services,Real Estate - Agents & Managers,531210,Offices of Real Estate Agents and Brokers,,,Real Estate - Agents & Managers,Real Estate - Agents & Managers,Real Estate,+902422520032,+902422520032,,,,https://villakalkan.com.tr/,villakalkan.com.tr,com.tr,,,,,,,,,,,,,,,,,6531,Real Estate Agents and Managers (agents and brokers),6820,Real estate activities on a fee or contract basis,68.31 | 68.32,Real estate agencies | Management of real estate on a fee or contract basis,2021-10-02 11:53:10,2025-01-10 02:38:18.607,,"Villa Kalkan is a company based in Kaş, Antalya, Turkey. It operates as a vacation home rental agency, real estate agency, and tour operator.",Tour Operator Services | Accommodation Services | Real Estate Services | Vacation Home Rental Services,Active,,,,,,,,17179870130
17179887104,Donald R. Hermansen DDS,,Donald R. Hermansen DDS,US,United States,California,,Redwood City,94061,Woodside Road,1733,37.45436389999999,-122.22849869999997,"1733 Woodside Rd #110, Redwood City, CA 94061","US, United States, California, Redwood City, 94061, Woodside Road, 1733, 37.45436389999999, -122.22849869999997",1,Private,,,"Donald R. Hermansen DDS is a dentists & dental clinic based in Redwood City, California, United States.","Dr. Donald Hermansen – Welcome to Our Practice Located just south of San Francisco, our dental practice consists of an experienced dentist and his caring team who have provided for the oral healthcare needs of their community for decades. You can expect a comfortable, welcoming, and bright environment during your visit. In addition, our team of fantastic individuals will help to ease any worries that our patients may experience. We pride ourselves in continually treating our patients as individuals and not just as another dental case.",,Services,Consumer Services,Dentist,621210,Offices of Dentists,,,Dentists & Dental Clinics,Dentists & Dental Clinics,Health Care & Social Assistance,+16507162500,+16507162500,,,,http://drhermansen.com/?opi=79508299&sa=U&ved=0ahUKEwjWp7f06OCHAxXvFVkFHeSzOm4Q61gIEigO&usg=AOvVaw1Id914ZKJuAoUG-fRWhHCz,drhermansen.com,com,,https://www.facebook.com/DonaldRHermansenDDS/,,,,,,,,,,,,,,,8021,Offices and Clinics of Dentists,8620,Medical and dental practice activities,86.22 | 86.23 | 86.21,Specialist medical practice activities | Dental practice activities | General medical practice activities,2021-07-27 22:11:59,2024-08-06 22:08:33.306,,"Donald R. Hermansen DDS is a dentist specializing in cosmetic dentistry, denture care, and teeth whitening services. The practice is located in Redwood City, California, United States.",Health Care | Denture Services | Cosmetic Dentistry | Teeth Whitening Services,Active,,,,,,,,17179877872
17179887165,INVICTA Vox | Voice Lessons & Artist Development,,INVICTA Vox | Voice Lessons & Artist Development,US,United States,Utah,,Draper,84020,Business Park Dr Ste A,12244,40.5277873,-111.8949885,"12244 S Business Park Dr, Draper, Utah, 84020","US, United States, Utah, Draper, 84020, Business Park Dr Ste A, 12244, 40.5277873, -111.8949885",,,,,,,,,,,,,,,,,,,,,,,https://www.invictavox.com/,invictavox.com,com,,,,https://www.instagram.com/invictavox/,,,,,,,,,,,,,,,,,,,2024-08-02 21:34:01.565,2024-08-02 21:34:01.565,,,,Active,,,,,,,,17179884655
17179887197,Nagisa Bali Villa Management and Marketing,,Nagisa Bali Villa Management and Marketing,ID,Indonesia,Bali,,Denpasar,80231,Jalan Nakula,6,-8.700274199999999,115.1842313,"Jl. Nakula No.5p, Pemecutan Klod, Kec. Denpasar Bar., Kota Denpasar, Bali 80119, Indonesia","ID, Indonesia, Bali, Denpasar, 80231, Jalan Nakula, 6, -8.700274199999999, 115.1842313",1,Private,,,"Nagisa Bali Villa Management and Marketing is a property management company based in Denpasar, Indonesia.",,,Services,Professional Services,Property Management,531311,Residential Property Managers,,,Property Management,Real Estate - Agents & Managers,Real Estate,+62361490165,+62361490165,,,,http://www.nagisa-bali.com/,nagisa-bali.com,com,,https://www.facebook.com/Nagisabalivillas/,,,,,,,,,,,,,,,6531,Real Estate Agents and Managers (residential property managers),6820,Real estate activities on a fee or contract basis,68.31 | 68.32,Real estate agencies | Management of real estate on a fee or contract basis,2023-04-30 19:40:47.165,2024-08-10 05:29:47.844,,"Nagisa Bali Villa Management and Marketing is a company based in Denpasar, Bali, Indonesia. It operates in various sectors including property management, business management consulting, industrial real estate, and marketing. The company specializes in serviced accommodation and offers online appointment scheduling and onsite services.",Management Consulting Services | Marketing Agency | Villa Management Services | Industrial Real Estate Services,Active,,,,,,,,17179873423
17179887214,Blue Sky Pilates,,Blue Sky Pilates,US,United States,California,West Hills,Los Angeles,91307,Platt Avenue,6411,34.18723670000001,-118.6432289,"6411 Platt Ave, West Hills, CA 91307, United States","US, United States, California, Los Angeles, 91307, Platt Avenue, 6411, 34.18723670000001, -118.6432289",1,Private,,,"Blue Sky Pilates is a gyms, fitness & health center based in Los Angeles, California, United States.","Pilates studio with private, duet & small group classes in a bright, basic setting.",,Services,Consumer Services,Recreational Sports Centers,713940,Fitness and Recreational Sports Centers,,,"Gyms, Fitness & Health Centers",Recreational Sports Centers,"Arts, Entertainment & Recreation",+18189329197,+18189329197,,,,http://blueskypilates.net/,blueskypilates.net,net,,,,https://www.instagram.com/blueskypilates/,,,,,,,,,,,,,7997 | 7991 | 7999,"Membership Sports and Recreation Clubs (recreation clubs with facilities) | Physical Fitness Facilities | Amusement and Recreation Services, NEC (nonmembership fitness and recreational sports centers)",9311,Operation of sports facilities,93.11 | 93.13,Operation of sports facilities | Fitness facilities,2023-04-30 00:48:30.422,2024-10-27 22:17:19.041,,"Blue Sky Pilates is a Pilates studio located in Los Angeles, California, United States. The studio offers private, duet, and small group classes in a bright and basic setting.",Small Group Classes | Pilates Services | Fitness and Recreational Sports Centers | Duet Classes | Private Class,Active,,,,,,,,17179870692
17179887304,Repiphany Counselling,,Repiphany Counselling,,,,,,,,,,,,,,,,,,,,,,,,,,,,,,,,,,,https://www.repiphany.com/,repiphany.com,com,,,,https://www.instagram.com/repiphany_counselling/,,,,,,,,,,,,,,,,,,,2024-11-30 02:37:30.458,2024-11-30 02:37:30.458,,,,Active,,,,,,,,17179887304
17179887324,Living Relaxed,,Living Relaxed,GB,United Kingdom,England,,South Petherton,TA13 5DY,Hele Lane,Ham House,50.9471948,-2.8079586,"Ham House, Hele Lane, SOUTH PETHERTON, TA13 5DY","GB, United Kingdom, England, South Petherton, TA13 5DY, Hele Lane, Ham House, 50.9471948, -2.8079586",1,Private,1998,,"Living Relaxed is a psychologists & counseling services provider based in South Petherton, United Kingdom.","Professional and Confidential Counselling,. Maureen Moore consults in South Petherton, Somerset within easy reach of Yeovil & Taunton.",Counseling & Psychotherapy | Therapeutic Process | Integrated Psychotherapy | Sexual Abuse | Clinical Supervisors | Talking Therapy | Counselling Services | Post-Traumatic Stress | Healing Nature | Clinical Supervision | Online Therapy | Health Services | Psychiatric Nursing | Health Care | Posttraumatic Stress Disorder | Psychotherapy | Confidential Counseling | Training DVDs | EMDR | Awarding Bodies | Professional Standards Authority,Services,Consumer Services,Psychologists & Counseling Services,621330,Offices of Mental Health Practitioners (except Physicians),,,Psychologists & Counseling Services,Mental Health Specialists,Health Care & Social Assistance,,,,,,https://livingrelaxed.com/,livingrelaxed.com,com,en,,,,,,,,,,Health Care Delivery,HC-DY,Health Care Providers,HC.3,Health Care,HC,8049,"Offices and Clinics of Health Practitioners, NEC (mental health practitioners except physicians)",8690,Other human health activities,86.9,Other human health activities,2020-04-23 05:09:33,2024-11-28 13:28:44,14,"Living Relaxed is a counseling service provider based in South Petherton, Somerset, England. The company offers professional and confidential counseling, attachment-informed integrative psychotherapy, and EMDR (Eye Movement Desensitization and Reprocessing) therapy. They also provide clinical and EMDR supervision. The services cater to individuals dealing with post-traumatic stress disorder (Ptsd) resulting from military stress, post-traumatic stress disorder due to childhood sexual abuse, and transgenerational trauma. The company is led by Maureen Moore, who holds an MSc in Integrative Psychotherapy and is a UKCP registered psychotherapist and supervisor, as well as an EMDR Europe accredited clinical supervisor/consultant.",Supervision for EMDR Therapists | Counseling Services | Attachment-informed Integrative Psychotherapy | Talking Therapy | Eye Therapy for Military Stress | Post-traumatic Stress Disorder Counseling | Intergenerational Trauma Counseling,Active,livingrelaxed.com,livingrelaxed.com,66024,modelled,1,extracted,14,17179875034
17179887326,Liberros - kernachtig coachen met paarden,,Liberros - kernachtig coachen met paarden,NL,Netherlands,Utrecht,,Soest,3764 TA,Molenweg,28,52.1717937,5.3051821,"molenweg 28, 3764 ta, soest, netherlands, utrecht","NL, Netherlands, Utrecht, Soest, 3764 TA, Molenweg, 28, 52.1717937, 5.3051821",,,,,,,,,,,,,,,,,,,,,,,https://www.liberros.com/,liberros.com,com,,https://www.facebook.com/liberros/,,,,,,,,,,,,,,,,,,,,,2022-04-04 10:01:03,2022-04-04 10:01:03,,,,Active,liberros.com,liberros.com,,,,,,17179872118
17179887406,Instore Shop Fitters Ltd.,Instore Shop Fitters Ltd.,,GB,United Kingdom,,,,,,,,,,"GB, United Kingdom, , , , , , 54.7023545, -3.2765753",,,,,,,,,,,,,,,,,,,,,,,http://www.instoreshopfitters.co.uk/?opi=79508299&sa=U&ved=0ahUKEwjF0smdqI6HAxU9ArkGHY1WAGYQ61gIBSgB&usg=AOvVaw077GHQD5sWfMJjGfL60sQH,instoreshopfitters.co.uk,co.uk,,,,,,,,,,,,,,,,,,,,,,,2021-10-02 18:55:46,2024-07-05 03:44:23.694,,Instore Shop Fitters Ltd is a company categorized under shopfitting and service establishments.,Shopfitting and Service Establishments | Furniture Manufacturing,Active,,,,,,,,17179881822
17179887505,Gadi Fraiman,,Gadi Fraiman | Gadi Fraiman Art,,,,,,,,,,,,,,Private,,,,"Gadi Fraiman expertly captures natural elements & fleeting emotions in works that transcend mediums, pulsating with life. Gadi Fraiman's newest series of young children immersed in play brings the viewer into the world of innocence and joy. The Dance Series \"Dance is movement, is it connection, it's freedom, it's flow.\" Gadi has a real interest in movement. At age 40, Gadi boldly decided to pursue his artistic passion as his life's work. Gadi Fraiman's unstoppable turn to art. The fields are empty of man, farm tools strewn across the earth. Like his art, Gadi's studio is imbued by the nature that surrounds him, blurring the lines between work space & muse. Gadi's pieces are effortlessly woven into the landscape, turning the place itself into a work of art.",Music And Instruments | Dance Series,Retail,Durable Products,Art Galleries,459920,Art Dealers,,,Art Galleries,Other Durable Products,Other Durable Products,+19293453654,+19293453654 | +19295331719 | +972522998288 | +972506689640,info@p112386-866-22348.s866.upress.link,studio@gadifraiman.com,,https://gadifraiman.com/,gadifraiman.com,com,en,https://www.facebook.com/GadiFraimanArt/,,https://www.instagram.com/gadifraiman/,,,,https://www.youtube.com/channel/UCePYCX3J7CKCjgvgTRrrsKg,,,Leisure Facilities,SV-LF,Hospitality & Recreation,SV.2,Services,SV,5431 | 5961 | 5142 | 5963 | 5421 | 5999 | 5961 | 5961 | 5411,"Fruit and Vegetable Markets (temporary fruit and vegetable stands) | Catalog and Mail-Order Houses (mail-order houses) | Packaged Frozen Foods (frozen food sold via retail method) | Direct Selling Establishments (except mobile food services and food wagons) | Meat and Fish (Seafood) Markets, Including Freezer Provisioners (freezer provisioners) | Miscellaneous Retail Stores, NEC  (art dealer) | Catalog and Mail-Order Houses (electronic shopping web sites) | Catalog and Mail-Order Houses (electronic auctions) | Grocery Stores (frozen food and freezer plan providers)",4773 | 4789 | 4791 | 4799,"Other retail sale of new goods in specialized stores | Retail sale via stalls and markets of other goods | Retail sale via mail order houses or via Internet | Other retail sale not in stores, stalls or markets",47.76 | 47.77 | 47.78 | 47.99 | 47.89 | 47.91,"Retail sale of flowers, plants, seeds, fertilisers, pet animals and pet food in specialised stores | Retail sale of watches and jewellery in specialised stores | Other retail sale of new goods in specialised stores | Other retail sale not in stores, stalls or markets | Retail sale via stalls and markets of other goods | Retail sale via mail order houses or via Internet",2021-09-10 01:10:47,2024-11-16 06:58:03,28,"Gadi Fraiman is an artist based in Gezer Regional Council, Center District, Israel. He is known for his works that expertly capture natural elements and fleeting emotions, transcending mediums and pulsating with life. Gadi's art explores themes such as masks in human relationships, the innocence and joy of childhood, and the connection between movement and rhythm. His studio, located on a hilltop near Jerusalem, is imbued with the natural surroundings, creating a unique and inspiring environment for his work.",Hyperbolic Young Girls Sculptures | Artistic Services | Art Therapy | Artistic Creations | Art Sales | Wall Arts | Colored Bronze Collections | Stone Sculpturing | Sculpture Creation | Dance Series | Balloon Boy/balloon Girl Series | Music And Instruments | Art Gallery,Active,gadifraiman.com | art-matters.org,gadifraiman.com | art-matters.org,,,1,extracted,28,17179887505
17179887572,Termas del Gualeguaychú | Entre Ríos Argentina,,Termas del Gualeguaychú | Entre Ríos Argentina,AR,Argentina,Entre Ríos Province,Pueblo Nuevo Belgrano,Municipio De Pueblo General Belgrano,2821,Ruta Provincial 42,,,,"Termas del Gualeguaychú, Gualeguaychú, 2820","AR, Argentina, Entre Ríos Province, Municipio de Pueblo General Belgrano, 2821, Ruta Provincial 42, , -33.0176077, -58.48044901407344",,,,,,,,,,,,,,,,,,,,,,,https://www.gualeguaychutermal.com.ar/,gualeguaychutermal.com.ar,com.ar,,,,https://www.instagram.com/TermasdelGualeguaychu/,,,,,,,,,,,,,,,,,,,2024-07-18 07:36:17.908,2024-12-25 06:44:52.839,,,,Active,,,,,,,,17179876575
17179887732,Hundley Cleaning Services,,Hundley Cleaning Services,US,United States,Virginia,,Chesapeake,23320,Live Oak Drive,809,36.7960366,-76.2322779,"809 Live Oak Dr #16, Chesapeake, VA 23320","US, United States, Virginia, Chesapeake, 23320, Live Oak Drive, 809, 36.7960366, -76.2322779",1,Private,,,"Hundley Cleaning Services is a carpet cleaning services company based in Chesapeake, Virginia, United States.",,,Services,Professional Services,Carpet Cleaning,561740,Carpet and Upholstery Cleaning Services,,,Carpet Cleaning,Cleaning services,Other Professional Services,+17573399029,+17573399029,,,,http://hundleycleaningservices.com/&opi=79508299&sa=U&ved=0ahUKEwic0eKUsbOFAxWm4DgGHTo9DacQ61gIEigO&usg=AOvVaw2vukHZ_ryIAb3NJUq2HBWb,hundleycleaningservices.com,com,,,,,,,,,,,,,,,,,7217,Carpet and Upholstery Cleaning,9601,Washing and (dry-) cleaning of textile and fur products,96.01,Washing and (dry-)cleaning of textile and fur products,2021-09-15 17:04:47,2024-04-09 04:44:26.403,,"Hundley Cleaning Services is a company based in Chesapeake, Virginia, United States, specializing in carpet cleaning services.",Upholstery Cleaning,Active,hundleycleaningservices.com,hundleycleaningservices.com,,,,,,17179874080
17179887764,Abicor Binzel Thailand Co. Ltd.,Abicor Binzel Thailand Co. Ltd.,,TH,Thailand,Samut Prakan Province,Bang Chalong,Bang Phli District,,,,,,"41/98 Block I4, Chod Thanawat Warehouse and Factory2 Soi Pool Charoen, Depharattana Road, Bang Chalong, Bang Phli District, Samut Prakan 10540, Thailand","TH, Thailand, Samut Prakan Province, Bang Phli District, , , , 13.625752600000002, 100.74366529999999",,,,,,,,,,,,,,,,,,+66814211213,+66814211213,,,,http://www.binzel-abicor.com/,binzel-abicor.com,com,,,,,,,,,,,,,,,,,,,,,,,2021-12-14 18:15:43,2024-12-26 20:44:17.356,,"Abicor Binzel (Thailand) Co.,Ltd. is a company categorized as a welding supply store. It is located in the Bang Phli District of Samut Prakan Province, Thailand.",Welding & Soldering | Retail,Active,,,,,,,,17179887764
17179887811,OXYS Crono,,OXYS Crono,BR,Brazil,Goiás,,Catalão,,,,,,", Catalão, Goiás, Brazil","BR, Brazil, Goiás, Catalão, , , , ,",,,,,,,Spectator Sports | Sports,,,,,,,,,,,,,,,,https://www.oxyscrono.com.br/,oxyscrono.com.br,com.br,,https://www.facebook.com/oxyscrono,,https://www.instagram.com/oxyscrono,http://www.linkedin.com/company/oxys-crono,,,,,,,,,,,,,,,,,,2024-03-28 00:09:33.867,2024-03-28 00:09:33.867,,,,Active,oxyscrono.com.br,oxyscrono.com.br,,,,,,17179879060
17179888038,Teatro di Casalmaggiore,,Teatro di Casalmaggiore,IT,Italy,Lombardy,,Casalmaggiore,26041,,,,,", Casalmaggiore, Lombardia, 26041, Italy","IT, Italy, Lombardy, Casalmaggiore, 26041, , , 44.9863857, 10.4153504",,,,,,,,,,,,,,,,,,,,,,,https://www.teatrocasalmaggiore.it/,teatrocasalmaggiore.it,it,,,,,http://www.linkedin.com/company/teatro-di-casalmaggiore,,,,,,,,,,,,,,,,,,2024-08-21 13:51:43.057,2024-08-21 13:51:43.057,,,,Active,,,,,,,,17179873269
17179888186,Mero IELTS,,Mero IELTS,,,,,,,,,,,,,,Private,,,,"An English language assessment for study, immigration, or employment is called IELTS. IELTS is recognized by more than 11,000 organizations worldwide, including universities, schools, and immigration authorities. In Australia, Canada, New Zealand, and the UK, IELTS is recognized as valid document of English language proficiency for immigration. These come from publications like books, journals, magazines, and newspapers. You're taking the IELTS test to try to achieve that dream of yours. If you want to live out your dream of pursuing further education abroad or if you want to immigrate to one of these nations, you don't need to travel anywhere. Mero IELTS provides free mock test feature which is not easily available in Free IELTS preparation website. Mero IELTS is a platform for people who want to study for the IELTS exam but don't know where to begin. Our website's primary goal is to assist you in improving your IELTS exam band score. In addition, listening is supported by audio, which improves scores.",IELTS Speaking | Reading Practice | Academic Reading | Writing Task 2 | Mock Tests | English Language Proficiency | Studying Abroad | IELTS Preparation | Courses And Universities | Magazines And Newspaper | Market Research & Analytics | E-Books | Education And Trainings | English Language Assessment | Join Course | Audience Research | Test Taking Skills | Books & Journals | University Tutoring | Student Talks | Study Immigration | Academic Testing | Speaking Part 1 | Writing Tests | Security & It | Recording 3 | Recording 2 | Internet Connectivity | Latest Writing | Detailing & Storage | Data Authentication,Education,Education,Language & Speaking Schools,611630,Language Schools,,,Language & Speaking Schools,Professional Schools,Education,,,,,,https://meroielts.com/,meroielts.com,com,en,https://www.facebook.com/meroielts/,https://twitter.com/MeroIelts,https://www.instagram.com/meroielts/,,,,https://www.youtube.com/channel/UC_583-xmIR1NQwNChSdEWsA,,,Education,SV-ED,Consumer Services,SV.3,Services,SV,8299,"Schools and Educational Services, NEC (language schools)",8549,Other education n.e.c.,85.53 | 85.59,Driving school activities | Other education n.e.c.,2022-02-01 23:09:28,2024-11-07 09:56:37,25,"Mero IELTS is a platform dedicated to providing free preparation materials for the International English Language Testing System (Ielts) exam. The company offers comprehensive resources for all sections of the IELTS test, including reading, listening, writing, and speaking. Mero IELTS aims to assist individuals in improving their IELTS exam band scores by providing practice tests, mock exams, and various study materials. The platform also includes features such as essay evaluation services, band score calculators, and a blog with IELTS-related advice and strategies.","Band Score Calculator | Audio Support | Writing Task 2 | Reading, Writing, Listening, and Speaking Modules | Reading and Writing Tests | Online Platform for IELTS Preparation | Essay Evaluation Services | Practice Exams | English Language Proficiency Assessment | Educational Services | Speaking Cue Cards",Active,meroielts.com,meroielts.com,,,15,modelled,25,17179888186
17179888458,Equmeniakyrkan Loo,,Equmeniakyrkan Loo,SE,Sweden,,,,,,,,,,"SE, Sweden, , , , , , 59.6749712, 14.5208584",1,Private,,,Equmeniakyrkan Loo is a churches & religious organization based in Sweden.,,,Non Profit,Non Profit,Churches & Religious Organizations,813110,Religious Organizations,,,Churches & Religious Organizations,Churches,Non Profit,,,,,,https://www.equmeniakyrkan.se/,equmeniakyrkan.se,se,,https://www.facebook.com/equmeniakyrkanLoo/,,,,,,,,,,,,,,,8661,Religious Organizations,9491,Activities of religious organizations,94.91,Activities of religious organisations,2024-06-07 11:24:19.906,2024-08-10 14:01:28.686,,,,Active,,,,,,,,17179870015
17179888772,e-group service center – Phone repair,,e-group service center – Phone repair,BY,Belarus,Minsk,Maskowski District,Minsk,220025,Праспект Дзяржынскага,126,53.8475038,27.471021099999998,"Prospekt Dzerzhinskogo 126, Minsk, Minskaja voblasć 220025, Belarus","BY, Belarus, Minsk, Minsk, 220025, праспект Дзяржынскага, 126, 53.8475038, 27.471021099999998",1,Private,,,"e-group service center – Phone repair is a phone repair & services company based in Minsk, Belarus.",,,Services,Professional Services,Electronic and Precision Equipment Repair and Maintenance,811210,Electronic and Precision Equipment Repair and Maintenance,,,Phone Repair & Services,"Rental, Repair & Maintenance",Other Professional Services,+375296120024,+375296120024,,,,https://e-group.by/,e-group.by,by,,,,,,,,,,,,,,,,,7622 | 7622 | 7629 | 7699 | 7378 | 7629 | 7699 | 7629 | 7629 | 7699,"Radio and Television Repair Shops (telecommunication equipment repair) | Radio and Television Repair Shops (stereo, TV, VCR, and radio repair) | Electrical and Electronic Repair Shops, NEC (other consumer electronic equipment, except business and office machines, telephones, and appliances-repair and maintenance) | Repair Shops and Related Services, NEC (camera repair) | Computer Maintenance and Repair (except sales locations providing supporting repair services as major source of revenue) | Electrical and Electronic Repair Shops, NEC (business and office machine repair, electrical) | Repair Shops and Related Services, NEC (typewriter repair, refilling or recycling ink jet cartridges) | Electrical and Electronic Repair Shops, NEC (telephone set repair) | Electrical and Electronic Repair Shops, NEC (electrical measuring instrument repair and calibration, medical electrical equipment repair) | Repair Shops and Related Services, NEC (dental instrument repair, laboratory instrument repair, medical equipment and other electronic and precision equipment repair, except typewriters)",3312 | 3313 | 9511 | 9512 | 9521,Repair of machinery | Repair of electronic and optical equipment | Repair of computers and peripheral equipment | Repair of communication equipment | Repair of consumer electronics,95.21 | 95.11 | 33.13 | 33.12 | 95.12,Repair of consumer electronics | Repair of computers and peripheral equipment | Repair of electronic and optical equipment | Repair of machinery | Repair of communication equipment,2023-05-21 18:57:05.819,2024-07-23 17:07:48.016,,"Сервисный центр e-group – Ремонт телефонов is a phone repair service located in Minsk, Belarus. The company specializes in providing repair services for mobile phones.",Electronic Equipment Repair | Mobile Phone Repair Services,Active,,,,,,,,17179871234
17179889027,Techno Network Co. Ltd.,Techno Network Co. Ltd.,,JP,Japan,Fukuoka Prefecture,Sawara Ward,Fukuoka,814-0165,National Highway Route 3,4,33.645191,130.43433299999998,"4 Chome-1-6 Chihaya, Higashi Ward, Fukuoka, 813-0044, Japan","JP, Japan, Fukuoka Prefecture, Fukuoka, 814-0165, National Highway Route 3, 4, 33.645191, 130.43433299999998",,,,,,,,,,,,,,,,,,+81924109012,+81924109012,,,,https://www.tnw-net.com/?opi=79508299&sa=U&ved=0ahUKEwiwjZuF9PKHAxUFT6QEHU2XCTAQ61gIEygP&usg=AOvVaw3slKErG496rlIagMk-nzLp,tnw-net.com,com,,,,,,,,,,,,,,,,,,,,,,,2023-06-26 11:29:00.158,2024-08-17 12:45:23.392,,"(株)テクノネットワーク is a company based in Fukuoka, Japan, operating in the computer wholesale industry.",Software Merchant Wholesalers | Computer Wholesaler | Computer Peripherals,Active,,,,,,,,17179870123
17179889530,SOS Médecins Val d'Oise,,SOS Médecins Val d'Oise,FR,France,Ile-de-France,,Taverny,95150,Place Des 7 Fontaines,2,49.026921800000004,2.2110483999999997,"2 Pl. des 7 Fontaines, 95150 Taverny, France","FR, France, Ile-de-France, Taverny, 95150, Place des 7 Fontaines, 2, 49.026921800000004, 2.2110483999999997",1,Private,,,"SOS Médecins Val d'Oise is a surgeons & physicians clinic based in Taverny, France.","Structure privée, notre établissement met à votre disposition 40 médecins qui interviennent chez vous. Vous pouvez contacter le standard téléphonique ou bien consulter le site internet pour toute prise de rendez-vous. Nos centres de consultations sont ouverts tous les jours de 8h à 23h. Les consultations ont lieu uniquement sur rendez-vous. Sur le site sosmedecins95 accès à la téléconsultation par des médecins de SOS Médecins 95.",,Services,Consumer Services,General Hospitals,622110,General Medical and Surgical Hospitals,,,Clinics - Surgeons & Physicians,Hospitals & Clinics,Health Care & Social Assistance,,,,,,http://sosmedecins95.com/,sosmedecins95.com,com,,,,,,,,,,,,,,,,,8062 | 8069,"General Medical and Surgical Hospitals | Specialty Hospitals, Except Psychiatric (children’s hospitals)",8610,Hospital activities,86.1,Hospital activities,2021-05-08 20:14:22,2024-12-31 20:03:58.102,,"SOS Médecins Val d'Oise is a medical establishment located in Taverny, Ile-de-France, France. The practice specializes in general medical services and is categorized under the healthcare professional, doctor.",Medical Practice | Mental Health Services | General Medicine Services,Active,,,,,,,,17179877429
17179889550,Cetra Technology,,Cetra Technology,US,United States,Hawaii,Chinatown,Honolulu,96813,Fort Street Mall,900,21.3098949,-157.861621,"900 Fort St Mall, Honolulu, Hawaii, 96813, United States","US, United States, Hawaii, Honolulu, 96813, Fort Street Mall, 900, 21.3098949, -157.861621",,,,,,,,,,,,,,,,,,+18085457505,+18085457505,,,,https://www.cetratech.com/,cetratech.com,com,,,,,http://www.linkedin.com/company/cetratechnology,,,,,,,,,,,,,,,,,,2023-05-03 00:03:53.251,2024-11-24 21:12:51.178,,,,Active,,,,,,,,17179873717
17179889698,MALANGA CAFE INC.,MALANGA CAFE INC.,,US,United States,Florida,,Pinecrest,33156,South Dixie Highway,12313,25.65572865,-80.32826891409081,"12313 S Dixie Hwy, Miami, Florida, 33156, United States","US, United States, Florida, Pinecrest, 33156, South Dixie Highway, 12313, 25.65572865, -80.32826891409081",,,,,,,Restaurant,,,,,,,,,,,+13052591550,+13052591550,,,,https://www.malangacafe.com/,malangacafe.com,com,,,,,http://www.linkedin.com/company/malanga-cafe-inc,,,,,,,,,,,,,,,,,,2024-02-20 13:11:41.272,2024-02-20 13:11:41.272,,,,Active,malangacafe.com,malangacafe.com,,,,,,17179879513
17179889737,Doces Leitemel,,Doces Leitemel,,,,,,,,,,,,,,,,,,,,,,,,,,,,,,,,,,,,,,,https://www.facebook.com/docesleitemel/,,,,,,,,,,,,,,,,,,,,,2024-03-26 21:48:08.6,2024-03-26 21:48:08.6,,,,Active,,,,,,,,17179889737
17179889854,Zentrum für Allergie und Umwelt München ZAUM,,Zentrum für Allergie und Umwelt München ZAUM,DE,Germany,Bavaria,Schwabing-Freimann,Munich,80802,Biedersteiner Straße,21,48.1646461,11.592397700000001,"Biedersteiner Str. 21, 80802 München, Germany","DE, Germany, Bavaria, Munich, 80802, Biedersteiner Straße, 21, 48.1646461, 11.592397700000001",,,,,,,,,,,,,,,,,,+498941403451,+498941403451,,,,https://www.zaum-online.de/,zaum-online.de,de,,,,,,,,,,,,,,,,,,,,,,,2021-12-14 17:37:46,2025-01-06 00:57:48.802,,"The Zentrum für Allergie und Umwelt München (ZAUM) is a research institute located in Munich, Germany. It specializes in the fields of dermatology and allergy research.",Research Institution | Allergy Research | Dermatology | Research Publications,Active,,,,,,,,17179870004
17179889861,VfR Horst sports field and clubhouse,,VfR Horst sports field and clubhouse,DE,Germany,Schleswig-Holstein,,Horst,25358,Heisterender Chaussee,3d,53.8185779,9.6213608,"Heisterender Ch 3d, 25358 Horst, Germany","DE, Germany, Schleswig-Holstein, Horst, 25358, Heisterender Chaussee, 3d, 53.8185779, 9.6213608",,,,,,,,,,,,,,,,,,,,,,,http://www.vfr-horst.de/,vfr-horst.de,de,,,,,,,,,,,,,,,,,,,,,,,2024-04-05 18:06:13.27,2024-12-30 07:25:28.558,,"The VfR Horst sports field and clubhouse is an athletic field located in Horst, Schleswig-Holstein, Germany.",Sports Facility Management | Clubhouse Facilities | Wheelchair Accessible Entrance,Active,,,,,,,,17179874354
17179889902,Emmeli’s Cake,,Emmeli’s Cake,US,United States,Idaho,,Boise,83701,,,,,", Boise, Idaho, United States","US, United States, Idaho, Boise, 83701, , , 43.6166163, -116.200886",1,Private,,,"Emmeli’s Cake is a bakery based in Boise, Idaho, United States.",Emmeli's Cake goes to eleven with six layers of cake and five layers of mousse filling. We make more than cake - check us out for all of your dessert desires,Beverage Manufacturing | Food Production,Retail,Nondurable Products,,,,,,Bakeries & Desserts,Bakeries & Desserts,Food & Beverages,+12089912632,+12089912632,,,,https://www.emmeliscake.com/,emmeliscake.com,com,,,,,http://www.linkedin.com/company/emmeli%e2%80%99s-cake,,,,,,,,,,,,,,,,,,2024-08-19 16:06:38.506,2024-08-19 16:06:38.506,,Emmeli's Cake is a company specializing in the production of six layers of cake and five layers of mousse filling. They offer a variety of desserts catering to various dessert preferences.,Cake & Desserts | Mousse Filling | Food and Beverage,Active,,,,,2,extracted,,17179871503
17179890007,Pyxicom agence web offshore et Maroc,,Pyxicom agence web offshore et Maroc,MA,Morocco,Rabat-Salé-Kénitra,,Rabat,10000,Rue Jeddah,17,34.0205704,-6.8365713,"2éme étage, 24, Immeuble 2 Rue Jeddah، Rabat 10000, Morocco","MA, Morocco, Rabat-Salé-Kénitra, Rabat, 10000, Rue Jeddah, 17, 34.0205704, -6.8365713",1,Private,,,"Pyxicom agence web offshore et Maroc is a web development agency based in Rabat, Morocco.",,,Services,Professional Services,Digital Agencies,541511,Custom Computer Programming Services,,,Web Development Agencies,Digital Agencies,Advertising & Marketing,+212537702114,+212537702114,,,,http://www.pyxicom.com/,pyxicom.com,com,,,,,,,,,,,,,,,,,7371,Computer Programming Services,6201,Computer programming activities,62.01,Computer programming activities,2023-05-30 17:58:23.336,2024-05-13 19:14:11.414,,"Pyxicom agence web offshore et Maroc is a company based in Rabat, Morocco, specializing in website design, advertising, and internet marketing services.",Internet Marketing Services | Web Design Services | Custom Programming Services | Advertising Services,Active,pyxicom.com,pyxicom.com,,,,,,17179879558
17179890072,Condor Distribution,,Condor Distribution | Condor Entertainment | Condor,FR,France,Ile-de-France,,Paris,,,,,,,"FR, France, Ile-de-France, Paris, , , , 48.85349655151367, 2.348391532897949",,,,,,,,,,,,,,,,,,,,,,,https://www.condor-films.fr/,condor-films.fr,fr,,https://www.facebook.com/CondorDistribution/,,,,,,,,,,,,,,,,,,,,,2022-02-03 10:53:38,2022-08-30 13:45:57.456,,,,Active,condor-films.fr,condor-films.fr,,,,,,17179871646
17179890143,stagecrew berlin event GmbH,stagecrew berlin event GmbH,,DE,Germany,Berlin,Niederschönhausen,Berlin,13156,Schloßallee,33,52.582472700000004,13.424974299999999,"Schloßallee 33, 13156 Berlin","DE, Germany, Berlin, Berlin, 13156, Schloßallee, 33, 52.582472700000004, 13.424974299999999",,,,,,,,,,,,,,,,,,,,,,,http://www.stagecrew.berlin/,stagecrew.berlin,berlin,,https://www.facebook.com/stagecrewberlin/,,,,,,,,,,,,,,,,,,,,,2022-04-08 21:48:10,2025-01-09 10:06:35.508,,"stagecrew berlin event GmbH is a company based in Berlin, Germany, specializing in event technology services.",Stage Equipment Rental Services | Event Planning and Execution of Events | Event Technology Services,Active,,,,,,,,17179882009
17179890147,Beck Roofing & Restoration,,Beck Roofing & Restoration,US,United States,Texas,,Richmond,44769,,,,,"1646 Blaisdale Rd Ste 2200, Richmond, TX 77406","US, United States, Texas, Richmond, 44769, , , 29.5821811, -95.7607832",,,,,,,,,,,,,,,,,,+12817620856,+12817620856,,,,https://beckroofingandrestoration.com/,beckroofingandrestoration.com,com,,https://www.facebook.com/beckroofing/,,https://www.instagram.com/beckroofingandrestoration/,,,,,,,,,,,,,,,,,,,2023-12-09 07:33:39.832,2023-12-09 07:33:39.832,,,,Active,beckroofingandrestoration.com,beckroofingandrestoration.com,,,,,,17179872596
17179890166,Fondation Signéranne,,Fondation Signéranne,CH,Switzerland,Vaud,,Signy-Avenex,,,,,,", Signy-Avenex, Vaud, Switzerland","CH, Switzerland, Vaud, Signy-Avenex, , , , 46.3907229, 6.2018023",1,Private,,,"Fondation Signéranne is an investment consultant & financial advisor based in Signy-Avenex, Switzerland.",,Investment Managers | Financial Services,Services,Professional Services,Investment Funds,523940,Portfolio Management and Investment Advice,,,Investment Consultants & Financial Advisors,Investment Firms & Consultants,Finance & Insurance,,,,,,https://www.fondationsigneranne.ch/,fondationsigneranne.ch,ch,,,,,http://www.linkedin.com/company/fondation-sign%c3%a9ranne,,,,,,,,,,,,6371 | 6799 | 6733 | 6282 | 6282,"Pension, Health, and Welfare Funds (managers) | Investors, NEC (commodity contract pool operators) | Trusts, Except Educational, Religious, and Charitable (managers) | Investment Advice (portfolio managers) | Investment Advice (except portfolio managers)",6630 | 6619,Fund management activities | Other activities auxiliary to financial service activities,66.3 | 66.19,"Fund management activities | Other activities auxiliary to financial services, except insurance and pension funding",2024-02-19 07:25:44.522,2024-03-08 12:24:41.34,,,,Active,fondationsigneranne.ch,fondationsigneranne.ch,,,,,,17179879406
17179890348,Indus Towers,,Indus Towers,,,,,,,,,,,,,,,,,,,,,,,,,,,,,,,,,,,https://www.industowers.com/,industowers.com,com,,,,https://www.instagram.com/industowers.official/,,,,,,,,,,,,,,,,,,,2024-07-16 14:07:20.522,2024-11-13 01:28:13.708,,,,Active,,,,,,,,17179890348
17179890393,Takarítás Győr - City Kft.,Takarítás Győr - City Kft.,,HU,Hungary,Győr-Moson-Sopron,,Győr,,,,,,", Győr, Gyõr-Moson-Sopron, Hungary","HU, Hungary, Győr-Moson-Sopron, Győr, , , , ,",,,,,,,Facilities Services,,,,,,,,,,,,,,,,https://www.takaritasgyor.hu/,takaritasgyor.hu,hu,,,,,http://www.linkedin.com/company/takar%c3%adt%c3%a1s-gy%c5%91r---city-kft.,,,,,,,,,,,,,,,,,,2024-02-17 12:00:17.9,2024-03-24 08:43:12.752,,,,Active,takaritasgyor.hu,takaritasgyor.hu,,,,,,17179879600
17179890625,Buck-Icon,,Buck-Icon,,,,,,,,,,,,,,,,,,,,,,,,,,,,,,,,,,,,,,,https://www.facebook.com/buckicon/,,,,,,,,,,,,,,,,,,,,,2024-03-26 01:38:03.492,2024-03-26 01:38:03.492,,,,Active,,,,,,,,17179890625
17179890688,Real Geeks,Real Geeks LLC.,Real Geeks,US,United States,Texas,,Dallas,75206,Greenville Avenue,4849,32.84616673469388,-96.77023648979592,"4849 Greenville Ave Suite 1495, Dallas, TX 75206","US, United States, Texas, Dallas, 75206, Greenville Avenue, 4849, 32.84616673469388, -96.77023648979592",1,Private,,,"Real Geeks is a real estate agent/manager based in Dallas, Texas, United States.","Six Star Realty Group is one of Orlando's finest real estate brokerages. Specializing in the communities of Windermere, Doctor Phillips, Davenport, Celebration, Winter Garden and the surrounding areas. Six Star Realty Group has many great agents that have been helping buyers and sellers all throughout our area.",Real Estate | Real Estate Brokers And Agents | Real Estate Agents | Luxury Real Estate | Real Estate Professionals | Buyers Programs | Home For Sale | Vacation Homes | Real Estate Search | Real Estate Web Sites | INSTANT Home Value | Condos & Townhouses | Lake Front Homes | Champions Gate | Construction Home | Pool & Outdoor | Real Estate Markets | Two Car Garages | Real Estate Agencies | Listing Alert | Real Estate Sites | Shop & Dine | Home Listings | Community Offerings | Investment Property | Marble Countertops | Complete Renovations | Remodeling Kitchen | Kitchen Cabinets | Property Purchases | Gourmet Kitchen | Downtown Condo | Master Suites | Two Bedrooms | Private Pool | Theme Parks | Bath House | Buyers & Sellers | Tele Marketing | Virtual Staging | Condition Reports | Automated Calls | Lawn Care | Golf Carts | Curb Appeal | Tax Bills | Christmas Lights,Services,Professional Services,Real Estate - Agents & Managers,531210,Offices of Real Estate Agents and Brokers,,,Real Estate - Agents & Managers,Real Estate - Agents & Managers,Real Estate,+14077777006,+14077777006 | +18082610616 | +17024863132,sixstarrealtygroup@gmail.com,,,https://www.sixstarrealtygroup.com/,sixstarrealtygroup.com,com,en,https://www.facebook.com/sixstarrealtygroup/,,,,,,https://www.youtube.com/t/terms,,,Real Estate Services,IF-RS,Real Estate,IF.3,Infrastructure,IF,6531,Real Estate Agents and Managers (agents and brokers),6820,Real estate activities on a fee or contract basis,68.31 | 68.32,Real estate agencies | Management of real estate on a fee or contract basis,2020-07-14 06:25:33,2024-11-11 08:31:38,140,"Six Star Realty Group is a real estate brokerage based in Osceola County, Florida. The company specializes in the real estate markets of Windermere, Doctor Phillips, Davenport, Celebration, and Winter Garden, as well as the surrounding areas.","Real Estate Brokerage Services | Luxury Real Estate | Search by City, Address, and Subdivision | Property Search Assistance",Active,williefernandezrealestate.com | sixstarrealtygroup.com,williefernandezrealestate.com | sixstarrealtygroup.com,11242335,modelled,30,modelled,140,17179871665
17179890985,Zoe Ltd.,Zoe Ltd.,,,,,,,,,,,,,,,Private,,,,,Short Sleeved | Custom Gowns | Dry Clean | Ribbons & Trims | Shift Dress | Knit Dresses | Diana Dress | Girls Party Dresses | The Perfect Dress | Hand Washes | Wholesale | Shipping & Policy | Product Templates,Retail,Nondurable Products,Clothing,458110,Clothing and Clothing Accessories Retailers,,,Clothing Stores,Clothing,"Apparel, Accessories & Footwear",+447903417332,+447903417332,info@zoeltd.com,info@zoeltd.com,,https://www.zoeltd.com/,zoeltd.com,com,en,https://www.facebook.com/zoeltd/,,https://www.instagram.com/zoeltd/,,,,,,,Multiline and Specialty Retailers & Distributors,CG-MR,Consumer Goods Retail,CG.3,Consumer Goods,CG,5137 | 5641 | 5137 | 5651 | 5632 | 5611 | 5699 | 5411 | 5621 | 5137 | 5961 | 5961 | 5136 | 5961 | 5431 | 5699 | 5963 | 5142 | 5632 | 5421 | 5136 | 5611 | 5621,"Women's, Children's, and Infants' Clothing and Accessories (selling a general line of womens clothing via retail method) | Children's and Infants’ Wear Stores | Women's, Children's and Infants' Clothing and Accessories (selling a general line of children's and infants' clothing via retail method) | Family Clothing Stores | Women's Accessory and Specialty Stores (accessories) | Men’s and Boys’ Clothing and Accessory Stores (accessories) | Miscellaneous Apparel and Accessory Stores (accessories) | Grocery Stores (frozen food and freezer plan providers) | Women's Clothing Stores (dress shops and bridal shops) | Women’s, Children’s, and Infants’ Clothing and Accessories (uniforms and work clothing sold via retail method) | Catalog and Mail-Order Houses (mail-order houses) | Catalog and Mail-Order Houses (electronic auctions) | Men's and Boys' Clothing and Furnishings (uniforms and work clothing sold via retail method) | Catalog and Mail-Order Houses (electronic shopping web sites) | Fruit and Vegetable Markets (temporary fruit and vegetable stands) | Miscellaneous Apparel and Accessory Stores (miscellaneous apparel except accessories and custom tailors) | Direct Selling Establishments (except mobile food services and food wagons) | Packaged Frozen Foods (frozen food sold via retail method) | Women’s Accessory and Specialty Stores (specialty stores) | Meat and Fish (Seafood) Markets, Including Freezer Provisioners (freezer provisioners) | Men's and Boys' Clothing and Furnishings (men's and boys' apparel, except uniforms and work clothing, sold via retail method) | Men's and Boys' Clothing and Accessory Stores (clothing stores) | Women's Clothing Stores (except dress shops and bridal shops)",4771 | 4773 | 4782 | 4791 | 4799,"Retail sale of clothing, footwear and leather articles in specialized stores | Other retail sale of new goods in specialized stores | Retail sale via stalls and markets of textiles, clothing and footwear | Retail sale via mail order houses or via Internet | Other retail sale not in stores, stalls or markets",47.76 | 47.77 | 47.78 | 47.99 | 47.91 | 47.82 | 47.71 | 47.72,"Retail sale of flowers, plants, seeds, fertilisers, pet animals and pet food in specialised stores | Retail sale of watches and jewellery in specialised stores | Other retail sale of new goods in specialised stores | Other retail sale not in stores, stalls or markets | Retail sale via mail order houses or via Internet | Retail sale via stalls and markets of textiles, clothing and footwear | Retail sale of clothing in specialised stores | Retail sale of footwear and leather goods in specialised stores",2019-11-23 23:41:07,2024-10-16 17:20:03,60,"Zoe Ltd. is a company based in Saffron Walden, England, specializing in the design and sale of girls' party dresses. The company offers a range of dresses in sizes 4-16, featuring various styles such as white label gowns, semi-custom gowns, and custom dresses. provides a variety of dress types, including tweed, sequin, and lace dresses, with options for different colors and embellishments. The company emphasizes quality and offers products made in the USA, with some items available at Neiman Marcus.","Size Guide | Navy Sequin Overlay Tulle Dress | Girls Party Dresses | A-line Silhouettes | Back Zip Closure | Dry Clean | Polyester Lining | Blush Dresses | Blazer Dresses Retailer | Dresses, Blouses & Jeans Retailer",Active,custombyzoe.myshopify.com | zoeltd.com,custombyzoe.myshopify.com | zoeltd.com,,,15,modelled,60,17179890985
17179891228,APARTMAN CENTAR 2 SUBOTICA,,APARTMAN CENTAR 2 SUBOTICA | Apartman Centar 2 Apartment | Apartman Centar 2 | Apartman Subotica,RS,Serbia,North Backa Administrative District,Subotica,City Of Subotica,24000,,,,,"Albe Malagurskog , Subotica , Serbia , 24000 ,North Backa District","RS, Serbia, North Backa Administrative District, City of Subotica, 24000, , , 46.096885650833336, 19.666580951666667 | US, United States, Michigan, Novi, , , , 42.48059, -83.4754913",2,Private,,,"APARTMAN CENTAR 2 SUBOTICA is a hotel based in City of Subotica, Serbia.","Is the internet available in Apartman Centar 2 apartment. Apartman Centar 2 apartment features bathrooms with bath sheets, towels, and slippers.",Custom Travel | Vacation Rentals | Rooms And Prices | Holy Trinity | Availability & Rate | Tea/Coffee | Eat & Drinks | Travel Site | Room & Rates | Airconditioning | Bathroom Equipment | Savings & Banking | Cookware & Kitchen | Pizzeria | Bath Sheets | Coffees & Teas | Self-catering Options | Pets Allowed | Apartment Features | Room Features | Express Check-in/out | Fallen Soldiers | Carpet And Flooring | Orthodox Church | Wireless Internet | Guest Houses | Kitchen Fitting | Electric Kettle | Deals & Reviews | Jewish Community | Room Detail | Art Gallery | Featured Sounds | Hours & Services | Rooms And Availability | Hotels Nearby | Microwave Oven,Services,Consumer Services,Hotels,721110,Hotels (except Casino Hotels) and Motels,,,Hotels,Accommodation,Accommodation & Food Services,+4915735981863,+4915735981863,support@booked.net,,,https://apartman-centar-2-subotica.booked.net/,apartman-centar-2-subotica.booked.net,booked.net,en,,,,,,,,,,Real Estate Services,IF-RS,Real Estate,IF.3,Infrastructure,IF,7011 | 7041,"Hotels and Motels (hotels, except casino hotels, and motels) | Organization Hotels and Lodging Houses, on Membership Basis (hotels)",5510 | 5590,Short term accommodation activities | Other accommodation,55.2 | 55.1 | 55.9,Holiday and other short-stay accommodation | Hotels and similar accommodation | Other accommodation,2023-05-21 13:20:55,2024-06-28 06:40:00,1,"Apartman Centar 2 is a 1-room apartment located in Subotica, Serbia. The apartment is situated 0.2 miles away from the Municipal Museum and minutes from The Synagogue. It features a fully-equipped kitchen for self-catering and some rooms have private bathrooms. The Flea Market and Franciscan Church are located nearby, and guests can find Suboticke Pijace Market in the area. Café Poslasticarnica Pelivan is 650 feet away from this property. The 1 bedroom units can sleep up to 3 guests, and wireless internet is available for free throughout the entire apartment. Public parking is available nearby at EUR 2 per day.",Hospitality | Accommodation Services | Private Parking | Wi-fi throughout The Property | Separate Bathroom Rooms | Terrace for Relaxation | Free Wireless Internet | Kitchen Facilities | Cookware/kitchen Utensils | Air Conditioning | Flat-screen TV | 24-hour Reception | Free Toiletries | Self-catering Options | Room Decor | Carpeted Floor,Active,apartman-centar-2-subotica.booked.net,apartman-centar-2-subotica.booked.net,25889,modelled,2,modelled,1,17179870683
17179891259,Northwestern Men's Tennis,,Northwestern Men's Tennis,US,United States,Iowa,,Orange City,51041,7th Street Southwest,101,42.999346,-96.05540979999999,"Orange City, IA 51041","US, United States, Iowa, Orange City, 51041, 7th Street Southwest, 101, 42.999346, -96.05540979999999",1,Private,,,"Northwestern Men's Tennis is a college/university based in Orange City, Iowa, United States.",,,Education,Education,Colleges & Universities,611310,"Colleges, Universities, and Professional Schools",,,Colleges & Universities,Education,Education,,,,,,https://nwcraiders.com/sports/mens-tennis/schedule,nwcraiders.com,com,,,,,,,,,,,,,,,,,8221,"Colleges, Universities, and Professional Schools",8530,Higher education,85.42 | 85.41,Tertiary education | Post-secondary non-tertiary education,2024-04-03 13:26:04.996,2024-10-26 18:09:23.786,,"Northwestern Men's Tennis is an academic department located in Orange City, Iowa, United States.",Coaching Services | Sports Training,Active,,,,,,,,17179869353
17179891446,Perfeita Profissional Distribuidor,,Perfeita Profissional Distribuidor,BR,Brazil,Minas Gerais,,Extrema,37640-000,Rua Vinicius De Moraes,210,-22.8457133,-46.32739439999999,"R. Vinicius de Moraes, 210 - Pte. Nova, Extrema - MG, 37640-000, Brazil","BR, Brazil, Minas Gerais, Extrema, 37640-000, Rua Vinicius de Moraes, 210, -22.8457133, -46.32739439999999",,,,,,,,,,,,,,,,,,+5535984121253,+5535984121253,,,,https://perfeitaprofissional.beleza.center/,beleza.center,center,,,,,,,,,,,,,,,,,,,,,,,2024-05-05 04:04:45.279,2024-08-25 18:46:41.672,,"Perfeita Profissional Distribuidor is a consultancy firm based in Extrema, Minas Gerais, Brazil.",General Management Services | Administrative Services | Distribution Services | Specialist Distributor,Active,,,,,,,,17179870280
17179891463,JLS LANDSCAPE & SPRINKLER INC.,JLS LANDSCAPE & SPRINKLER INC.,,US,United States,Colorado,,Douglas County,80135,Reynolds Drive,7265,39.468475341796875,-104.99175262451172,"United States, Colorado, Douglas County, 7265 REYNOLDS DRIVE, 80135","US, United States, Colorado, Douglas County, 80135, Reynolds Drive, 7265, 39.468475341796875, -104.99175262451172",,,,,,,,,,,,,,,,,,+13037919121,+13037919121,,,,https://www.jlslsc.com/,jlslsc.com,com,,,,,,,,,,,,,,,,,,,,,,,2023-01-12 12:30:45.458,2023-01-12 12:30:45.458,,,,Active,jlslsc.com,jlslsc.com,,,11,extracted,,17179873741
17179891566,Biciutat - bicycle store and repair shop,,Biciutat - bicycle store and repair shop,ES,Spain,Valencian Community,,Valencia,46022,Calle Del Serpis,32,39.4751357,-0.3464136,"C/ del Serpis, 32, Algirós, 46022 València, Valencia, Spain","ES, Spain, Valencian Community, Valencia, 46022, Calle del Serpis, 32, 39.4751357, -0.3464136",1,Private,,,"Biciutat - bicycle store and repair shop is a bicycle, parts & accessories supplier based in Valencia, Spain.","Biciutat, taller y tienda de bicicletas en Valencia para el ciclista urbano. Dispone de todo lo necesario para desplazarse con comodidad y de forma sostenible por Valencia y sus alrededores. Nuestros servicios: venta de bicicletas y accesorios, restauración, reparación y asesoramiento. Nuestra tienda se encuentra entre la UPV y el campus de Blasco Ibáñez (a pocos metros de los carriles bici Blasco Ibáñez y Ramón Llull).",,Retail,Durable Products,"Motorcycle, ATV, Bicycle & Parts Dealers and Manufacturing",441227,"Motorcycle, ATV, and All Other Motor Vehicle Dealers",,,"Bicycle Shops, Parts & Accessories","Bicycle, Motorcycle & ATVs",Toys & Sporting Goods,+34963722877,+34963722877,,,,https://www.biciutat.es/,biciutat.es,es,,https://www.facebook.com/Biciutat/,,,,,,,,,,,,,,,5571 | 5599 | 5961 | 5961 | 5961,"Motorcycle Dealers | Automotive Dealers, NEC | Catalog and Mail-Order Houses (mail-order houses) | Catalog and Mail-Order Houses (electronic auctions) | Catalog and Mail-Order Houses (electronic shopping web sites)",4540 | 4510 | 4773,"Sale, maintenance and repair of motorcycles and related parts and accessories | Sale of motor vehicles | Other retail sale of new goods in specialized stores",47.76 | 47.77 | 47.78 | 45.4 | 45.11 | 45.19,"Retail sale of flowers, plants, seeds, fertilisers, pet animals and pet food in specialised stores | Retail sale of watches and jewellery in specialised stores | Other retail sale of new goods in specialised stores | Sale, maintenance and repair of motorcycles and related parts and accessories | Sale of cars and light motor vehicles | Sale of other motor vehicles",2023-04-30 13:00:58.34,2025-01-09 18:46:56.149,,"Biciutat is a business located in Valencia, Spain, specializing in the sale and repair of bicycles. It operates as both a bicycle repair shop and a general bicycle shop.",Motor Vehicle Dealers Industry | Bicycle Repair and Maintenance Services,Active,,,,,,,,17179884511
17179891657,LG Bodywork Repairs,,LG Bodywork Repairs,GB,United Kingdom,England,Charnock Richard,Chorley,PR7 5RY,Lichen Close,60,53.6523804,-2.6326083000000002,"60 Market St, Chorley PR7 5RY, United Kingdom","GB, United Kingdom, England, Chorley, PR7 5RY, Lichen Close, 60, 53.6523804, -2.6326083000000002",1,Private,,,"LG Bodywork Repairs is an auto body shop based in Chorley, United Kingdom.","LG bodywork repairs is a fully mobile car body repair service covering the north west. We specialise in car dent repairs, scratch repairs, and paint correction on damaged vehicles. We offer a free no obligation quote and all our work comes with a lifetime guarantee on the vehicle.",,Services,Consumer Services,Auto Body Shops,811121,"Automotive Body, Paint, and Interior Repair and Maintenance",,,Auto Body Shops,Auto Services,Other Consumer Services,+447803809213,+447803809213,,,,https://lgbodyworkrepairs.co.uk/?opi=79508299&sa=U&ved=0ahUKEwj0l9LdufaKAxXp8LsIHXguD-gQ61gIFigS&usg=AOvVaw15JG9TdTltztJj4f8fdUYM,lgbodyworkrepairs.co.uk,co.uk,,https://www.facebook.com/lgbodyworkrepairs/,,,,,,,,,,,,,,,7532,"Top, Body, and Upholstery Repair Shops and Paint Shops",2920 | 4520,Manufacture of bodies (coachwork) for motor vehicles; manufacture of trailers and semi-trailers | Maintenance and repair of motor vehicles,29.2 | 45.2,Manufacture of bodies (coachwork) for motor vehicles; manufacture of trailers and semi-trailers | Maintenance and repair of motor vehicles,2023-04-25 21:49:53.015,2025-01-16 03:26:19.501,,"LG Bodywork Repairs is an auto body shop located in Chorley, England. The company specializes in providing repair services for vehicles.",Painting Services | Interior Repair | Automotive Services,Active,,,,,,,,17179876730
17179891665,Self-Storage at U-Haul,,Self-Storage at U-Haul,US,United States,Louisiana,,Shreveport,71129,Financial Plaza,5919,32.4525267,-93.8547308,"5919 Financial Plaza, Shreveport, LA 71129","US, United States, Louisiana, Shreveport, 71129, Financial Plaza, 5919, 32.4525267, -93.8547308",1,Private,,,"Self-Storage at U-Haul is a warehousing & storage company based in Shreveport, Louisiana, United States.","Choose U-Haul Moving & Storage at Shreveport Airport and enjoy the advantages of storing with U-Haul. No deposit or admin fees, contact-free rentals, low-cost insurance options, online account management, month-to-month rent, state of the art security systems, and more! We have storage sizes ranging from storage lockers, 5x5, up to 10x30, and every size in between. From climate-controlled units, indoor storage, vehicle storage, outdoor drive-up units, wine storage, or business storage solutions, we have the perfect unit size and type for you. U-Haul Self-Storage facilities are in all 50 states and several Canadian provinces, the most coverage in North America. Move-in online or reserve by phone, in-person or online today",,Services,Professional Services,Warehousing and logistics,488510,Freight Transportation Arrangement,,,Warehousing & Storage,"Warehousing, Logistics & Support",Transport & Warehousing,+13186873601,+13186873601,,,,https://www.uhaul.com/Locations/Self-Storage-near-Shreveport-LA-71129/743033/%3Futm_source%3Dgmb%26utm_medium%3Dstorage%26utm_campaign%3Duhaulsmlm%26utm_content%3D743033&opi=79508299&sa=U&ved=0ahUKEwiIr5Wz2cyHAxVSEVkFHRMEKGAQ61gIEigO&usg=AOvVaw0QVeyu1ux7EWOYVUg8ezpC,uhaul.com,com,,,,,,,,,,,,,,,,,4731,"Arrangement of Transportation of Freight and Cargo (except freight rate auditors, private mail centers, and tariff consultants)",5229,Other transportation support activities,52.29,Other transportation support activities,2023-05-20 23:47:34.277,2024-07-31 16:09:35.595,,"Self-Storage at U-Haul is a facility that offers various storage solutions, including self-storage, automobile storage, boat storage, RV storage, and moving and storage services. The establishment is located in Shreveport, Louisiana, United States.",Moving and Storage Services | RV Storage | Self Storage Facility | Boat Storage | Vehicle Storage,Active,,,,,,,,17179870714
17179891734,ESCHACH APOTHEKE,,ESCHACH APOTHEKE | Apotheke Niedereschach,DE,Germany,Baden-Württemberg,,Verwaltungsgemeinschaft Villingen-Schwenningen,78078,Steigstraße,3,48.13210885,8.526227694784065,Steigstrasse 3 78078 Niedereschach,"DE, Germany, Baden-Württemberg, Verwaltungsgemeinschaft Villingen-Schwenningen, 78078, Steigstraße, 3, 48.13210885, 8.526227694784065 | DE, Germany, Baden-Württemberg, Königsfeld im Schwarzwald, 78126, Reutenbachstraße, 45, 48.16377675, 8.457147100271683",2,Private,,,"ESCHACH APOTHEKE is a pharmacy based in Verwaltungsgemeinschaft Villingen-Schwenningen, Germany.","Beschaffung von Medikamenten, Beratung und Antworten auf sämtliche Fragen zu Gesundheit und Wohlbefinden.",Health And Wellbeing | Online Shopping,Retail,Nondurable Products,Drug Stores & Pharmacies,456110,Pharmacies and Drug Retailers,,,Drug Stores & Pharmacies,Pharmaceuticals,Pharmaceuticals & Cosmetics,+4977287002,+4977287002 | +497728843 | +41447862211,info@apotheke-niedereschach.com,info@apotheke-niedereschach.com,,https://www.apotheke-niedereschach.com/,apotheke-niedereschach.com,com,de,https://www.facebook.com/ApothekeKoenigsfeld/,,,,,,,,,Drug Retailers,HC-DR,Health Care Retail,HC.2,Health Care,HC,5961 | 5961 | 5142 | 5421 | 5961 | 5963 | 5122 | 5912 | 5411 | 5431,"Catalog and Mail-Order Houses (electronic auctions) | Catalog and Mail-Order Houses (mail-order houses) | Packaged Frozen Foods (frozen food sold via retail method) | Meat and Fish (Seafood) Markets, Including Freezer Provisioners (freezer provisioners) | Catalog and Mail-Order Houses (electronic shopping web sites) | Direct Selling Establishments (except mobile food services and food wagons) | Drugs, Drug Proprietaries, and Druggists’ Sundries (drugs and sundries sold via retail method) | Drug Stores and Proprietary Stores | Grocery Stores (frozen food and freezer plan providers) | Fruit and Vegetable Markets (temporary fruit and vegetable stands)",4772 | 4789 | 4791 | 4799,"Retail sale of pharmaceutical and medical goods, cosmetic and toilet articles in specialized stores | Retail sale via stalls and markets of other goods | Retail sale via mail order houses or via Internet | Other retail sale not in stores, stalls or markets",47.99 | 47.89 | 47.74 | 47.75 | 47.73 | 47.91,"Other retail sale not in stores, stalls or markets | Retail sale via stalls and markets of other goods | Retail sale of medical and orthopaedic goods in specialised stores | Retail sale of cosmetic and toilet articles in specialised stores | Dispensing chemist in specialised stores | Retail sale via mail order houses or via Internet",2023-03-28 23:06:12,2024-12-03 12:37:04,19,"Eschach Apotheke is a pharmacy located in Niedereschach, Baden-Württemberg. The pharmacy offers a range of services including the procurement of medications, health and wellness consultations, and the provision of various health-related products. Their experienced staff is dedicated to addressing the health and well-being needs of their customers, providing services such as individual prescriptions, natural cosmetics, device rentals, and free take-home products.",Emergency Services | Health and Well-related Questions Answering | Natural Cosmetics | Medical Equipment Rental | Video Services | Bulk Purchases | Free Purchases | Medical Supplies | Medicine Advice | Individual Prescriptions | Online Shop | Pharmacy Services | Healthcare Services,Active,eschach-apotheke-niedereschach.de | apotheke-niedereschach.com,eschach-apotheke-niedereschach.de | apotheke-niedereschach.com,3669086,modelled,13,modelled,19,17179869423
17179891759,Linde Sigas Yanbu,,Linde Sigas Yanbu,SA,Saudi Arabia,Medina Province,,Yanbu`,41419,,,,,"Red sea، المنطقة الصناعية, Yanbu 46411, Saudi Arabia","SA, Saudi Arabia, Medina Province, Yanbu`, 41419, , , 24.1215082, 38.1256272",1,Private,,,"Linde Sigas Yanbu is an oil & gas - extraction & distribution company based in Yanbu`, Saudi Arabia.",,,Retail,Capital Products,,,,,,Oil & Gas - Extraction & Distribution,Minerals & Fuels,Resources & Energy,+966503608961,+966503608961,,,,http://linde.sa/,linde.sa,sa,,,,,,,,,,,,,,,,,,,,,,,2024-05-10 11:35:30.458,2024-12-24 03:40:50.152,,"Linde Sigas Yanbu is an industrial gas supplier based in Yanbu, Medina Province, Saudi Arabia.",Industrial Gas Equipment Manufacturing | Industry Gas Distribution,Active,,,,,,,,17179886991
17179891768,Bitcoin Apex,,Bitcoin Apex,,,,,,,,,,,,,,Private,,,,"Our platform is designed to get you started on your trading journey with minimal fuss, allowing you to focus on what's important: making the most of your cryptocurrency trading opportunities. Once funded, you'll have full access to our comprehensive trading tools and resources, ready to make your mark in the crypto markets. Embrace the future of cryptocurrency trading with the advanced AI technology of Bitcoin Apex. Our platform is at the forefront of leveraging artificial intelligence to provide you with an unparalleled trading experience. Revolutionary AI Trading Technology at Your Fingertips. Bitcoin Apex's AI technology is designed to demystify the complexities of the crypto market. By analyzing vast amounts of market data in real-time, our AI identifies patterns and trends that are invisible to the naked eye. With Bitcoin Apex, you're not just trading; you're navigating the crypto markets with a level of confidence and insight previously unattainable. Our AI-driven platform offers real-time market analysis, ensuring you're always informed about the latest market movements and trends.",,Services,Professional Services,Securities intermediation,523160,Commodity Contracts Intermediation,,,Cryptocurrency,Investment Firms & Consultants,Finance & Insurance,,,,,,https://bitcoinapex.com/,bitcoinapex.com,com,en,,,,,,,,,,Security & Commodity Exchanges,FN-EX,Capital Markets,FN.1,Financials,FN,6221 | 6099 | 6799 | 6221,"Commodity Contracts Brokers and Dealers (commodity dealers) | Functions Related to Depository Banking, NEC  (foreign currency exchange) | Investors, NEC (commodity contract trading companies) | Commodity Contracts Brokers and Dealers (commodity brokers)",6499 | 6612,"Other financial service activities, except insurance and pension funding activities, n.e.c. | Security and commodity contracts brokerage",66.12 | 64.99,"Security and commodity contracts brokerage | Other financial service activities, except insurance and pension funding n.e.c.",2022-05-11 14:38:09,2024-11-30 12:05:24,17,"Bitcoin Apex is a company based in Tashkent, Uzbekistan, specializing in advanced cryptocurrency trading solutions. The company offers an AI-driven trading platform designed to enhance trading efficiency, security, and success for both new and experienced traders. Bitcoin Apex leverages cutting-edge AI technology to provide real-time market analysis, personalized trading strategies, and a wide range of trading options. The platform supports various deposit and withdrawal methods, ensuring seamless financial transactions. Bitcoin Apex is fully licensed and committed to maintaining high standards of security and compliance, providing traders with a reliable and user-friendly trading experience.",24/7 Support for Optimal Trading | Security Measures | AI Analytics for Cryptocurrency Trading | Ai-powered Trading Platform | Financial Technology Solutions,Active,bitcoinapex.co.uk | bitcoinapex.com,bitcoinapex.co.uk | bitcoinapex.com,,,75,modelled,17,17179891768
17179891772,Ohio Truck Sales,,Ohio Truck Sales,US,United States,Ohio,,Sandusky,44870,George Street,1801,41.439403614632965,-82.74659933880343,"1801 George Street Sandusky, Ohio 44870","US, United States, Ohio, Sandusky, 44870, George Street, 1801, 41.439403614632965, -82.74659933880343 | US, United States, Texas, New Fairview, 76078, Illinois Street, , 33.09997997457507, -97.46771273257875",2,Private,,,"Ohio Truck Sales is an automobile dealers & manufacturer based in Sandusky, Ohio, United States.","Get in the seat and on the road to earning a living—fast—with Ohio Truck Sales. Historically, commercial truck financing and heavy equipment financing has been difficult for small businesses and semi truck owner operators. We simplify the process and provide transparent and competitive options. From humble beginnings of an inventory of just four pre-owned semi trucks and a small team, to selling around 1,000 used semi trucks each year backed by 150 employees, our mission has remained the same: empowering semi truck owner operators to take control of their futures. We are now the largest buyer of long-hood used Kenworth trucks and used Peterbilt trucks in America. We'll not only buy your used semi truck, but we'll pick it up and pay you that day. Our semi truck financing partner specializes in providing unique funding solutions tailored to your needs.",Semi Truck | Truck Sales | Truck Detailing | Used Trucks For Sale | Sell My Truck | Sprint Cars | Commercial Truck Financing | Heavy Equipment Financing | Latest Inventory | Peterbilt Trucks | Kenworth Trucks | Photo Sets | Apply For Finance | Race Programs | Competitions & Offers | Markets & Solutions,Retail,Durable Products,Automobile Dealers & Manufacturers,441120,Used Car Dealers,,,Automobile Dealers & Manufacturers,Automobile Dealers & Manufacturers,Automotive,+14192390155,+14192390155 | +18178571003,chris@ohiotrucks.com,,,https://ohiotrucksstg.wpengine.com/,ohiotrucksstg.wpengine.com,wpengine.com,en,https://www.facebook.com/OhioTruckSales/,https://twitter.com/OhioTruckSales,https://www.instagram.com/ohiotrucksales/,https://www.linkedin.com/company/ohio-truck-sales,https://apps.apple.com/us/app/ohio-truck-sales/id1425729460,https://play.google.com/store/apps/details?id=com.allstar.OhioTruckSales&pli=1,https://www.youtube.com/channel/UCSpnuqehqiUf8ZU712hJ-yw,,,Automobiles,TR-AU,Automobiles,TR.2,Transportation,TR,5521,Motor Vehicle Dealers (Used Only),4510,Sale of motor vehicles,45.11 | 45.19,Sale of cars and light motor vehicles | Sale of other motor vehicles,2024-02-22 10:55:08,2024-08-06 01:33:07,41,"Ohio Truck Sales is a used semi truck dealer based in Sandusky, Ohio, with additional locations in Texas. The company specializes in the sale of used semi trucks, offering a wide selection of makes including Peterbilt, Kenworth, Freightliner, Western Star, Mack, International, and Volvo. Ohio Truck Sales provides on-site financing options and in-house reconditioning services. The company is known for its large inventory of long-hood used Kenworth and Peterbilt trucks, making it the largest buyer of these models in the United States. Founded by Chris Andrews, who transitioned from dirt sprint car racing to the used truck industry, Ohio Truck Sales has grown significantly, selling approximately 1,000 used semi trucks annually and employing 150 people.",Truck Inspection | Freightliner Trucks | Sleeper Trucks Retailer | In-house Reconditioning Services | International Trucks Dealership | Peterbilt Trucks | Used Trucks | On-site Financing | Volvo Cars Dealership,Active,ohiotrucksstg.wpengine.com,ohiotrucksstg.wpengine.com,105746832,modelled,150,extracted,41,17179871498
17179891838,Solutions TMD,,Solutions TMD,FR,France,Grand Est,,Herrlisheim,67850,Rue Du Ried,7,48.7448359,7.9213368000000015,"7 Rue du Ried, 67850 Herrlisheim, France","FR, France, Grand Est, Herrlisheim, 67850, Rue du Ried, 7, 48.7448359, 7.9213368000000015",1,Private,,,"Solutions TMD is a trucking and logistics company based in Herrlisheim, France.",,,Services,Professional Services,Freight Trucking,484110,"General Freight Trucking, Local",,,Trucking and Logistics,Freight Transport,Transport & Warehousing,+33388968830,+33388968830,,,,https://www.solutionstmd.com/prestataire/lavalsace/,solutionstmd.com,com,,,,,,,,,,,,,,,,,4214 | 4212,Local Trucking With Storage (general freight) | Local Trucking Without Storage (general freight),4923,Freight transport by road,49.41 | 49.42,Freight transport by road | Removal services,2023-07-22 02:26:17.579,2024-04-27 10:19:29.08,,,,Active,,,,,,,,17179869562
17179891871,Oaksville Laundromat,,Oaksville Laundromat,CA,Canada,British Columbia,,Vancouver,,,,,,"vancouver,british columbia 
canada","CA, Canada, British Columbia, Vancouver, , , , 49.2608724, -123.113952",,,,,,,,,,,,,,,,,,+16047349274,+16047349274,,,,https://www.oaksvillelaundromat.com/,oaksvillelaundromat.com,com,,https://www.facebook.com/oaksvillelaundromat/,,https://www.instagram.com/oaksville_laundromat/,http://www.linkedin.com/company/oaksville-laundromat,,,,,,,,,,,,,,,,,,2024-02-17 02:56:25.236,2024-03-26 16:08:55.466,,,,Active,oaksvillelaundromat.com,oaksvillelaundromat.com,,,,,,17179872166
17179891874,PRO ACTIV Reha-Technik GmbH - Zentrale,,PRO ACTIV Reha-Technik GmbH - Zentrale,DE,Germany,Baden-Württemberg,,Dotternhausen,72359,Im Hofstätt,11,48.231124799999996,8.780881800000001,"Im Hofstätt 11, 72359 Dotternhausen, Germany","DE, Germany, Baden-Württemberg, Dotternhausen, 72359, Im Hofstätt, 11, 48.231124799999996, 8.780881800000001",1,Private,,,"PRO ACTIV Reha-Technik GmbH - Zentrale is a medical supply manufacturer based in Dotternhausen, Germany.",,,Wholesale,Capital Products,Medical Supply and Devices,423450,"Medical, Dental, and Hospital Equipment and Supplies Merchant Wholesalers",,,Medical Supply Manufacturers,Medical Equipment & Supplies,Other Capital Goods,+49742794800,+49742794800,,,,https://www.proactiv-gmbh.de/,proactiv-gmbh.de,de,,https://www.facebook.com/proactivreha/,,,,,,,,,,,,,,,5047,"Medical, Dental and Hospital Equipment and Supplies (merchant wholesalers except those selling medical, dental, and hospital equipment and supplies via retail method)",4649 | 4659,Wholesale of other household goods | Wholesale of other machinery and equipment,46.65 | 46.63 | 46.69 | 46.66 | 46.62 | 46.64 | 46.45 | 46.47 | 46.48 | 46.49 | 46.43 | 46.44 | 46.46,"Wholesale of office furniture | Wholesale of mining, construction and civil engineering machinery | Wholesale of other machinery and equipment | Wholesale of other office machinery and equipment | Wholesale of machine tools | Wholesale of machinery for the textile industry and of sewing and knitting machines | Wholesale of perfume and cosmetics | Wholesale of furniture, carpets and lighting equipment | Wholesale of watches and jewellery | Wholesale of other household goods | Wholesale of electrical household appliances | Wholesale of china and glassware and cleaning materials | Wholesale of pharmaceutical goods",2021-12-20 15:06:18,2025-01-05 12:48:43.713,,"PRO ACTIV Reha-Technik GmbH - Zentrale is a company based in Dotternhausen, Baden-Württemberg, Germany. It operates in the fields of disability equipment supply, medical technology manufacturing, and metal processing.",Medical Manufacturing | Metal Processing Company | Disability Equipment Supplier | Surgical Appliance and Supplies Manufacturing,Active,,,,,,,,17179869289
17179891902,newcare home Felsberg,,newcare home Felsberg,DE,Germany,Hesse,,Felsberg,34587,Lohrer Straße,4,51.1354149,9.4141835,"Lohrer Str. 4, 34587 Felsberg","DE, Germany, Hesse, Felsberg, 34587, Lohrer Straße, 4, 51.1354149, 9.4141835",1,Private,,,"newcare home Felsberg is a nursing & personal care services provider based in Felsberg, Germany.",,,Services,Consumer Services,Nursing Care,623110,Nursing Care Facilities (Skilled Nursing Facilities),,,Nursing & Personal Care,Social Services,Health Care & Social Assistance,,,,,,https://newcare.de/newcare-home-felsberg/,newcare.de,de,,,,,,,,,,,,,,,,,8051 | 8052 | 8059,"Skilled Nursing Care Facilities (except continuing care retirement communities and mental retardation hospitals) | Intermediate Care Facilities (except continuing care retirement communities and mental retardation facilities) | Nursing and Personal Care Facilities, NEC (except continuing care retirement communities, psychiatric convalescent homes with health care, and homes for the mentally retarded with health care)",8710,Residential nursing care facilities,87.1,Residential nursing care activities,2023-05-22 17:29:55.626,2025-01-06 03:36:55.93,,"The newcare home Felsberg is a nursing home located in Felsberg, Hesse, Germany.",Healthcare Services | Skilled Nursing Facilities | Wheelchair Accessible Parking Lot | Nursing Home,Active,,,,,,,,17179870289
17179891960,Gulf Tape Factory,,Gulf Tape Factory,SA,Saudi Arabia,Makkah Region,,Jeddah,23434,,,,,"Industrial Area, Jeddah 22426, Saudi Arabia","SA, Saudi Arabia, Makkah Region, Jeddah, 23434, , , 21.418412, 39.2337116",1,Private,,,"Gulf Tape Factory is a chemicals company based in Jeddah, Saudi Arabia.",,,Wholesale,Capital Products,Chemical Product and Preparation Manufacturing,424690,Other Chemical and Allied Products Merchant Wholesalers,,,Chemicals,Chemical Products,Raw Materials,+966126374412,+966126374412,,,,https://www.gulfmaid.com/,gulfmaid.com,com,,,,,,,,,,,,,,,,,5169,"Chemicals and Allied Products, NEC (merchant wholesalers)",4663 | 4649 | 4669,"Wholesale of construction materials, hardware, plumbing and heating equipment and supplies | Wholesale of other household goods | Wholesale of waste and scrap and other products n.e.c.",46.75 | 46.77 | 46.76 | 46.74 | 46.73 | 46.45 | 46.47 | 46.48 | 46.49 | 46.43 | 46.44 | 46.46,"Wholesale of chemical products | Wholesale of waste and scrap | Wholesale of other intermediate products | Wholesale of hardware, plumbing and heating equipment and supplies | Wholesale of wood, construction materials and sanitary equipment | Wholesale of perfume and cosmetics | Wholesale of furniture, carpets and lighting equipment | Wholesale of watches and jewellery | Wholesale of other household goods | Wholesale of electrical household appliances | Wholesale of china and glassware and cleaning materials | Wholesale of pharmaceutical goods",2021-12-09 00:01:43,2024-08-18 01:47:00.711,,"مصنع الخليج للاشرطة is a chemical plant located in Jeddah, Saudi Arabia.",Chemical Manufacturing Services | Petrochemical Manufacturer | Manufacturing Services,Active,,,,,,,,17179871571
17179892201,Star Bedding Manufacturing Corporation,Star Bedding Manufacturing Corporation,,US,United States,Florida,,Hialeah,33010,East 14th Street,1053,25.835679550000002,-80.26091692360419,"1053 E 14th St, Hialeah, Florida, 33010-3311, United States","US, United States, Florida, Hialeah, 33010, East 14th Street, 1053, 25.835679550000002, -80.26091692360419",,,,,,,,,,,,,,,,,,+13058875209,+13058875209,,,,https://www.starbeddingmfg.com/,starbeddingmfg.com,com,,,,,http://www.linkedin.com/company/star-bedding-manufacturing-corporation,,,,,,,,,,,,,,,,,,2022-03-23 10:50:33,2024-02-16 18:58:38.284,,,,Active,,,17500000,extracted,,,,17179869703
17179892221,Orchard Café,,Orchard Café,GB,United Kingdom,England,,Scarborough,YO11 1DY,St. Thomas Street,71,54.2829869,-0.39922230000000003,"71 Newborough, Scarborough YO11 1DY, United Kingdom","GB, United Kingdom, England, Scarborough, YO11 1DY, St. Thomas Street, 71, 54.2829869, -0.39922230000000003",1,Private,,,"Orchard Café is a coffee & tea shop based in Scarborough, United Kingdom.",,,Services,Consumer Services,Pubs and Bars,722410,Drinking Places (Alcoholic Beverages),,,Coffee & Tea Shops,Pubs & Bars,Accommodation & Food Services,+441723360477,+441723360477,,,,https://cooplands-bakery.co.uk/images/menus/orchard.pdf,cooplands-bakery.co.uk,co.uk,,,,,,,,,,,,,,,,,5813,Drinking Places (Alcoholic Beverages),5630,Beverage serving activities,56.3,Beverage serving activities,2021-12-14 12:38:33,2025-01-17 15:33:41.333,,"Orchard Café is a business located in Scarborough, England, United Kingdom. It operates as a cafe, bakery, breakfast restaurant, and tea house. The establishment offers a variety of services including brunch, dine-in, and serves breakfast, lunch, and dessert. It also provides vegetarian options and has facilities for families with children. The café accepts various payment methods including credit and debit cards, as well as mobile NFC payments.",Dessert Options | Bakery | Vegetarian Options | Cafe | Breakfast in The Restaurant | Salad Options | Coffee | Kids Meals and Drinks | Facilities for Families with Children | Sandwich Options | Dine-in Service | Tea Houses | Hot Meals,Active,,,,,,,,17179892221
17179892412,Jennings Music & Education Center,,Jennings Music & Education Center,US,United States,Georgia,,Marietta,30066,Canton Road Northeast,3595,34.039409899999995,-84.5304986,"3595 Canton Rd Suite 308, Marietta, GA 30066, United States","US, United States, Georgia, Marietta, 30066, Canton Road Northeast, 3595, 34.039409899999995, -84.5304986",1,Private,,,"Jennings Music & Education Center is a musical instruments/music store based in Marietta, Georgia, United States.","Celebrating 30 Years of Music! Jennings Music provides the same helpful, personal service that helped it grow into a vital part of the music industry in Northwest Georgia. Our lessons program is the life blood of our business with over 200 students and growing, Our retail department features electric and acoustic guitars, basses, amplifiers, keyboards, woodwinds, brass, and string instruments. We also have a large selection of accessories for all instruments, including strings, reeds, straps, cleaning supplies, and cases. Now our inventory is online on our new ecommerce site. Other services offered by Jennings Music include quick and dependable instrument repair, a band and orchestra instrument rental program",,Retail,Durable Products,Musical Instruments & Music Stores,459140,Musical Instrument and Supplies Retailers,,,Musical Instruments & Music Stores,Other Durable Products,Other Durable Products,+17704252560,+17704252560,,,,http://www.jenningsmusic.com/,jenningsmusic.com,com,,https://www.facebook.com/JenningsMusicATL/,,https://www.instagram.com/jenningsmusicatl/,,,,,,,,,,,,,5736 | 5142 | 5431 | 5961 | 5961 | 5411 | 5421 | 5963 | 5961,"Musical Instruments Stores | Packaged Frozen Foods (frozen food sold via retail method) | Fruit and Vegetable Markets (temporary fruit and vegetable stands) | Catalog and Mail-Order Houses (electronic shopping web sites) | Catalog and Mail-Order Houses (electronic auctions) | Grocery Stores (frozen food and freezer plan providers) | Meat and Fish (Seafood) Markets, Including Freezer Provisioners (freezer provisioners) | Direct Selling Establishments (except mobile food services and food wagons) | Catalog and Mail-Order Houses (mail-order houses)",4759 | 4789 | 4791 | 4799 | 9529,"Retail sale of electrical household appliances, furniture, lighting equipment and other household articles in specialized stores | Retail sale via stalls and markets of other goods | Retail sale via mail order houses or via Internet | Other retail sale not in stores, stalls or markets | Repair of other personal and household goods",47.59 | 47.54 | 47.89 | 47.91 | 47.99 | 95.29 | 95.25,"Retail sale of furniture, lighting equipment and other household articles in specialised stores | Retail sale of electrical household appliances in specialised stores | Retail sale via stalls and markets of other goods | Retail sale via mail order houses or via Internet | Other retail sale not in stores, stalls or markets | Repair of other personal and household goods | Repair of watches, clocks and jewellery",2022-04-27 10:03:33,2024-10-27 16:20:40.206,,"Jennings Music & Education Center is a business located in Marietta, Georgia, United States. It operates as a musical instrument store, offering a variety of services including guitar instruction, music instruction, musical instrument rental, and repair. The center also provides piano instruction, violin instruction, and sells sheet music.",Music Instruction Services | Music Education Institution | Instrument Rentals | Sheet Music Sales | Piano Instruction Services,Active,,,,,,,,17179877774
17179892669,August West Chimney & Fireplace Concepts,,August West Chimney & Fireplace Concepts,US,United States,Massachusetts,,Pembroke,02051,Riverside Drive,6,42.107879638671875,-70.77410125732422,,"US, United States, Massachusetts, Pembroke, 02051, Riverside Drive, 6, 42.107879638671875, -70.77410125732422",1,Private,,,"August West Chimney & Fireplace Concepts is a chimney services company based in Pembroke, Massachusetts, United States.",,,Services,Professional Services,,,,,,Chimney services,Finishing Contractors,Construction,+17818299895,+17818299895,,,,http://www.augustwestfireplace.com/,augustwestfireplace.com,com,,,,,,,,,,,,,,,,,,,,,,,2021-07-22 14:35:22,2022-09-07 02:25:39.197,,,,Active,,,,,,,,17179879304
17179892733,JD King Of Trainers,,JD King Of Trainers,SG,Singapore,Central,,Singapore,178957,Orchard Turn,2,1.3044380000000002,103.8318123,"2 Orchard Turn, #B4-19 Gucci - ION, Singapore 238801","SG, Singapore, Central, Singapore, 178957, Orchard Turn, 2, 1.3044380000000002, 103.8318123",1,Private,,,JD King Of Trainers is a sporting goods store based in Singapore.,,,Retail,Durable Products,Sporting Goods Store,459110,Sporting Goods Retailers,,,Sporting Goods Store,Sporting Goods,Toys & Sporting Goods,+6565090925,+6565090925,,,,https://m.jdsports.com.sg/,jdsports.com.sg,com.sg,,,,,,,,,,,,,,,,,5421 | 5142 | 5961 | 7699 | 5099 | 5941 | 5961 | 5431 | 5963 | 5091 | 5961 | 5411,"Meat and Fish (Seafood) Markets, Including Freezer Provisioners (freezer provisioners) | Packaged Frozen Foods (frozen food sold via retail method) | Catalog and Mail-Order Houses (electronic auctions) | Repair Shops and Related Services, NEC (new bicycle retail sales combined with repair-repair services for bicycles as major source of receipts) | Durable Goods, NEC (ammunition and firearms sold via retail method) | Sporting Goods Stores and Bicycle Shops | Catalog and Mail-Order Houses (mail-order houses) | Fruit and Vegetable Markets (temporary fruit and vegetable stands) | Direct Selling Establishments (except mobile food services and food wagons) | Sporting and Recreational Goods and Supplies (sporting and recreational goods sold via retail method) | Catalog and Mail-Order Houses (electronic shopping web sites) | Grocery Stores (frozen food and freezer plan providers)",4763 | 4773 | 4789 | 4791 | 4799 | 9529,"Retail sale of sporting equipment in specialized stores | Other retail sale of new goods in specialized stores | Retail sale via stalls and markets of other goods | Retail sale via mail order houses or via Internet | Other retail sale not in stores, stalls or markets | Repair of other personal and household goods",47.91 | 47.64 | 47.76 | 47.77 | 47.78 | 47.89 | 47.99 | 95.29 | 95.25,"Retail sale via mail order houses or via Internet | Retail sale of sporting equipment in specialised stores | Retail sale of flowers, plants, seeds, fertilisers, pet animals and pet food in specialised stores | Retail sale of watches and jewellery in specialised stores | Other retail sale of new goods in specialised stores | Retail sale via stalls and markets of other goods | Other retail sale not in stores, stalls or markets | Repair of other personal and household goods | Repair of watches, clocks and jewellery",2021-12-09 00:52:29,2024-08-19 20:14:09.192,,JD King Of Trainers is a sportswear store located in Singapore. The store specializes in providing a variety of sportswear products.,Sports Apparel Retailer | In-store Pickup,Active,,,,,,,,17179870497
17179892786,Savonnerie de Bormes Le Lavandou,,Savonnerie de Bormes Le Lavandou,FR,France,Provence-Alpes-Côte D'Azur,,Le Lavandou,83980,Quai Gabriel Péri,7,43.1380975,6.3697838,"7 Quai Gabriel Péri, 83980 Le Lavandou, France","FR, France, Provence-Alpes-Côte d'Azur, Le Lavandou, 83980, Quai Gabriel Péri, 7, 43.1380975, 6.3697838",1,Private,,,"Savonnerie de Bormes Le Lavandou is a cosmetics store based in Le Lavandou, France.",,,Retail,Nondurable Products,Cosmetic Products,456120,"Cosmetics, Beauty Supplies, and Perfume Retailers",,,Cosmetics Stores,Cosmetic Products,Pharmaceuticals & Cosmetics,+33494647621,+33494647621,,,,http://www.savonnerie-bormes.com/,savonnerie-bormes.com,com,,,,,,,,,,,,,,,,,5142 | 5961 | 5999 | 5087 | 5421 | 5122 | 5411 | 5431 | 5961 | 5961 | 5963,"Packaged Frozen Foods (frozen food sold via retail method) | Catalog and Mail-Order Houses (electronic auctions) | Miscellaneous Retail Stores, NEC (cosmetics and perfumes) | Service Establishment Equipment and Supplies (beauty and barber shop equipment and supplies sold via retail method) | Meat and Fish (Seafood) Markets, Including Freezer Provisioners (freezer provisioners) | Drugs, Drug Proprietaries, and Druggists’ Sundries (cosmetics sold via retail method) | Grocery Stores (frozen food and freezer plan providers) | Fruit and Vegetable Markets (temporary fruit and vegetable stands) | Catalog and Mail-Order Houses (electronic shopping web sites) | Catalog and Mail-Order Houses (mail-order houses) | Direct Selling Establishments (except mobile food services and food wagons)",4772 | 4789 | 4791 | 4799,"Retail sale of pharmaceutical and medical goods, cosmetic and toilet articles in specialized stores | Retail sale via stalls and markets of other goods | Retail sale via mail order houses or via Internet | Other retail sale not in stores, stalls or markets",47.74 | 47.75 | 47.73 | 47.99 | 47.91 | 47.89,"Retail sale of medical and orthopaedic goods in specialised stores | Retail sale of cosmetic and toilet articles in specialised stores | Dispensing chemist in specialised stores | Other retail sale not in stores, stalls or markets | Retail sale via mail order houses or via Internet | Retail sale via stalls and markets of other goods",2021-10-02 23:20:39,2025-01-09 22:56:18.894,,"Savonnerie de Bormes Le Lavandou is a business located in Le Lavandou, France, specializing in the supply of beauty products and cosmetics.",Perfume Retailer | Beauty Products Manufacturer | Retail Trade,Active,,,,,,,,17179871738
17179892849,Lumight Panels,,Lumight Panels | Lumight,,,,,,,,,,,,,,Private,,,,,Helium,Manufacturing,Durable Products,Lighting Stores,335139,Electric Lamp Bulb and Other Lighting Equipment Manufacturing,,,Lighting Stores,Other Durable Products,Other Durable Products,+18445334878,+18445334878,joy@lumight.com,,,https://lumight.webflow.io/,lumight.webflow.io,webflow.io,en,,,,,,,,,,Iron & Steel Producers,EM-IS,Metals & Mining,EM.3,Extractives & Minerals Processing,EM,3699 | 3641 | 3648,"Electrical Machinery, Equipment, and Supplies, NEC (Christmas tree lighting sets, electric insect lamps, electric fireplace logs, and trouble lights) | Electric Lamp Bulbs and Tubes | Lighting Equipment, NEC",2790 | 1399 | 2740,Manufacture of other electrical equipment | Manufacture of other textiles n.e.c. | Manufacture of electric lighting equipment,13.99 | 13.96 | 13.95 | 27.4 | 27.9,"Manufacture of other textiles n.e.c. | Manufacture of other technical and industrial textiles | Manufacture of non-wovens and articles made from non-wovens, except apparel | Manufacture of electric lighting equipment | Manufacture of other electrical equipment",2022-07-21 10:12:07,2024-11-29 03:50:38,0,"Lumight Fans, legally known as Lumight LLC., based in the Town of Islip, New York, specializes in the production and distribution of fans and related lighting products. The company offers a range of products including the Tritour/L-109LPC44MWHMWH, Tritour/L-109LPC44MBKDB, Tritour/L-109LPC52MWHMWH, Tritour/L-109LPC52MBKDB, Delta Led/L-816L60Bnmbk, and Helium/L-ERTE1708065MWH. Lumight LLC is committed to providing high-quality products and customer support.",Production | Distribution,Active,lumight.webflow.io,lumight.webflow.io,,,30,modelled,0,17179892849
17179892974,VASQ PR,,VASQ PR,,,,,,,,,,,,,,Private,,,,,,Services,Professional Services,Public Relations Agencies,541820,Public Relations Agencies,,,Public Relations Agencies,Marketing & Advertising Agencies,Advertising & Marketing,,,,,,https://vasqpr.com/,vasqpr.com,com,,,,,,,,,,,,,,,,,8743,Public Relations Services,7020,Management consultancy activities,70.21 | 70.22,Public relations and communication activities | Business and other management consultancy activities,2021-09-16 15:00:30,2024-06-01 03:45:03.602,,,,Active,,,,,,,,17179892974
17179893068,Defence Composites,Defence Composites Limited,Defence Composites,GB,United Kingdom,England,,Rochdale,OL12 6AW,Primrose Street,Unit 1,53.619358,-2.1705345,"Unit 1 Primrose Street Rochdale, Lancashire OL12 6AW","GB, United Kingdom, England, Rochdale, OL12 6AW, Primrose Street, Unit 1, 53.619358, -2.1705345",1,Private,2000,,"Defence Composites is a medical supply manufacturer based in Rochdale, United Kingdom.","The core of Defence Composites business has grown from our development of stab vests in 2008. Established in 2000 by Craig Mills, Defence Composites has built a long standing reputation in the Body Armour and Composites Industry. Driven by a passion for innovative design for new materials and processes we are constantly developing unique manufacturing methods from our facilities in Greater Manchester, UK. With over 25 years experience in the Body Armour industry, Craig's experience of designing lightweight armour and his knowledge of composite materials gives the company the advantage of a unique level of expertise. Defence Composites' ability to design and manufacture an expanding range of high performance protective materials, body armour , clothing and personal protective equipment (PPE) is recognised by a number of high profile industry partners. Our core business is based around stab, ballistic and multi-threat body armour designed for the Police, Security and Defence markets. Depending upon the product type, market sector or geographical location, Defence Composites can trade in a variety of markets with prospective buyers and distributors.",Body Armours | Personal Protective Equipment | Bullet Resistant | Protective Clothing | Cut Resistant Gloves | Sea Scouts | Hypodermic Needle | Edged Weapons | Threat Protection | Security & Defence | Protecting Lives | Mould Services | Care Guides | Health Care | Rifle Shooting | Ballistic Protection | Shooting Targets | Range Equipment | Outdoor Ranges | Web Designing | Material Supply | Design & Development | Storage & Bags | Equipment & Supplies,Manufacturing,Capital Products,Medical Supply and Devices,339113,Surgical Appliance and Supplies Manufacturing,,,Medical Supply Manufacturers,Medical Equipment & Supplies,Other Capital Goods,+441706342015,+441706342015,info@defencecomposites.co.uk,info@defencecomposites.co.uk,,https://defencecomposites.co.uk/,defencecomposites.co.uk,co.uk,en,https://www.facebook.com/defencecomposites/,,https://www.instagram.com/defencecomposites/,https://www.linkedin.com/company/defence-composites,,,,,,"Apparel, Accessories & Footwear",CG-AA,Apparel & Textiles,CG.1,Consumer Goods,CG,3069 | 3089 | 3842 | 3851 | 5999 | 3821 | 2599 | 3841 | 2499,"Fabricated Rubber Products, NEC (rubber gloves, inflatable rubber lifejackets) | Plastics Products, NEC (inflatable plastic life jackets) | Orthopedic, Prosthetic, and Surgical Appliances and Supplies (except electronic hearing aids, incontinent pads, anatomical models, and bed pads) | Ophthalmic Goods (intraoccular lenses, i.e., surgical implants) | Miscellaneous Retail Stores, NEC (manufacture of orthopedic devices to prescription in a retail environment) | Laboratory Apparatus and Furniture | Furniture and Fixtures, NEC (hospital beds) | Surgical and Medical Instruments and Apparatus (operating room tables) | Wood Products, NEC (cork life preservers)",2100 | 2651 | 2813 | 3092 | 3250 | 3290,"Manufacture of pharmaceuticals, medicinal chemical and botanical products | Manufacture of measuring, testing, navigating, and control equipment | Manufacture of other pumps, compressors, taps and valves | Manufacture of bicycles and invalid carriages | Manufacture of medical and dental instruments and supplies | Other manufacturing n.e.c.",21.2 | 21.1 | 32.5 | 30.92 | 28.14 | 28.13 | 26.51 | 32.99 | 32.91,"Manufacture of pharmaceutical preparations | Manufacture of basic pharmaceutical products | Manufacture of medical and dental instruments and supplies | Manufacture of bicycles and invalid carriages | Manufacture of other taps and valves | Manufacture of other pumps and compressors | Manufacture of instruments and appliances for measuring, testing and navigation | Other manufacturing n.e.c. | Manufacture of brooms and brushes",2020-04-22 04:30:12,2024-12-03 04:12:15,35,"Defence Composites, legally known as Defence Composites Limited, based in Rochdale, England, specializes in the design and manufacture of body armour, personal protective equipment (Ppe), and materials and composites. Established in 2000 by Craig Mills, the company has over 25 years of experience in the body armour industry. Defence Composites produces a range of products including stab vests, bullet-resistant vests, and multi-threat body armour for police, security, and defense markets. The company collaborates with research and development teams for new product development and sells directly to end-users. Their products are manufactured in the UK and meet Iso9001 and Iso14001 quality management standards.",Bulletproof Vests Manufacturer | Cut Resistant Gloves | Composite Materials Manufacturer | Backstop Safety Curtains | Body Armor Manufacturer | Low Profile Stab Vests | PPE Clothing Manufacturer,Active,defencecomposites.co.uk,defencecomposites.co.uk,22420964,modelled,75,modelled,35,17179870539
17179893074,Paragraaf 32,,Paragraaf 32,NL,Netherlands,Gelderland,,Barneveld,3771 KV,Wethouder Zandbergenlaan,6,52.1497607,5.5829154,Wethouder Zandbergenlaan 6 3771 KV Barneveld Afleveradres Harselaarseweg 28 3771 MB Barneveld,"NL, Netherlands, Gelderland, Barneveld, 3771 KV, Wethouder Zandbergenlaan, 6, 52.1497607, 5.5829154",1,Private,,,"Paragraaf 32 is a fences & ornamental metal work company based in Barneveld, Netherlands.","Uw partner voor stalen trappen en balustrades. Paragraaf 32 is uw professionele partner op het gebied van stalen trappen, balustrades en hekwerken op maat. Wij zijn gespecialiseerd in het ontwerpen, maken en plaatsen van elke vorm en maat stalen trap en balustrade. Bent u op zoek naar een industriële stalen trap voor een bedrijfshal. Stalen trappen met materialen zoals glas, rvs, hout of beton kunnen wij allemaal voor u realiseren. Of het nou een moderne, strakke trap is met staal en rvs, of juist een klassieke, sierlijke wenteltrap; geen ontwerp is ons te gek. Vanaf stap een denken wij met u mee over de trappen en balustrades. Oog voor de gebruikersfunctie van de trap. Maar ook voor de particulier die een stalen trap in zijn woning wil, staan wij klaar. Het maakt niet uit wie onze opdrachtgever is, goede communicatie en kwaliteit vinden wij altijd belangrijk. Wij geloven dat door persoonlijk contact je een goede zakenrelatie met elkaar opbouwt.",Balustrades | Steel Stairs | Contractors & Architects,Manufacturing,Capital Products,Fences & Ornamental Metal Work,332323,Ornamental and Architectural Metal Work Manufacturing,,,Fences & Ornamental Metal Work,Processed Metal,Raw Materials,+31342701070,+31342701070 | +31657924886 | +31342221700,info@sterckmetaal.nl,,,https://paragraaf32.nl/,paragraaf32.nl,nl,nl,https://www.facebook.com/Paragraaf-32-106184735068053/,,https://www.instagram.com/paragraaf32/,https://www.linkedin.com/company/paragraaf-32,,,,,,Iron & Steel Producers,EM-IS,Metals & Mining,EM.3,Extractives & Minerals Processing,EM,3523 | 3446 | 3449,"Farm Machinery and Equipment (corrals, stalls, and holding gates) | Architectural and Ornamental Metal Work | Miscellaneous Structural Metal Work (curtain wall and metal plaster bases and lath)",2511 | 2599,Manufacture of structural metal products | Manufacture of other fabricated metal products n.e.c.,25.92 | 25.99 | 25.94 | 25.91 | 25.93 | 25.11 | 25.12,"Manufacture of light metal packaging | Manufacture of other fabricated metal products n.e.c. | Manufacture of fasteners and screw machine products | Manufacture of steel drums and similar containers | Manufacture of wire products, chain and springs | Manufacture of metal structures and parts of structures | Manufacture of doors and windows of metal",2022-05-02 23:54:04,2024-12-06 01:37:33,24,"Paragraaf 32 is a company based in Barneveld, Gelderland, specializing in the design, manufacture, and installation of custom steel stairs, balustrades, and railings. The company offers a range of steel products including industrial and design stairs, made from materials such as glass, stainless steel, wood, and concrete. Paragraaf 32 serves contractors, architects, and private clients, providing tailored solutions for various projects, from corporate office spaces to residential homes. The company emphasizes strong steelwork, innovative designs, and maintaining high standards of quality and communication with clients.","Custom Fences | Customization Services | Installation Services | Design Services | Design, Manufacturing, and Installation Services",Active,paragraaf32.nl,paragraaf32.nl,5406096,modelled,30,modelled,24,17179876648
17179893196,Gateways to Brilliance,,Gateways to Brilliance,US,United States,Minnesota,,Eden Prairie,55346,Irvine Circle,7184,44.87376348987791,-93.51293181629579,7184 Irvine Circle,"US, United States, Minnesota, Eden Prairie, 55346, Irvine Circle, 7184, 44.87376348987791, -93.51293181629579",,,,,,Carolyn works as a Sound Healer integrating many modalities utilizing a mind-body-spirit.,"Mind, Body & Spirit",,,,,,,,,,,+16123255162,+16123255162,carolyn@carolynvinup.com,,,https://www.gatewaystobrilliance.com/,gatewaystobrilliance.com,com,,https://www.facebook.com/GatewaystoBrilliance/,,,,,,,,,,,,,,,,,,,,,2024-07-22 19:01:35.804,2024-08-09 23:59:21.567,,Carolyn is a Sound Healer who specializes in various modalities that integrate mind-body-spirit techniques.,Sound Healing Services | Health and Wellness Services,Active,,,,,,,,17179878987
17179893307,EXPERTINA LIMITED,EXPERTINA LIMITED,,GB,United Kingdom,England,,Surbiton,,,,,,"Surbiton, United Kingdom","GB, United Kingdom, England, Surbiton, , , , 51.3937557, -0.3033105",1,Private,,,"EXPERTINA LIMITED is a business consulting company based in Surbiton, United Kingdom.",,Management Consulting Services | Business Consulting,Services,Professional Services,Business Consulting,541611,Administrative Management and General Management Consulting Services,,,Business Consulting,Business Consulting,Other Professional Services,+442037445603,+442037445603,,,,https://www.expertina.co.uk/,expertina.co.uk,co.uk,,https://www.facebook.com/pages/Expertina/707314942688784,https://twitter.com/ExpertinaTweets,,http://www.linkedin.com/company/expertina-limited,,,,,,,,,,,,8742,Management Consulting Services (administrative management and general management consulting),7020,Management consultancy activities,70.21 | 70.22,Public relations and communication activities | Business and other management consultancy activities,2024-03-25 14:12:14.995,2024-03-25 14:12:14.995,,,,Active,expertina.co.uk,expertina.co.uk,,,,,,17179877607
17179893352,Tangle Chocolate,,Tangle Chocolate,US,United States,Massachusetts,,Northampton,,,,,,", Northampton, Massachusetts, United States","US, United States, Massachusetts, Northampton, , , , 42.3178989, -72.6311006",,,,,,,,,,,,,,,,,,+14132008062,+14132008062,,,,https://www.tanglechocolate.com/,tanglechocolate.com,com,,https://www.facebook.com/TangleChocolate,,https://www.instagram.com/tanglechocolate/,http://www.linkedin.com/company/tangle-chocolate,,,,,,,,,,,,,,,,,,2024-02-21 18:42:17.703,2024-02-21 18:42:17.703,,,,Active,tanglechocolate.com,tanglechocolate.com,,,1,extracted,,17179871587
17179893424,Christiane Rainville,,Christiane Rainville,CA,Canada,Quebec,,Sherbrooke,,,,,,", Sherbrooke, Quebec, Canada","CA, Canada, Quebec, Sherbrooke, , , , 45.403271, -71.889038",,,,,,,,,,,,,,,,,,+18195634520,+18195634520,,,,https://www.christianerainville.com/,christianerainville.com,com,,,,,http://www.linkedin.com/company/christiane-rainville,,,,,,,,,,,,,,,,,,2024-02-16 01:04:50.282,2024-02-16 01:04:50.282,,,,Active,,,,,,,,17179874090
17179893592,The Clumber Inn,,The Clumber Inn,GB,United Kingdom,England,,Retford,DN22 7RJ,Wharncliffe Road,,,,"Wharncliffe Road, East Retford, DN22 7RJ","GB, United Kingdom, England, Retford, DN22 7RJ, Wharncliffe Road, , 53.3101832, -0.9499899",,,,,,,,,,,,,,,,,,,,,,,https://www.clumberinn.co.uk/,clumberinn.co.uk,co.uk,,,,https://www.instagram.com/the_clumber/,,,,,,,,,,,,,,,,,,,2024-07-17 00:30:18.202,2024-10-20 06:32:32.891,,,,Active,,,,,,,,17179870578
17179893940,Newfound Sushi,,Newfound Sushi,CA,Canada,Newfoundland And Labrador,,Corner Brook,,,,,,"Corner Brook, NL","CA, Canada, Newfoundland and Labrador, Corner Brook, , , , 48.95317, -57.947388",1,Private,,,"Newfound Sushi is a japanese & sushi restaurant based in Corner Brook, Newfoundland and Labrador, Canada.","It's the weekend, & what's on your dinner plate. Who wants to spend their evening cooking supper on a beautiful hot day like today? …Nobody. Many of our menu items contain raw seafood. We strive to have a wide range of styles of craft beer on tap. Check the craft beer menu boards for details.",Sashimi | Sushi | Green Onions | Shiitake Mushrooms | Lemon Juice | Party Platter | Black Garlic | Wasabi | Sesame Seed | Arctic Char | Egg Noodles | Snow Crab | Simple Syrups | Sushi Platters | Craft Beers | Sides & Sauces | Sushi And Sashimi | Cream Cheese | Strawberry Margarita | Vermicelli & Noodles | Ice Cream | Veggie Rolls | Signature Rolls | Steamed Bun | Yellowfin Tuna | Non Alcoholics | Seaweed Salad | Cocktail List | Bluefin Tuna | Soft Drinks | White Wines | Gluten Free | Sushi Bars | Red Wines | Roasted Coffee | Craft Beer Menu | Cranberry Juices | Maki Sushi | Sea Foods | Dinner Plate | White Rum | Dips And Sauces | Belly Pans | Teriyaki Sauce | Local Crafts | Bell Peppers | Sushi Rice | Soy Sauce | Noodles | Soybeans | Mojito | Dumplings | Seaweed | Udon | Food Allergy | User Experience | Marketing Campaigns,Services,Consumer Services,Full-Service Restaurants,722511,Full-Service Restaurants,,,Japanese & Sushi Restaurants,Restaurants,Accommodation & Food Services,+17096346666,+17096346666,,,,https://newfoundsushi.com/,newfoundsushi.com,com,en,https://www.facebook.com/pages/Newfound-Sushi/231968193550788/,,https://www.instagram.com/newfoundsushiizakaya/,,,,,,,Restaurants,FB-RN,Restaurants,FB.4,Food & Beverage,FB,5812,Eating Places (full-service restaurants),5610,Restaurants and mobile food service activities,56.1,Restaurants and mobile food service activities,2019-11-23 23:52:33,2024-11-01 06:41:34,10,"Newfound Sushi is a restaurant located in Corner Brook, Newfoundland and Labrador. The establishment offers a variety of sushi and ramen dishes, including small plates, sushi rolls, and various types of ramen. The menu features both traditional and creative sushi options, such as the Torched Mackerel, Veggie Gyoza, and Sushi Pizza. Newfound Sushi also provides a selection of craft beers and non-alcoholic beverages. The restaurant is known for its use of local seafood and offers gluten-free and vegetarian options.",Sushi Restaurant | Veggie Tempura | Veggie Gyoza | Table Availability | Spicy Broccoli | Small Plates | Gift Cards | Tuna Tartare | Calamari Dishes | California Roll | Miso Soup | Cod Bao Bun | Veggie Philly | Edamame Dish | Take-out Services | Party-size Options | Torched Mackerel | Reservation Services | Avocado Pizza,Active,newfoundsushi.com | sushionthego.ca,newfoundsushi.com | sushionthego.ca,622880,modelled,15,modelled,10,17179871487
17179894514,SINA COVA Shinakoba Matsuyamaten,,SINA COVA Shinakoba Matsuyamaten,JP,Japan,Ehime Prefecture,,Matsuyama,790-0001,National Highway Route 11,,,,"Japan, 〒790-0001 Ehime, Matsuyama, Ichibancho, 3 Chome−２−1","JP, Japan, Ehime Prefecture, Matsuyama, 790-0001, National Highway Route 11, , 33.840939999999996, 132.7687989",1,Private,,,"SINA COVA Shinakoba Matsuyamaten is a clothing store based in Matsuyama, Japan.",,,Retail,Nondurable Products,Clothing,458110,Clothing and Clothing Accessories Retailers,,,Clothing Stores,Clothing,"Apparel, Accessories & Footwear",+81899470319,+81899470319,,,,http://www.sinacova.co.jp/about/shop/matsuyama.html,sinacova.co.jp,co.jp,,,,,,,,,,,,,,,,,5137 | 5641 | 5137 | 5651 | 5632 | 5611 | 5699 | 5411 | 5621 | 5137 | 5961 | 5961 | 5136 | 5961 | 5431 | 5699 | 5963 | 5142 | 5632 | 5421 | 5136 | 5611 | 5621,"Women's, Children's, and Infants' Clothing and Accessories (selling a general line of womens clothing via retail method) | Children's and Infants’ Wear Stores | Women's, Children's and Infants' Clothing and Accessories (selling a general line of children's and infants' clothing via retail method) | Family Clothing Stores | Women's Accessory and Specialty Stores (accessories) | Men’s and Boys’ Clothing and Accessory Stores (accessories) | Miscellaneous Apparel and Accessory Stores (accessories) | Grocery Stores (frozen food and freezer plan providers) | Women's Clothing Stores (dress shops and bridal shops) | Women’s, Children’s, and Infants’ Clothing and Accessories (uniforms and work clothing sold via retail method) | Catalog and Mail-Order Houses (mail-order houses) | Catalog and Mail-Order Houses (electronic auctions) | Men's and Boys' Clothing and Furnishings (uniforms and work clothing sold via retail method) | Catalog and Mail-Order Houses (electronic shopping web sites) | Fruit and Vegetable Markets (temporary fruit and vegetable stands) | Miscellaneous Apparel and Accessory Stores (miscellaneous apparel except accessories and custom tailors) | Direct Selling Establishments (except mobile food services and food wagons) | Packaged Frozen Foods (frozen food sold via retail method) | Women’s Accessory and Specialty Stores (specialty stores) | Meat and Fish (Seafood) Markets, Including Freezer Provisioners (freezer provisioners) | Men's and Boys' Clothing and Furnishings (men's and boys' apparel, except uniforms and work clothing, sold via retail method) | Men's and Boys' Clothing and Accessory Stores (clothing stores) | Women's Clothing Stores (except dress shops and bridal shops)",4771 | 4773 | 4782 | 4791 | 4799,"Retail sale of clothing, footwear and leather articles in specialized stores | Other retail sale of new goods in specialized stores | Retail sale via stalls and markets of textiles, clothing and footwear | Retail sale via mail order houses or via Internet | Other retail sale not in stores, stalls or markets",47.76 | 47.77 | 47.78 | 47.99 | 47.91 | 47.82 | 47.71 | 47.72,"Retail sale of flowers, plants, seeds, fertilisers, pet animals and pet food in specialised stores | Retail sale of watches and jewellery in specialised stores | Other retail sale of new goods in specialised stores | Other retail sale not in stores, stalls or markets | Retail sale via mail order houses or via Internet | Retail sale via stalls and markets of textiles, clothing and footwear | Retail sale of clothing in specialised stores | Retail sale of footwear and leather goods in specialised stores",2024-05-24 10:18:34.077,2024-07-05 02:59:57.195,,"SINA COVA (Shinakoba) Matsuyamaten is a clothing store located in Matsuyama, Ehime Prefecture, Japan.",Clothing and Accessories Retail | Credit Card Payment,Active,,,,,,,,17179869202
17179894556,Vapor King USA,,Vapor King USA,US,United States,Texas,,McKinney,75071,Virginia Parkway,2310,33.1988957,-96.6425872,"2310 Virginia Pkwy STE 120, McKinney, TX 75071, United States","US, United States, Texas, McKinney, 75071, Virginia Parkway, 2310, 33.1988957, -96.6425872",1,Private,,,"Vapor King USA is a vaporizer store based in McKinney, Texas, United States.","E-cigarette retailer stocked with starter kits, juices, devices & a range of vaping accessories.",,Retail,Nondurable Products,Cigar and Tobacco,459991,"Tobacco, Electronic Cigarette, and Other Smoking Supplies Retailers",,,Vaporizer Stores,Tobacco,Other Nondurable Products,+19723690153,+19723690153,,,,http://vaporkingusa.com/,vaporkingusa.com,com,,https://www.facebook.com/vaporkingusa/,,,,,,,,,,,,,,,5194 | 5961 | 5411 | 5421 | 5961 | 5199 | 5993 | 5162 | 5431 | 5085 | 5961 | 5113 | 5999 | 5963 | 5142,"Tobacco and Tobacco Products (sold via retail method) | Catalog and Mail-Order Houses (electronic auctions) | Grocery Stores (frozen food and freezer plan providers) | Meat and Fish (Seafood) Markets, Including Freezer Provisioners (freezer provisioners) | Catalog and Mail-Order Houses (mail-order houses) | Nondurable Goods, NEC (smokers' supplies sold via retail method) | Tobacco Stores and Stands | Plastics Materials and Basic Forms and Shapes (plastics materials, forms, and basic shapes sold via retail method) | Fruit and Vegetable Markets (temporary fruit and vegetable stands) | Industrial Supplies (sold via retail method) | Catalog and Mail-Order Houses (electronic shopping web sites) | Industrial and Personal Service Paper (industrial and personal service paper sold via retail method) | Miscellaneous Retail Stores, NEC  (except art dealers, pet and pet supplies, hearing aids, artificial limbs, cosmetics, telephones, sunglasses, manufacture of orthopedic devices to prescription in a retail environment, and typewriters) | Direct Selling Establishments (except mobile food services and food wagons) | Packaged Frozen Foods (frozen food sold via retail method)",4723 | 4781 | 4791 | 4799,"Retail sale of tobacco products in specialized stores | Retail sale via stalls and markets of food, beverages and tobacco products | Retail sale via mail order houses or via Internet | Other retail sale not in stores, stalls or markets",47.99 | 47.26 | 47.81 | 47.91,"Other retail sale not in stores, stalls or markets | Retail sale of tobacco products in specialised stores | Retail sale via stalls and markets of food, beverages and tobacco products | Retail sale via mail order houses or via Internet",2021-11-05 18:00:13,2024-10-29 06:16:55.471,,"Vapor King USA is a business located in McKinney, Texas, United States. It operates as a vaporizer store, cigar shop, lounge, and tobacco shop. The store offers a variety of products including starter kits, juices, devices, and vaping accessories.",Starter Kits | Electronic Cigarette | Lounge Area | Tobacco Shops | Vaporizer Store | Smoking Accessories Retailer,Active,,,,,,,,17179871792
17179894577,H.M. Floral Studio,,H.M. Floral Studio,US,United States,Illinois,,Chicago,60622,North Damen Avenue,921,41.89842409999999,-87.6768622,"921 N Damen Ave APT 1, Chicago, IL 60622","US, United States, Illinois, Chicago, 60622, North Damen Avenue, 921, 41.89842409999999, -87.6768622",1,Private,,,"H.M. Floral Studio is a florist based in Chicago, Illinois, United States.",,,Retail,Nondurable Products,Florists,459310,Florists,,,Florists,Florists & Herbalists,Other Nondurable Products,+12248800030,+12248800030,,,,http://www.hmfloralstudio.com/,hmfloralstudio.com,com,,,,,,,,,,,,,,,,,5963 | 5142 | 5411 | 5961 | 5421 | 5961 | 5961 | 5992 | 5431,"Direct Selling Establishments (except mobile food services and food wagons) | Packaged Frozen Foods (frozen food sold via retail method) | Grocery Stores (frozen food and freezer plan providers) | Catalog and Mail-Order Houses (electronic auctions) | Meat and Fish (Seafood) Markets, Including Freezer Provisioners (freezer provisioners) | Catalog and Mail-Order Houses (mail-order houses) | Catalog and Mail-Order Houses (electronic shopping web sites) | Florists | Fruit and Vegetable Markets (temporary fruit and vegetable stands)",4773 | 4789 | 4791 | 4799,"Other retail sale of new goods in specialized stores | Retail sale via stalls and markets of other goods | Retail sale via mail order houses or via Internet | Other retail sale not in stores, stalls or markets",47.91 | 47.76 | 47.77 | 47.78 | 47.89 | 47.99,"Retail sale via mail order houses or via Internet | Retail sale of flowers, plants, seeds, fertilisers, pet animals and pet food in specialised stores | Retail sale of watches and jewellery in specialised stores | Other retail sale of new goods in specialised stores | Retail sale via stalls and markets of other goods | Other retail sale not in stores, stalls or markets",2021-07-26 21:44:14,2024-10-28 17:26:17.02,,"H.M. Floral Studio is a business located in Chicago, Illinois, United States. It operates as a florist, offering services in flower delivery and flower design.",Curbside Pickup | Beautiful Bouquets | Flower Design Services | In-store Pickup | Flower Delivery Services,Active,,,,,,,,17179881999
17179894582,Unsigned Group,,Unsigned Group,GB,United Kingdom,England,,London,EC1V 1LJ,City Road,,,,EC1V 1LJ,"GB, United Kingdom, England, London, EC1V 1LJ, City Road, , 51.53105, -0.10165",,,,,,,,,,,,,,,,,,,,,,,https://www.unsignedgrp.com/,unsignedgrp.com,com,,,,https://www.instagram.com/unsignedgrp/,,,,,,,,,,,,,,,,,,,2024-07-18 07:36:17.908,2024-10-20 16:31:41.972,,,,Active,,,,,,,,17179881642
17179894583,Herbert Grill,,Herbert Grill,AT,Austria,Upper Austria,,Bad Goisern Am Hallstättersee,4822,,,,,", Bad Goisern, Upper Austria, Austria","AT, Austria, Upper Austria, Bad Goisern am Hallstättersee, 4822, , , 47.6408949, 13.61648",,,,,,"Wir sind ein Testkauf-Unternehmen mit Spezialisierung auf die Erstellung von Testerhebungen für Mitarbeiter/innen in Handels-, Handwerks-, Dienstleistungsunternehmen und Gastronomie.",,,,,,,,,,,,,,,,,https://www.griling.at/,griling.at,at,,,,,http://www.linkedin.com/company/herbert-grill,,,,,,,,,,,,,,,,,,2024-11-11 12:31:45.385,2024-11-11 12:31:45.385,,,,Active,,,,,,,,17179888733
17179894728,Shenglong Homemaking,,Shenglong Homemaking,CN,China,Beijing,,Xicheng District,100032,红联村小街,,,,"China, Beijing, Xicheng District, 北太平庄西直门北大街辅路 邮政编码: 100082","CN, China, Beijing, Xicheng District, 100032, 红联村小街, , 39.948693999999996, 116.35571900000001",,,,,,,,,,,,,,,,,,+861062278816,+861062278816,,,,http://s.haojiazheng.net/bjjz238,haojiazheng.net,net,,,,,,,,,,,,,,,,,,,,,,,2024-05-21 18:01:12.09,2024-05-21 18:01:12.09,,"Shenglong Homemaking is a company based in the Xicheng District of Beijing, China.",Soap and Detergent Manufacturing | Production,Active,,,,,,,,17179883044
17179894786,ONTV BRASIL,,ONTV BRASIL,BR,Brazil,São Paulo,,Osasco,,,,,,"Osasco, São paulo, Brazil","BR, Brazil, São Paulo, Osasco, , , , ,",,,,,,,Consumer Electronics,,,,,,,,,,,,,,,,https://www.ontvbrasil.com.br/,ontvbrasil.com.br,com.br,,https://www.facebook.com/ontvbrasil.com.br/,,,http://www.linkedin.com/company/ontv-brasil,,,,,,,,,,,,,,,,,,2024-02-19 08:46:03.126,2024-03-08 01:39:57.54,,,,Active,,,,,,,,17179869864
17179894872,Ferrolar,,Ferrolar,BR,Brazil,Santa Catarina,,Florianópolis,,,,,,"Florianópolis, State of Santa Catarina, Brazil","BR, Brazil, Santa Catarina, Florianópolis, , , , ,",,,,,,,Retail,,,,,,,,,,,,,,,,https://www.ferrolar.com.br/,ferrolar.com.br,com.br,,,,,http://www.linkedin.com/company/ferrolar,,,,,,,,,,,,,,,,,,2024-03-26 18:08:33.131,2024-03-26 18:08:33.131,,,,Active,ferrolar.com.br,ferrolar.com.br,,,4,extracted,,17179881926
17179894878,Village Medical,,Village Medical,US,United States,Arizona,,Mesa,85207,East Brown Road,6828,33.4384617,-111.6827414,"6828 E Brown Rd STE 102, Mesa, AZ 85207, United States","US, United States, Arizona, Mesa, 85207, East Brown Road, 6828, 33.4384617, -111.6827414",1,Private,,,"Village Medical is a surgeons & physicians clinic based in Mesa, Arizona, United States.","Village Medical provides comprehensive primary care services. Our doctors and staff partner with you to understand your needs, and focus not just on treatment, but also education, prevention, and chronic health issues. Our providers combine their knowledge and compassion with the tools and technology needed to help create healthier, happier lives for their patients. At Village Medical, we believe more connected care means more complete primary care.",,Services,Consumer Services,General Hospitals,622110,General Medical and Surgical Hospitals,,,Clinics - Surgeons & Physicians,Hospitals & Clinics,Health Care & Social Assistance,+14805730379,+14805730379,,,,https://www.villagemedical.com/locations/arizona/6828-e-brown-rd-suite-102-mesa-az-85207%3Futm_source%3Dgmb%26utm_medium%3Dprofile%26utm_campaign%3Dvillagemedical_organic-search_location&opi=79508299&sa=U&ved=0ahUKEwiS7_6r_OCHAxU-U0EAHUjALX8Q61gIFCgQ&usg=AOvVaw2nnfJQvzH48mt4IzyslUo1,villagemedical.com,com,,,,,,,,,,,,,,,,,8062 | 8069,"General Medical and Surgical Hospitals | Specialty Hospitals, Except Psychiatric (children’s hospitals)",8610,Hospital activities,86.1,Hospital activities,2023-04-28 14:39:06.328,2024-08-06 23:07:11.545,,"Village Medical is a medical clinic located in Mesa, Arizona, United States.",Parking Lot | Wheelchair Accessible Entrance | Bathroom Facilities | Medical Clinic | Accessible Healthcare Services | Patient Acceptance,Active,,,,,,,,17179869826
17179895007,Jersey County Grain Company,Jersey County Grain Company,,US,United States,Illinois,,Jerseyville,62052,East Exchange Street,426,39.12187599742141,-90.32341887205388,"426 E Exchange St, Jerseyville, Illinois, 62052-1715, United States","US, United States, Illinois, Jerseyville, 62052, East Exchange Street, 426, 39.12187599742141, -90.32341887205388",,,,,,,,,,,,,,,,,,+16185762519,+16185762519,,,,https://www.jerseycountygrain.com/,jerseycountygrain.com,com,,,,,http://www.linkedin.com/company/jersey-county-grain-company,,,,,,,,,,,,,,,,,,2024-11-10 17:59:44.433,2024-11-10 17:59:44.433,,,,Active,,,,,,,,17179872461
17179895074,Kober peuteropvang en bso de Appel,,Kober peuteropvang en bso de Appel,NL,Netherlands,North Brabant,,Roosendaal,4703 JA,Van Goghlaan,9b,51.536908000000004,4.4452001999999995,"Van Goghlaan 9B, 4703 JA Roosendaal, Netherlands","NL, Netherlands, North Brabant, Roosendaal, 4703 JA, Van Goghlaan, 9b, 51.536908000000004, 4.4452001999999995",1,Private,,,"Kober peuteropvang en bso de Appel is a daycare center based in Roosendaal, Netherlands.",,,Services,Consumer Services,Daycare Centers,624410,Child Care Services,,,Daycare Centers,Social Services,Health Care & Social Assistance,+31883036780,+31883036780,,,,https://www.kober.nl/locaties/de-appel/,kober.nl,nl,,,,,,,,,,,,,,,,,8351,Child Day Care Services,8890,Other social work activities without accommodation,88.99 | 88.91,Other social work activities without accommodation n.e.c. | Child day-care activities,2024-05-30 04:42:43.854,2025-01-04 17:28:00.965,,"Kober Puntersopvang en Bso de Appel is a service provider located in Roosendaal, Netherlands. The company operates in the fields of childcare, offering services as an assistant maternal, family day care, and preschool.",Day Care Services | Preschool Education Services | Maternal Assistant Services | Service Provider,Active,,,,,,,,17179871112
17179895276,Avizinis,Avizinis Environmental Services Inc.,Avizinis | AVIZINIS ENVIRONMENTAL SERVICES,US,United States,Rhode Island,,,,,,,,,"US, United States, Rhode Island, , , , , 41.7962409, -71.5992372",1,Private,,,"Avizinis is an environmental engineering services company based in Rhode Island, United States.","OWTS (septic) design and stormwater management design. Avizinis Environmental Services, Inc. (AES) is a licensed and insured consulting firm with expertise in a broad range of environmental services. AES is here to help you execute the quickest and most effective permitting pathway for your project and your budget. Freshwater or coastal, AES has years of experience flagging wetlands.",Environmental Service | Wetlands | Wetland Delineation | Development Permits | Vegetation Surveys | Stormwater Management Design | Design & Planning | Boat Ramps | Aquatic Planting | Soil Types | Native Species | Septic Design | Insurance Consultancy | GPS Units | Coastal Wetlands | Shrubs & Trees,Services,Professional Services,Engineering Services,541620,Environmental Consulting Services,,,Environmental Engineering Services,Engineering Services,Architecture & Engineering Services,+14017102161,+14017102161,edward@avizinis.com,,,https://www.avizinis.com/,avizinis.com,com,en,,,https://www.instagram.com/aes_avizinis/,,,,,,,Engineering & Construction Services,IF-EN,Infrastructure,IF.2,Infrastructure,IF,8999,"Services, NEC (environmental consultants)",7490,"Other professional, scientific and technical activities n.e.c.",74.9 | 74.3,"Other professional, scientific and technical activities n.e.c. | Translation and interpretation activities",2020-09-25 05:36:43,2024-11-29 07:30:31,5,"Avizinis, legally known as Avizinis Environmental Services Inc., is a licensed and insured consulting firm based in Charlestown, Rhode Island. The company specializes in a variety of environmental services, including the design of Onsite Wastewater Treatment Systems (Owts), stormwater management, wetland delineation, invasive species removal and transplantation, submerged aquatic vegetation surveys, wetland replication and restoration, and plan development and permitting. AES is dedicated to providing efficient and effective environmental solutions to support project execution and regulatory compliance.",Stormwater Management Design Services | Septic Design and Installation Services | Environmental Consulting Services,Active,avizinis.com,avizinis.com,5157391,modelled,30,modelled,5,17179878939
17179895452,Paperless Post,,Paperless Post,,,,,,,,,,,,,,,,,,,,,,,,,,,,,,,,,,,https://www.paperlesspost.com/,paperlesspost.com,com,,https://www.facebook.com/paperlesspost/,,,,,,,,,,,,,,,,,,,,,2022-05-20 22:34:51.803,2023-08-11 04:43:46.466,,,,Active,,,,,,,,17179895452
17179895599,Horsham Fire Company,Horsham Fire Company,,US,United States,Pennsylvania,,Horsham,19044,Meetinghouse Road,315,40.18408862695686,-75.12986734679242,"315 meetinghouse rd, 19044, horsham, pa, pennsylvania","US, United States, Pennsylvania, Horsham, 19044, Meetinghouse Road, 315, 40.18408862695686, -75.12986734679242",,,,,,,,,,,,,,,,,,+12156759859,+12156759859,,,,https://www.horshamfire15.com/,horshamfire15.com,com,,https://www.facebook.com/285273514928599/,,,,,,,,,,,,,,,,,,,,,2021-06-22 23:44:07,2023-08-09 01:09:32.184,,,,Active,,,,,,,,17179869212
17179895646,American Trust Center,,American Trust Center,US,United States,North Dakota,,Bismarck,58501,North 4th Street,401,46.808691,-100.78596,"401 N 4th St Ste 301, Bismarck, ND 58501","US, United States, North Dakota, Bismarck, 58501, North 4th Street, 401, 46.808691, -100.78596",,,,,,,,,,,,,,,,,,+17013554820,+17013554820,,,,https://www.bravera.bank/about/meet-our-team,bravera.bank,bank,,https://www.facebook.com/braverabank/,https://twitter.com/braverabank,https://www.instagram.com/braverabank/,https://www.linkedin.com/company/braverabank,,,,,,,,,,,,,,,,,,2023-09-03 23:50:47.983,2023-09-04 01:21:30.121,,,,Active,,,,,,,,17179878864
17179895896,ZAMARRIPA'S TIRE & AUTO SALES INC.,ZAMARRIPA'S TIRE & AUTO SALES INC.,,US,United States,Texas,,San Antonio,,,,,,", San Antonio, Texas, United States","US, United States, Texas, San Antonio, , , , 29.4246002, -98.4951405",,,,,,,,,,,,,,,,,,,,,,,https://www.zamarripas.com/,zamarripas.com,com,,,,,http://www.linkedin.com/company/zamarripa's-tire-&-auto-sales-inc.,,,,,,,,,,,,,,,,,,2024-11-08 00:39:42.864,2024-11-08 00:39:42.864,,,,Active,,,,,,,,17179870682
17179895990,FRUITY FEET MERCH,,FRUITY FEET MERCH,US,United States,Mississippi,,Biloxi,,,,,,", Biloxi, Mississippi, United States","US, United States, Mississippi, Biloxi, , , , 30.4007626, -88.8893818",,,,,,,,,,,,,,,,,,,,,,,https://www.fruityfeet.org/,fruityfeet.org,org,,,,,http://www.linkedin.com/company/fruity-feet-merch,,,,,,,,,,,,,,,,,,2024-07-25 18:58:46.93,2024-08-06 22:10:28.61,,,,Active,,,,,,,,17179874863
17179896016,Kunyit Restaurant at The Anvaya Beach Resort Bali,,Kunyit Restaurant at The Anvaya Beach Resort Bali,ID,Indonesia,Bali,,Kuta,80361,Jalan Kartika,,,,"The Anvaya Beach Resort Bali, Jl. Kartika Plaza, Kuta, Kec. Kuta, Kabupaten Badung, Bali 80361, Indonesia","ID, Indonesia, Bali, Kuta, 80361, Jalan Kartika, , -8.733008000000002, 115.16729600000001",,,,,,,,,,,,,,,,,,+623612090477,+623612090477,,,,http://www.theanvayabali.com/,theanvayabali.com,com,,,,,,,,,,,,,,,,,,,,,,,2023-05-23 20:28:53.769,2024-12-20 01:59:07.059,,"Kunyit Restaurant at The Anvaya Beach Resort Bali is a dining establishment located in Kuta, Bali, Indonesia. It specializes in Balinese and Satay cuisine.",Bathroom Facilities | Satay Restaurant | Hospitality Services | Balinese Cuisine | Alcoholic Beverages | Coffee Beverages | Food and Beverage Services | Cocktails | Wide Assortment of Dishes | Grilled Seafood Options | Wheelchair Accessible Entrance | Outdoor Seating Area,Active,,,,,,,,17179869648
17179896163,Dr. Larry A. Ulland MD,,Dr. Larry A. Ulland MD,US,United States,Florida,,Ocala,34471,Southeast 3rd Court,2980,29.158960900000004,-82.1320878,"2980 SE 3rd Ct, Ocala, FL 34471","US, United States, Florida, Ocala, 34471, Southeast 3rd Court, 2980, 29.158960900000004, -82.1320878",1,Private,,,"Dr. Larry A. Ulland MD is a nephrology clinic based in Ocala, Florida, United States.",,,Services,Consumer Services,Kidney Dialysis Centers,621492,Kidney Dialysis Centers,,,Nephrology Clinic,Hospitals & Clinics,Health Care & Social Assistance,+13526224231,+13526224231,,,,http://ocalakidneygroup.com/,ocalakidneygroup.com,com,,,,,,,,,,,,,,,,,8092,Kidney Dialysis Centers,8690,Other human health activities,86.9,Other human health activities,2022-09-15 07:43:57.856,2024-04-08 23:43:27.449,,"Dr. Larry A. Ulland, MD is a nephrologist based in Ocala, Florida, United States.",Medical Practice | Healthcare Services | Kidney Disease Treatment | Nephrology Services,Active,,,,,,,,17179870054
17179896316,Pizzeria 97 an,,Pizzeria 97 an,SE,Sweden,Värmland County,,Grums,664 34,Sveagatan,96,59.3527746,13.113268900000001,"Sveagatan 96, 664 34 Grums, Sweden","SE, Sweden, Värmland County, Grums, 664 34, Sveagatan, 96, 59.3527746, 13.113268900000001",1,Private,,,"Pizzeria 97 an is a restaurant based in Grums, Sweden.",,,Services,Consumer Services,Full-Service Restaurants,722511,Full-Service Restaurants,,,Restaurants,Restaurants,Accommodation & Food Services,+4655513133,+4655513133,,,,https://www.hotmat.se/restaurang/97an-grums,hotmat.se,se,,,,,,,,,,,,,,,,,5812,Eating Places (full-service restaurants),5610,Restaurants and mobile food service activities,56.1,Restaurants and mobile food service activities,2024-04-14 07:25:45.339,2025-01-07 08:12:15.852,,"Pizzeria 97:an is a pizza restaurant located in Grums, Värmland County, Sweden. The establishment offers a variety of services including dine-in, takeout, and outdoor seating. It serves lunch, dinner, and late-night food, and provides options for coffee and small plates. The restaurant is accessible and suitable for groups, children, and has facilities such as high chairs and a children's menu. Payment can be made via debit card.",Foodservice | Coffee Shop Services | Pizza Restaurant | Outdoor Seating Area | Bathroom Facilities | Late-night Food | Small Plates | Takeout Services | Childrens Menu | Wheelchair Accessible Entrance | Parking Lot,Active,,,,,,,,17179873147
17179896346,Tarsistax,,Tarsistax,ZA,South Africa,Gauteng,,Boksburg,1459,Caravelle Road,,,,"Caravelle Road, Impala Park, Boksburg, Gauteng, South Africa","ZA, South Africa, Gauteng, Boksburg, 1459, Caravelle Road, , -26.1636794, 28.2647911",1,Private,,,"Tarsistax is an other engineering services company based in Boksburg, South Africa.","Our goal is to deliver a WPS (White Paper Service), in the true sense of the words. You will not find complicated Methodologies, Concepts or Strategies with us. We provide HELIDECK SERVICE PACKAGES in the AFRICA region.",,Services,Professional Services,Engineering Services,541330,Engineering Services,,,Other Engineering Services,Engineering Services,Architecture & Engineering Services,,,tarsistax@gmail.com,,,https://www.tarsistax.com/,tarsistax.com,com,en,,,,,,,,,,Aerospace & Defense,RT-AE,Industrials,RT.1,Resource Transformation,RT,8711 | 8748,"Engineering Services | Business Consulting Services, NEC (traffic consultants)",7110,Architectural and engineering activities and related technical consultancy,71.11 | 71.12,Architectural activities | Engineering activities and related technical consultancy,2021-08-18 18:29:01,2024-11-10 12:15:30,5,"Tarsistax is a company based in Boksburg, Gauteng, specializing in independent second and third-party audits and inspections of quality, safety, health, and environmental management systems in the aviation industry, particularly in flight and maintenance operations. The company utilizes ISO verification standards to deliver efficient and effective verification data, empowering management teams with concise and current information. TARSISTAX's services include aviation compliance verifications, process verifications, aircraft pre-purchase inspections, accident investigations, and helideck safety audits. They also provide helideck service packages in the Africa region, including fuel system inspections, maintenance, and training. The company's skilled and experienced auditors, inspectors, and technicians are accredited, licensed, and certified in their respective disciplines.",Health and Safety Assurance Services | Environmental Management Systems Services | Management Solutions | Calibration of Fueling System Systems | Quality Assurance | Aviation Compliance Verifications and Audits | Aircraft Selection and Pre-buy Inspections Services | Accredited Technicians | Aircraft Maintenance | Aircraft Accident Investigation Services | Independent Audits and Inspections | White Papers Services | Fuel System Hose Pressure Testing | Offshore Fuel System Inspections and Maintenance | Helideck Fuel System Parts,Active,tarsistax.com,tarsistax.com,1601260,modelled,75,modelled,5,17179883332
17179896390,Sunny Kaler,Sunny Kaler Personal Real Estate Corporation,Sunny Kaler,CA,Canada,British Columbia,,Metro Vancouver Regional District,V4M 0E4,Blue Heron Way,4684,49.0375057,-123.0940363,,"CA, Canada, British Columbia, Metro Vancouver Regional District, V4M 0E4, Blue Heron Way, 4684, 49.0375057, -123.0940363 | CA, Canada, British Columbia, Surrey, V3S 6T4, , , 49.1471, -122.7619",2,Private,,,"Sunny Kaler is a real estate agent/manager based in Metro Vancouver Regional District, British Columbia, Canada.","Let's Find your next Home. As a Realtor with a proven track record of success, I understand the emotional and fina. As markets shift, you need an agent with the right connections, technology and strategies to achieve your home buying or selling vision. As a Realtor with a proven track record of success, I understand the emotional and financial significance of buying or selling a property. Each client is unique, and so is my approach – tailored, personal, and always with your best interest at heart. I'm not just a Realtor; I'm your partner in this journey. Whether it's offering expert market insights, innovative marketing strategies, or skilled negotiations, I am dedicated to delivering outcomes that exceed expectations. If you're seeking a Realtor who combines hard work, integrity, and a personalized touch, your search ends here. I'm here to guide you, from start to finish and beyond. Best neighbourhoods to invest in real estate in Surrey, BC. Should you require assistance in navigating our website or searching for real estate, please contact our offices at 604-593-6188.",Real Estate | Personal Real Estate Corporations | Real Estate Professionals | Real Estate Markets | Real Estate Agents | Real Estate Service | Real Estate Investments | Mission House | Real Estate Trends | Real Estate Listing | Mission Home | Homes & Properties | Real Estate Tips | Sales Representative | Missional Communities | Multiple Listing Service | Search Homes For Sale | Mission Investing | Real Estate Associates | Properties List | Affordable Homes | Luxury Homes | Professional Services | Investing In Real Estate | Multi Family & Commercial | Maple Ridge | Maps & Photos | Investment Property | Real Estate Investors | Premier Realty | Sell A Property | Real Estate Deals | First Home | Representation Agreement | Home Valuations | Affordable Housing | Closed Loans | Local MLS | Home And Improvement | Marketing And Strategy | Home Buyer | Cell Phones | Personal Losses | Warranty Disclaimer | Bedding 5 | Bedding 6 | Lost Data | Data Generation | Tracks & Recordings | Local Rules,Services,Professional Services,Real Estate - Agents & Managers,531210,Offices of Real Estate Agents and Brokers,,,Real Estate - Agents & Managers,Real Estate - Agents & Managers,Real Estate,+17783200002,+17783200002 | +16045936188,andreanneroussel@royallepage.ca,,,https://www.sunny.realestate/,sunny.realestate,realestate,en,https://www.facebook.com/SunnyKalerRealtor/,https://twitter.com/RealtorKaler,https://www.instagram.com/SunnyKalerRealtor/,,,,,,,Real Estate Services,IF-RS,Real Estate,IF.3,Infrastructure,IF,6531,Real Estate Agents and Managers (agents and brokers),6820,Real estate activities on a fee or contract basis,68.31 | 68.32,Real estate agencies | Management of real estate on a fee or contract basis,2022-06-04 20:27:08,2024-06-28 02:54:24,108,"Sunny Kaler, legally known as Sunny Kaler Personal Real Estate Corporation, is a real estate agency based in Surrey, British Columbia. The company specializes in buying and selling residential properties, including single-family homes, condos, multi-family units, commercial properties, land, duplexes, and townhouses. Sunny Kaler, the principal agent, is known for his professional, honest, and hardworking approach, providing tailored and personalized service to meet the unique needs of each client. The agency is affiliated with Re/Max Blueprint Realty and offers a range of services including market insights, innovative marketing strategies, and skilled negotiations.",Local Comparables | Single-family Homes | Property Buying and Selling Services | Pre-approval Services | Duplex Properties | Local Underwriting | Seller Tips | Real Estate Brokerage Services | Townhouse Properties | Multi-family Properties | Land Properties | Free Home Valuation | Commercial Properties,Active,sunny.realestate,sunny.realestate,288245,modelled,1,extracted,108,17179870970
17179896607,Katy TV Services,,Katy TV Services | KATY TV Service,US,United States,Texas,,Fort Bend County,77407,,,,,"19840 Fm 1093 Rd Richmond, TX 77407","US, United States, Texas, Fort Bend County, 77407, , , 29.666660537931037, -95.69789941494253",1,Private,1983,,"Katy TV Services is a phone repair & services company based in Fort Bend County, Texas, United States.","Need your TV or Appliance Fixed. We are Authorized Service Provider of. We are Elite Service Provider of LG. Need a experienced TV & Appliance repair professional in the Katy area? look no further than Katy TV Service. Reliable and Honest - That is what Katy TV Service stands for. Take advantage of over 40 years of international experience in repairing and servicing all brands of television. Need experienced help setting up a home theater system. Let our professionals take care of the confusion and frustration for you. Katy TV Service can both recommend and sell to you reliable and quality brands televisions, DVD players and other peripherals that match your needs and your wallet. Whether it be our extensive technical experience in the field of television sales, setup and repair or the friendly and helpfull professionals, Katy TV Service is sure that we can meet all of your television needs. Get to know more about us.",Plasma Tv Repair | Dlp Tv Repair | Tv Service | Tv Repairs | Lamps & Bulbs | Repair Services | Home Theatres | TV Televisions | Home Theaters | Computer Services & Repair | TV & Appliances | Home Theater Setup | Wall Mounted | Lcd Tv Repair | Led Tv Repair | Appliances Repair | Computer Repairer | Television Repair | Home Theater System | Home Repair | Drug Testing,Services,Professional Services,Electronic and Precision Equipment Repair and Maintenance,811210,Electronic and Precision Equipment Repair and Maintenance,,,Phone Repair & Services,"Rental, Repair & Maintenance",Other Professional Services,+12816860271,+12816860271,raj@katytvservice.com,,,http://katytvrepair.net/,katytvrepair.net,net,en,https://www.facebook.com/katytvservice/,,,,,,,,,Professional & Commercial Services,SV-PS,Consumer Services,SV.3,Services,SV,7622 | 7622 | 7629 | 7699 | 7378 | 7629 | 7699 | 7629 | 7629 | 7699,"Radio and Television Repair Shops (telecommunication equipment repair) | Radio and Television Repair Shops (stereo, TV, VCR, and radio repair) | Electrical and Electronic Repair Shops, NEC (other consumer electronic equipment, except business and office machines, telephones, and appliances-repair and maintenance) | Repair Shops and Related Services, NEC (camera repair) | Computer Maintenance and Repair (except sales locations providing supporting repair services as major source of revenue) | Electrical and Electronic Repair Shops, NEC (business and office machine repair, electrical) | Repair Shops and Related Services, NEC (typewriter repair, refilling or recycling ink jet cartridges) | Electrical and Electronic Repair Shops, NEC (telephone set repair) | Electrical and Electronic Repair Shops, NEC (electrical measuring instrument repair and calibration, medical electrical equipment repair) | Repair Shops and Related Services, NEC (dental instrument repair, laboratory instrument repair, medical equipment and other electronic and precision equipment repair, except typewriters)",3312 | 3313 | 9511 | 9512 | 9521,Repair of machinery | Repair of electronic and optical equipment | Repair of computers and peripheral equipment | Repair of communication equipment | Repair of consumer electronics,95.21 | 95.11 | 33.13 | 33.12 | 95.12,Repair of consumer electronics | Repair of computers and peripheral equipment | Repair of electronic and optical equipment | Repair of machinery | Repair of communication equipment,2021-09-07 04:08:50,2024-11-03 06:53:53,15,"Katy TV & Appliance Service is a company based in Richmond, Texas, specializing in the repair and setup of televisions and home appliances. With over 40 years of international experience, the company offers services for all major brands, including LCD, LED, plasma, and DLP TVs. Their offerings include repair for various types of televisions, home theater setup, computer repair, and appliance repair. The company is known for its reliable and honest service, providing both repair and setup solutions for home theater systems and other home appliances.",Television Repair and Setup Services | Computer Repair Services | Professional TV Wall Mounting Services | Home Theatre Setup Services | Surround Sound Installation Services Provider,Active,katytvrepair.net,katytvrepair.net,2363184,modelled,15,modelled,15,17179869717
17179896816,Back Home Restaurant,,Back Home Restaurant,US,United States,Kentucky,,Elizabethtown,42701,West Dixie Avenue,251,37.6960053,-85.86263079957399,,"US, United States, Kentucky, Elizabethtown, 42701, West Dixie Avenue, 251, 37.6960053, -85.86263079957399",1,Private,1988,,"Back Home Restaurant is a restaurant based in Elizabethtown, Kentucky, United States.","Write Us A Testimonial. We started 35 years ago with Linda and Tommy Fulkerson selling crafts and antiques out of the trunk of their car in downtown Elizabethtown. Today we have expanded so much that we now are a full restaurant serving some of the best family recipes around. We have added onto the store, selling more than just crafts and antiques.",American Restaurants | Restaurant Hours | Antiques | Home Decor And Gifts,Services,Consumer Services,Full-Service Restaurants,722511,Full-Service Restaurants,,,Restaurants,Restaurants,Accommodation & Food Services,+12707692800,+12707692800,,,,https://backhomerestaurantreviews.com/,backhomerestaurantreviews.com,com,en,https://www.facebook.com/backhomerestaurant/,,,,,,,,,Restaurants,FB-RN,Restaurants,FB.4,Food & Beverage,FB,5812,Eating Places (full-service restaurants),5610,Restaurants and mobile food service activities,56.1,Restaurants and mobile food service activities,2020-10-26 21:33:25,2024-06-10 14:39:15,3,"Back Home Restaurant is a family-owned business located in Elizabethtown, Kentucky. Established in 1984, the restaurant was founded by Linda and Tommy Fulkerson, who initially sold crafts and antiques from the trunk of their car in downtown Elizabethtown. Over the years, the business has expanded significantly, now offering a variety of family recipes and a full menu. Today, Linda and Tommy's daughter Lori, along with her husband Steve, continue the legacy, and the restaurant operates from Tuesday to Saturday, 11am to 9pm, and Sunday, 11am to 3pm. Additionally, Lori's daughter Hali has opened a boutique called Oneal's Boutique on the upper level, which sells a range of products including home decor and gifts.",Retail Trade | Local Shopping Experience | Retail Store | Antique Crafts | Candle Products | Crab Souffle Dip | Home Decor | Family Restaurant | Gifts & Shop | American Restaurants | Family Recipes,Active,backhomerestaurantreviews.com,backhomerestaurantreviews.com,673520,modelled,15,modelled,3,17179869748
17179896840,PLASTIC SURGERY ASSOCIATES OF SOUTH DAKOTA,,PLASTIC SURGERY ASSOCIATES OF SOUTH DAKOTA,US,United States,South Dakota,,Sioux Falls,57105,South Minnesota Avenue,4201,43.506034,-96.731278,"4201 S Minnesota Ave, Sioux Falls, South Dakota, 57105, United States","US, United States, South Dakota, Sioux Falls, 57105, South Minnesota Avenue, 4201, 43.506034, -96.731278",,,,,,,,,,,,,,,,,,+16053353349,+16053353349,,,,https://www.plasticsurgeryassociatesofsd.com/,plasticsurgeryassociatesofsd.com,com,,https://www.facebook.com/plasticsurgeryassociatesofsd,https://twitter.com/PSA_SD,https://www.instagram.com/psa_sd/,http://www.linkedin.com/company/plastic-surgery-associates-of-south-dakota,,,,,,,,,,,,,,,,,,2024-03-19 23:49:26.446,2024-03-19 23:49:26.446,,,,Active,plasticsurgeryassociatesofsd.com,plasticsurgeryassociatesofsd.com,1700000,extracted,4,extracted,,17179872397
17179896928,Pizzeria Siciliana,,Pizzeria Siciliana,PL,Poland,Podlaskie Voivodeship,,Hajnówka,17-200,Górna,17,52.7374708,23.564893152561574,"Górna 17, Hajnówka, 17-200","PL, Poland, Podlaskie Voivodeship, Hajnówka, 17-200, Górna, 17, 52.7374708, 23.564893152561574",,,,,,,,,,,,,,,,,,,,,,,https://www.siciliana.pl/,siciliana.pl,pl,,,,https://www.instagram.com/siciliana.pl/,,,,,,,,,,,,,,,,,,,2024-07-18 07:36:17.908,2024-12-23 05:37:21.56,,,,Active,,,,,,,,17179882755
17179896974,,,,JP,Japan,Ibaraki Prefecture,,Mito,310-0826,National Highway Route 51,50,36.3599169,140.50608979999998,"50 Shibuicho, Mito, Ibaraki 310-0826, Japan","JP, Japan, Ibaraki Prefecture, Mito, 310-0826, National Highway Route 51, 50, 36.3599169, 140.50608979999998",1,Private,,,,,,Retail,Capital Products,,,,,,Wood Building Material Stores,Glass & Wood Products,Building Products,+81292213111,+81292213111,,,,http://www.ibamoku.co.jp/,ibamoku.co.jp,co.jp,,https://www.facebook.com/ibamoku/,,https://www.instagram.com/ibamoku/,,,,,,,,,,,,,,,,,,,2021-10-01 10:20:33,2024-11-21 22:11:41.777,,"The ㈱茨城木材相互市場 総務・経理チーム is a lumber store located in Mito, Ibaraki Prefecture, Japan.",Wholesale | Lumber Products | Retail,Active,,,,,,,,17179872268
17179897071,IntraWorks Inc.,IntraWorks Inc.,,US,United States,New Mexico,Journal Center,Albuquerque,87113,Lorraine Court Northeast,7910,35.173399448979595,-106.5994113877551,"7910 Lorraine Ct NE, Albuquerque, New Mexico, 87113, United States","US, United States, New Mexico, Albuquerque, 87113, Lorraine Court Northeast, 7910, 35.173399448979595, -106.5994113877551",1,Private,1993,1993,"IntraWorks Inc. is an alarms, surveillance & security systems company based in Albuquerque, New Mexico, United States.","Building Automation, CCTV, Perimeter Intrusion Protection, Fire Alarm Systems Installation & Inspection, Mass Notification, Mass Evacuation, Access Control, Intrusion Detection, Gun Shot Detection, Nurse Call, Special Systems Engineering Services, Vulnerability Assessments.",Fire Alarm Installation | Nurse Call | Intrusion Detection Systems | Mechanical Engineering | Building Automation | Systems Engineering Services | Vulnerability Assessment,Services,Professional Services,Security Guards & Patrol Services,561612,Security Guards and Patrol Services,,,"Alarms, Surveillance & Security Systems",Other Professional Services,Other Professional Services,+15059855890,+15059855890,,,,https://www.intraworksusa.com/,intraworksusa.com,com,,https://www.facebook.com/intraworks/,https://twitter.com/intra_works,,http://www.linkedin.com/company/integrated-controls,,,,,,,,,,,,7381,"Detective, Guard, and Armored Car Services (guard services)",8010,Private security activities,80.1,Private security activities,2022-04-11 05:47:16,2024-11-08 16:44:03.321,,"The company specializes in building automation, CCTV, perimeter intrusion protection, fire alarm systems installation and inspection, mass notification, mass evacuation, access control, intrusion detection, gun shot detection, nurse call, special systems engineering services, and vulnerability assessments.",Special Systems Services | Gun Shot Detection Systems | Mass Notification Systems | Perimeter Intrusion and Protection Systems | Fire Alarm Installation and Inspection Services | Access Control Systems | Nurse Call Solutions | CCTV Solutions | Building Automation | Evacuation Solutions | Vulnerability Assessment,Active,,,743273,modelled,22,extracted,,17179875891
17179897082,BUCK-ICON LLC.,BUCK-ICON LLC.,,US,United States,Ohio,,Columbus,,,,,,"United States, OH, Columbus, 6956 E Broad St Suite 233, 43213-1517","US, United States, Ohio, Columbus, , , , 39.96226119995117, -83.0007095336914",,,,,,,,,,,,,,,,,,,,,,,https://www.buckicon.com/,buckicon.com,com,,,,,,,,,,,,,,,,,,,,,,,2022-12-13 18:46:06.334,2022-12-13 19:17:35.311,,,,Active,buckicon.com,buckicon.com,,,,,,17179869463
17179897169,Headway East London,,Headway East London,GB,United Kingdom,England,,Romford,RM7 0AG,Rom Valley Way,,,,"Rom Valley Way, Romford RM7 0AG","GB, United Kingdom, England, Romford, RM7 0AG, Rom Valley Way, , 51.5699506, 0.1823473",,,,,,,,,,,,,,,,,,+442077497790,+442077497790,,,,http://www.headwayeastlondon.org/,headwayeastlondon.org,org,,,,,,,,,,,,,,,,,,,,,,,2023-04-21 01:27:00.638,2024-04-18 16:31:57.616,,,,Active,,,,,,,,17179869214
17179897347,BBMF Ltd™,,BBMF Ltd™ | BB Motor Factors,GB,United Kingdom,,,,,,,,,,"GB, United Kingdom, , , , , , 54.7023545, -3.2765753",1,Private,,,BBMF Ltd™ is an auto service based in United Kingdom.,,,Services,Consumer Services,Auto Services,811111,General Automotive Repair,,,Auto Services,Auto Services,Other Consumer Services,,,,,,https://bbmotorfactors.co.uk/,bbmotorfactors.co.uk,co.uk,,,,,,,,,,,,,,,,,7538,General Automotive Repair Shops,4520,Maintenance and repair of motor vehicles,45.2,Maintenance and repair of motor vehicles,2019-11-24 00:49:29,2024-12-11 13:34:06,0,"BB Motor Factors (Bbmf) is a family-run business based in Warrington, England, founded in 1957 by the current owner's grandfather. The company specializes in providing a range of automotive services, including auto electrical repairs, vehicle servicing, MOT testing, and vehicle diagnostics. BBMF caters to both trade and retail customers, offering services such as DPF cleaning, brake repairs, exhaust repairs, clutch repairs, and tire services. The company prides itself on its experienced technicians and commitment to quality service, ensuring that vehicles are maintained and kept in optimal condition.",Dpf Cleaning | Tire Services | Car Diagnostics | Alarms and Immobilizers | Fault Finding and Installation | Full Engine Rebuilds | Gearbox Maintenance and Repair Services | Safety Beacons and Light Bars | Reversing Cameras | Towbars Provider | Parking Sensors and Central Locks Installation | Winter Check Services | Exhaust Services | Clutches Services | Mechanical Maintenance Services | Number Plate Services | Brake Services | In-car Entertainment | Air Conditioning Services | Auto Electrical Services | Hands-free Phone Kits | Automotive Body Repair Services,Active,bbmotorfactors.com | bbmotorfactors.co.uk,bbmotorfactors.com | bbmotorfactors.co.uk,1410946,modelled,15,modelled,0,17179875989
17179897396,Detail Tint PPF & Coating Specialist Since 2011,,Detail Tint PPF & Coating Specialist Since 2011,US,United States,Oregon,Danebo,Eugene,97402,Commercial Street,610,44.0528666,-123.1677045,"610 Commercial St, Eugene, Oregon, 97402","US, United States, Oregon, Eugene, 97402, Commercial Street, 610, 44.0528666, -123.1677045",,,,,,,,,,,,,,,,,,,,,,,https://www.ntouchdetailing.com/,ntouchdetailing.com,com,,,,https://www.instagram.com/ntouchdetailing/,,,,,,,,,,,,,,,,,,,2024-11-01 00:51:52.291,2024-11-01 00:51:52.291,,,,Active,,,,,,,,17179877557
17179897489,Car Fast,,Car Fast,MX,Mexico,Mexico City,Cuauhtémoc,Mexico City,,,,,,"Mexico City, Mexico","MX, Mexico, Mexico City, Mexico City, , , , 19.4326296, -99.1331785",1,Private,2008,,"Car Fast is an automobile dealers & manufacturer based in Mexico City, Mexico.","Desde 2008 | Car Fast permite la compra de autos nuevos y usados de forma segura, 100% en línea.",,Retail,Durable Products,Automobile Dealers & Manufacturers,441120,Used Car Dealers,,,Automobile Dealers & Manufacturers,Automobile Dealers & Manufacturers,Automotive,+525543999494,+525543999494,ventas@carfastmx.com,,,https://www.carfast.mx/,carfast.mx,mx,,https://www.facebook.com/carfastmty/,,,,,,,,,,,,,,,5521,Motor Vehicle Dealers (Used Only),4510,Sale of motor vehicles,45.11 | 45.19,Sale of cars and light motor vehicles | Sale of other motor vehicles,2024-04-05 17:11:21.968,2024-11-10 19:50:57.052,,,,Active,,,,,,,,17179881945
17179897540,Ramani Fernando Salons Official,,Ramani Fernando Salons Official,,,,,,,,,,,,,,,,,,,,,,,,,,,,,,,,,,,https://www.ramanifernando.com/,ramanifernando.com,com,,,,https://www.instagram.com/ramanifernando.salons/,,,,,,,,,,,,,,,,,,,2024-07-29 22:40:58.019,2024-11-12 20:17:03.925,,,,Active,,,,,,,,17179897540
17179897692,Kukkakauppa Kastanja,,Kukkakauppa Kastanja,FI,Finland,Southwest Finland,,Naantali,21100,,,,,", Naantali, 21100, Finland","FI, Finland, Southwest Finland, Naantali, 21100, , , 60.468237728160915, 22.023362943103447",,,,,,,,,,,,,,,,,,,,,,,https://www.kukkakauppanaantali.fi/,kukkakauppanaantali.fi,fi,,,,,http://www.linkedin.com/company/kukkakauppa-kastanja,,,,,,,,,,,,,,,,,,2024-07-25 18:02:25.016,2024-08-08 10:10:03.369,,,,Active,,,,,,,,17179869520
17179897891,Denton Park Medical Group,,Denton Park Medical Group,GB,United Kingdom,England,Westerhope,Newcastle Upon Tyne,NE5 2EY,West Denton Way,,,,"West Denton Way , Newcastle upon Tyne, United Kingdom","GB, United Kingdom, England, Newcastle upon Tyne, NE5 2EY, West Denton Way, , 54.9929237, -1.7023678",1,Private,,,"Denton Park Medical Group is a surgeons & physicians clinic based in Newcastle upon Tyne, United Kingdom.","Find out about upcoming health campaigns, what's going on within your practice and what our surgery",Health Campaigns,Services,Consumer Services,General Hospitals,622110,General Medical and Surgical Hospitals,,,Clinics - Surgeons & Physicians,Hospitals & Clinics,Health Care & Social Assistance,+441912295800,+441912295800,,,,https://www.dentonparkmedicalgroup.co.uk/,dentonparkmedicalgroup.co.uk,co.uk,,https://www.facebook.com/pages/category/Medical-Center/Denton-Park-Medical-Group-843145315758841/,,,,,,,,,,,,,,,8062 | 8069,"General Medical and Surgical Hospitals | Specialty Hospitals, Except Psychiatric (children’s hospitals)",8610,Hospital activities,86.1,Hospital activities,2021-09-12 09:04:22,2023-08-20 13:52:39.883,,"as a company that provides information on upcoming health campaigns, activities within a practice, and surgical procedures.",Surgical Procedures | Health Campaigns,Active,,,,,,,,17179869715
17179897954,ICT Perú,,ICT Perú,US,United States,California,Los Olivos,Irvine,,,,,,"3 de Mayo Mz M3 Lt 1 Comite 1, Los Olivos, California, 051","US, United States, California, Irvine, , , , ,  | EE, Estonia, , , , , , 58.7523778, 25.3319078",,,,,,,,,,,,,,,,,,,,,,,https://www.ictperusac.com/,ictperusac.com,com,,,,https://www.instagram.com/ictperusac/,,,,,,,,,,,,,,,,,,,2024-07-18 07:36:17.908,2024-12-24 23:33:32.922,,,,Active,,,,,,,,17179897954
17179897975,The Black Cab Coffee Co.,The Black Cab Coffee Co.,,GB,United Kingdom,England,,London,SW8 5EE,,,,,"Riverlight 1, Nine Elms, London, United Kingdom","GB, United Kingdom, England, London, SW8 5EE, , , 51.4787433, -0.1362629",1,Private,,,"The Black Cab Coffee Co. is a coffee & tea shop based in London, United Kingdom.",,,Services,Consumer Services,Pubs and Bars,722410,Drinking Places (Alcoholic Beverages),,,Coffee & Tea Shops,Pubs & Bars,Accommodation & Food Services,,,info@theblackcabcoffeeco.com,info@theblackcabcoffeeco.com,,https://www.theblackcabcoffeeco.com/,theblackcabcoffeeco.com,com,,https://www.facebook.com/BlackCabCoffeeBattersea/,,,,,,,,,,,,,,,5813,Drinking Places (Alcoholic Beverages),5630,Beverage serving activities,56.3,Beverage serving activities,2024-05-30 06:19:52.28,2024-08-10 05:27:40.439,,,,Active,,,,,,,,17179874128
17179898022,Mandarin Museum,,Mandarin Museum,US,United States,Florida,Mandarin,Jacksonville,32223,Mandarin Road,11964,30.1653473,-81.64640543539099,"11964 Mandarin Road, Jacksonville, Florida, 32223","US, United States, Florida, Jacksonville, 32223, Mandarin Road, 11964, 30.1653473, -81.64640543539099",,,,,,,,,,,,,,,,,,,,,,,https://www.mandarinmuseum.net/,mandarinmuseum.net,net,,,,https://www.instagram.com/mandarinmuseum/,,,,,,,,,,,,,,,,,,,2024-11-29 03:30:18.001,2024-11-29 03:30:18.001,,,,Active,,,,,,,,17179871450
17179898033,ESCALIERS DE FRANCE,,ESCALIERS DE FRANCE,FR,France,Ile-de-France,,Paris,,,,,,", Paris, Ile-de-France, France","FR, France, Ile-de-France, Paris, , , , 48.8588897, 2.3200410217200766",,,,,,,,,,,,,,,,,,,,,,,https://www.escaliers-de-france.com/,escaliers-de-france.com,com,,,,,http://www.linkedin.com/company/escaliers-de-france,,,,,,,,,,,,,,,,,,2024-08-08 09:40:40.548,2024-08-08 09:40:40.548,,,,Active,,,,,,,,17179871008
17179898267,Express Schilder-Service LIESCHKE,,Express Schilder-Service LIESCHKE | Schilder lieschke,DE,Germany,Brandenburg,Mitte,Cottbus - Chóśebuz,03046,Berliner Straße,9,51.7611108,14.328300758193524,Berliner Straße 9 • 03046 Cottbus (Brandenburg),"DE, Germany, Brandenburg, Cottbus - Chóśebuz, 03046, Berliner Straße, 9, 51.7611108, 14.328300758193524",1,Private,,,"Express Schilder-Service LIESCHKE is a signs & commercial screens supplier based in Cottbus - Chóśebuz, Germany.",,,Manufacturing,Capital Products,Signs & Commercial Screens,339950,Sign Manufacturing,,,Signs & Commercial Screens,Commercial Equipment & Supplies,Other Capital Goods,+4935525346,+4935525346 | +4935525107,schilder-lieschke@t-online.de,,,http://schilder-lieschke.de/,schilder-lieschke.de,de,de,,,,,,,,,,,,,,,,3993,Signs and Advertising Specialties (signs),1629 | 1811 | 2220 | 2599 | 2790,"Manufacture of other products of wood; manufacture of articles of cork, straw and plaiting materials | Printing | Manufacture of plastics products | Manufacture of other fabricated metal products n.e.c. | Manufacture of other electrical equipment",22.21 | 22.22 | 22.23 | 22.29 | 16.29 | 25.92 | 25.99 | 25.94 | 25.91 | 25.93 | 27.9 | 18.12 | 18.11,"Manufacture of plastic plates, sheets, tubes and profiles | Manufacture of plastic packing goods | Manufacture of builders’ ware of plastic | Manufacture of other plastic products | Manufacture of other products of wood; manufacture of articles of cork, straw and plaiting materials | Manufacture of light metal packaging | Manufacture of other fabricated metal products n.e.c. | Manufacture of fasteners and screw machine products | Manufacture of steel drums and similar containers | Manufacture of wire products, chain and springs | Manufacture of other electrical equipment | Other printing | Printing of newspapers",2019-12-19 05:32:58,2024-12-01 12:54:20,5,"Express Schilder-Service Lieschke is a company based in Cottbus - Chóśebuz, Brandenburg. The company specializes in a variety of services including the production of signs, stamps, engravings, and embossings. They also offer key services, club supplies, trophies, medals, gift items, and company equipment. Additionally, Express Schilder-Service Lieschke provides vehicle and industrial lettering, T-shirt printing, and illuminated signs. The company also offers wood and automatic stamping services, as well as signage systems and engraving signs.",Club Supplies | T-shirt Printing Services | Wood Stitching | Engraved Signs | Vehicle Labeling | Industrial Labeling Services | Illuminated Banners | Stamps and Engravings | Print Materials | Signage Services | Business Equipment | Key Services | Cups and Medals | Gift Items | Embossing Services,Active,schilderservice.eu | schilder-lieschke.de,schilderservice.eu | schilder-lieschke.de,,,,,5,17179872530
17179898512,Estetic House,,Estetic House,PL,Poland,,,,,,,,,,"PL, Poland, , , , , , 52.215933, 19.134422",1,Private,2014,,Estetic House is a tattoo & piercing parlor based in Poland.,"Zajmujemy się profesjonalnym usuwaniem tatuaży i makijaży permanentnych od 2014 roku. Posiadamy dwie najskuteczniejsze technologie w walce z niechcianymi tatuażami i makijażami permanentnymi, laser Q-switch TRI BEAM PREMIUM (nanosekundowy ) oraz laser Q-switch PICO HI Hironic (pikosekundowy) z rekordowo krótkim impulsem 300 pikosekund. Sprawdź największą w Polsce galerię efektów usuniętych tatuaży i makijaży permanentnych. Laser picosekundowy PICO HI Hironic z rekordowo krótkim impulsem 300 picosekund dostępny już we wszystkich lokalizacjach Estetic House w Polsce.",,Services,Consumer Services,Other Personal Care Services,812199,Other Personal Care Services,,,Tattoo & Piercing Parlors,Beauty Salons & Hairdressers,Other Consumer Services,+48459595278,+48459595278,info@estetichouse.pl,info@estetichouse.pl,,https://estetichouse.pl/,estetichouse.pl,pl,pl,https://www.facebook.com/Paulla-151637941545477/,,https://www.instagram.com/estetic_house_usuwanie_tatuazu/,,,,https://www.youtube.com/channel/UCwWscT6MheoPcMBjtzYWGVA,,,Professional & Commercial Services,SV-PS,Consumer Services,SV.3,Services,SV,7299,"Miscellaneous Personal Services, NEC (personal care services)",9609,Other personal service activities n.e.c.,96.04 | 96.09,Physical well-being activities | Other personal service activities n.e.c.,2021-09-09 19:08:37,2024-11-18 04:11:00,23,"Estetic House is a company based in Katowice, Silesian Voivodeship, specializing in professional tattoo and permanent makeup removal. Established in 2014, the company offers services using high-quality lasers, including the Q-switch TRI BEAM Premium™ (nanosecond) and the Q-switch PICO HI Hironic® (picosecond) lasers. These technologies are utilized for the removal of unwanted tattoos and permanent makeup. Estetic House operates multiple locations across Poland, including Warsaw, Gdańsk, Kraków, Łódź, Poznań, Wrocław, and Częstochowa. The company is known for its use of advanced laser technologies, which provide effective and efficient results.",Permanent Makeup Removal | Beauty Services | Professional Black & White Tattoos Removal | Personal Care Services,Active,estetichouse.pl,estetichouse.pl,223364,modelled,15,modelled,23,17179873050
17179898595,Little Learners Day Nursery,,Little Learners Day Nursery,GB,United Kingdom,England,,Purley,CR8 4DN,Old Lodge Lane,Beaumont School House,51.3277213,-0.1217038,"Beaumont Primary School, Old Lodge Ln, Purley CR8 4DN, United Kingdom","GB, United Kingdom, England, Purley, CR8 4DN, Old Lodge Lane, Beaumont School House, 51.3277213, -0.1217038",1,Private,,,"Little Learners Day Nursery is a preschool/kindergarten based in Purley, United Kingdom.",,,Education,Education,,,,,,Preschools & Kindergartens,Education,Education,+442084060080,+442084060080,,,,http://www.little-learners.net/,little-learners.net,net,,,,,,,,,,,,,,,,,,,,,,,2023-04-26 05:53:40.505,2025-01-15 07:04:42.134,,"Little Learners Day Nursery is a nursery school and preschool located in Purley, England.",Preschool Education | Educational | Childcare Services,Active,,,,,,,,17179873728
17179898596,Kafefadi Kasuyanakabaruten,,Kafefadi Kasuyanakabaruten,JP,Japan,Fukuoka Prefecture,,Kasuya,811-2304,,,,,"釜屋 ２７２５−１ Nakabaru, Kasuya, Kasuya District, Fukuoka 811-2304, Japan","JP, Japan, Fukuoka Prefecture, Kasuya, 811-2304, , , 33.610111599999996, 130.4487486",1,Private,,,"Kafefadi Kasuyanakabaruten is a groceries store based in Kasuya, Japan.",,,Retail,Nondurable Products,Groceries,445110,Supermarkets and Other Grocery Retailers (except Convenience Retailers),,,Groceries,Food Producers & Distributors,Food & Beverages,+81926244310,+81926244310,,,,http://www.fadie.com/,fadie.com,com,,,,,,,,,,,,,,,,,5141 | 5411,"Groceries, General Line (general line groceries sold via retail method) | Grocery Stores (except convenience stores, freezer plans, and grocery stores with substantial general merchandise)",4711,"Retail sale in non-specialized stores with food, beverages or tobacco predominating",47.11,"Retail sale in non-specialised stores with food, beverages or tobacco predominating",2023-07-16 12:23:21.952,2024-11-17 23:45:37.207,,"Kafefadi Kasuyanakabaruten is a business located in Kasuya, Fukuoka Prefecture, Japan. It operates as a grocery store, cafe, and coffee shop.",Grocery Shopping Services | Convenience Retail | Coffee Shop Services,Active,,,,,,,,17179872574
17179898672,Esenceweb IT,,Esenceweb IT | Esenceweb,IN,India,Maharashtra,,Pune,411038,,,,,", Pune, Maharashtra, 411038, India","IN, India, Maharashtra, Pune, 411038, , , 18.50701108181818, 73.81226199545455",1,Private,2015,2015,"Esenceweb IT is a software development services company based in Pune, India.","Esenceweb is a leading IT Software Company in India, Software Training Institute in Pune, Nashik. Focused on full stack software development services, Web designing, and Digital Marketing SEO. We also provide IT consulting services that will help our clients improve their software architecture. Providing Web Design Development Service, Job guarantee courses such as PHP course, python training, web development courses, web designing classes, java, angular course with 100 % practical and live project-based training programs - for IT Students, graduates, and freshers.",Web Designing | Web Design Services | Digital Marketing & SEO | Full Stack Development | Software Training | IT Consulting Services | Services & Web Design | Software & IT | Python Training | Software Architecture,Services,Professional Services,Custom Computer Programming Services,541511,Custom Computer Programming Services,,,Software Development Services,Software & IT Services,IT&C Services,+918999040748,+918999040748,,,,https://www.esenceweb.com/,esenceweb.com,com,,,,,http://www.linkedin.com/company/esencewebit,,,,,,,,,,,,7371,Computer Programming Services,6201,Computer programming activities,62.01,Computer programming activities,2022-04-19 07:30:12,2024-11-08 03:27:36.547,,"Esenceweb is an Indian IT software company and software training institute located in Pune and Nashik. They specialize in full stack software development services, web designing, and digital marketing SEO. Additionally, they offer IT consulting services to assist clients in improving their software architecture. Esenceweb provides web design development services and job guarantee courses in various programming languages such as PHP, Python, Java, and Angular. They offer practical and live project-based training programs for IT students, graduates, and freshers.",Digital Marketing & SEO | IT Consulting Services | Full Stack Development Services | IT Company | Job Guarantee Courses | Web Development Services Provider | Software Training Institute,Active,,,83141,modelled,13,extracted,,17179874565
17179898723,Lucy Craft Laney Museum of Black History,,Lucy Craft Laney Museum of Black History,US,United States,Georgia,,Augusta,30901,Phillips Street,1116,33.4671305,-81.98120034362088,"1116 Phillips St, Augusta, Georgia, 30901, United States","US, United States, Georgia, Augusta, 30901, Phillips Street, 1116, 33.4671305, -81.98120034362088",1,Private,,,"Lucy Craft Laney Museum of Black History is a museum based in Augusta, Georgia, United States.",,Museums and Zoos | Museums and Cultural Institutions,Services,Consumer Services,Museums,712110,Museums,,,Museums,"Museums, Theaters & Venues","Arts, Entertainment & Recreation",+17067243576,+17067243576,,,,https://www.lucycraftlaneymuseum.com/,lucycraftlaneymuseum.com,com,,https://www.facebook.com/LaneyMuseum/,https://twitter.com/LCLMuseum,,http://www.linkedin.com/company/lucy-craft-laney-museum-of-black-history,,,,,,,,,,,,8412,Museums and Art Galleries (except historic and heritage sites),9102,Museums activities and operation of historical sites and buildings,91.03 | 91.02,Operation of historical sites and buildings and similar visitor attractions | Museums activities,2024-02-16 03:26:31.335,2024-02-16 03:26:31.335,,,,Active,lucycraftlaneymuseum.com,lucycraftlaneymuseum.com,11800000,extracted,6,extracted,,17179875323
17179898820,La clinique dentaire des enfants Morges,,La clinique dentaire des enfants Morges,CH,Switzerland,Vaud,,Morges,1110,Rue De Lausanne,39e,46.515418000000004,6.503596000000001,"Clinique Dentaire Du Lac, Rue de Lausanne 39E, 1110 Morges, Switzerland","CH, Switzerland, Vaud, Morges, 1110, Rue de Lausanne, 39e, 46.515418000000004, 6.503596000000001",1,Private,,,"La clinique dentaire des enfants Morges is a pediatric dental clinic based in Morges, Switzerland.",,,Services,Consumer Services,Dentist,621210,Offices of Dentists,,,Pediatric Dentists,Dentists & Dental Clinics,Health Care & Social Assistance,+41218015000,+41218015000,,,,http://www.cliniquedentairedulac.ch/?opi=79508299&sa=U&ved=0ahUKEwjeuPGcyIOIAxWhVfEDHUruIqgQ61gIFCgR&usg=AOvVaw1sKN66RTUpF4ONRqPI2sE0,cliniquedentairedulac.ch,ch,,,,,,,,,,,,,,,,,8021,Offices and Clinics of Dentists,8620,Medical and dental practice activities,86.22 | 86.23 | 86.21,Specialist medical practice activities | Dental practice activities | General medical practice activities,2023-06-28 07:53:00.638,2024-08-20 18:31:19.489,,"La clinique dentaire des enfants Morges is a pediatric dental clinic located in Morges, Vaud, Switzerland. The clinic specializes in providing dental care for children.",Healthcare Services | Dental Care For Children | Dental Care,Active,,,,,,,,17179878508
17179898942,Culture Publishers,,Culture Publishers,JP,Japan,,,,,,,,,,"JP, Japan, , , , , , 36.5748441, 139.2394179",,,,,,,,,,,,,,,,,,,,,,,https://www.culture-pub.jp/,culture-pub.jp,jp,,,,,http://www.linkedin.com/company/culture-publishers,,,,,,,,,,,,,,,,,,2024-08-16 11:58:36.805,2024-08-16 11:58:36.805,,,,Active,,,,,,,,17179869732
17179898945,Villa Kalkan,,Villa Kalkan,TR,Turkey,Antalya,,Kaş,,,,,,", Kas, Antalya Province, Turkey","TR, Turkey, Antalya, Kaş, , , , 36.1993752, 29.6413365",,,,,,,,,,,,,,,,,,+904449586,+904449586,,,,https://www.villakalkan.com.tr/,villakalkan.com.tr,com.tr,,,,,http://www.linkedin.com/company/villa-kalkan,,,,,,,,,,,,,,,,,,2024-11-07 00:00:46.745,2024-11-07 00:13:48.19,,,,Active,,,,,,,,17179870130
17179898949,dieKunstBauStelle,,dieKunstBauStelle,DE,Germany,,,,,,,,,,"DE, Germany, , , , , , 51.1638175, 10.4478313",,,,,,,,,,,,,,,,,,,,,,,https://www.diekunstbaustelle.de/,diekunstbaustelle.de,de,,,,https://www.instagram.com/diekunstbaustelle/,,,,,,,,,,,,,,,,,,,2024-10-25 17:41:57.572,2024-10-25 17:41:57.572,,,,Active,,,,,,,,17179886545
17179898986,Eurovines,Eurovines Ltd.,Eurovines,GB,United Kingdom,England,,Newport,PO30 5FA,Manners View,15,50.7092758,-1.2938835,15 Manners View Newport Isle of Wight PO30 5FA,"GB, United Kingdom, England, Newport, PO30 5FA, Manners View, 15, 50.7092758, -1.2938835 | GB, United Kingdom, England, Seaview, PO34 5DU, Nettlestone Hill, The Forge, 50.7141506, -1.1185647",2,Private,1992,,"Eurovines is a wine shop/winery based in Newport, United Kingdom.","Our selection of wines have been sourced from around the globe offering both quality and excitement for any wine list. At Eurovines we stock a diverse selection of spirits from major brands to handpicked standout artisan crafted spirits. As the Island's leading wine wholesaler, we are proud at Eurovines to present an unrivalled range of products and support services, such as onsite wine tasting, informative customer evenings, customer wine list production. Wine and Spirit Education Trust and inhouse staff training. The company was originally formed by Tim and Evelyn in 1992, they carefully handpicked their extensive portfolio, this tradition has been continued to this day. We would also like to enlighten you with our history and progress that has made Eurovines what it is today, offering unsurpassed service and customer satisfaction.",Soft Drinks | Beers And Ciders | Non Alcoholic Spirits | Carbonated Drinks | Cocktail Mixes | Apple Cider | Ginger Beer | Whiskey | Wine And Spirits | Craft Spirits | Wine Tastings | User Experience | Staff & Training | Wholesale Supply,Wholesale,Nondurable Products,Wine Shops & Wineries,424820,Wine and Distilled Alcoholic Beverage Merchant Wholesalers,,,Wine Shops & Wineries,Beverages,Food & Beverages,+441983811743,+441983811743,sales@eurovines.co.uk,sales@eurovines.co.uk,,https://www.eurovines.co.uk/,eurovines.co.uk,co.uk,en,,,,,,,,,,Alcoholic Beverages,FB-AB,Beverages,FB.2,Food & Beverage,FB,5182,Wine and Distilled Alcoholic Beverages (merchant wholesalers except those selling wine and distilled beverages via retail method),4630,"Wholesale of food, beverages and tobacco",46.31 | 46.32 | 46.39 | 46.35 | 46.33 | 46.34 | 46.38 | 46.36 | 46.37,"Wholesale of fruit and vegetables | Wholesale of meat and meat products | Non-specialised wholesale of food, beverages and tobacco | Wholesale of tobacco products | Wholesale of dairy products, eggs and edible oils and fats | Wholesale of beverages | Wholesale of other food, including fish, crustaceans and molluscs | Wholesale of sugar and chocolate and sugar confectionery | Wholesale of coffee, tea, cocoa and spices",2019-12-04 12:31:29,2024-08-16 10:36:10,52,"Eurovines, legally known as Eurovines Ltd., is a leading drinks wholesaler based in Torquay, England. Established in 1992 by Tim and Evelyn, the company supplies the hospitality industry across the south of England. Eurovines offers a diverse range of products including wines, beers, ciders, spirits, and soft drinks. The company is known for its extensive selection, which includes over 600 lines of wines, sourced from various countries such as Italy, the United Kingdom, Chile, Spain, and France. Eurovines also provides additional services such as onsite wine tasting, customer wine list production, and staff training in wine and spirit education.",Wholesale Beverages | Coffee | Customer Wine List Production | Non-alcoholic Spirits/cocktails and Beverage Solutions | Customer Evenings | Beers And Ciders | Hospitality Industry Supplier Services | In-house Training | Onsite Wine Tasting | Non-carbonated Beverages Distributor,Active,eurovines.co.uk | tolchards.com,eurovines.co.uk | tolchards.com,,,,,52,17179873304
17179899182,TTMI Trafalgar,,TTMI Trafalgar,AU,Australia,Victoria,Trafalgar,Shire Of Baw Baw,3824,Saleyards Road,8/14,-38.2052536,146.15808099999998,"8/14 Saleyards Rd, Trafalgar VIC 3824, Australia","AU, Australia, Victoria, Shire of Baw Baw, 3824, Saleyards Road, 8/14, -38.2052536, 146.15808099999998",1,Private,,,"TTMI Trafalgar is a farm equipment supplier based in Shire of Baw Baw, Australia.","TTMI is a locally owned and operated Farm Machinery dealership. TTMI operates from Melbourne’s South East to the NSW border covering the Gippsland as well as the Tasmanian region from 4 locations, Trafalgar, Maffra, Leongatha and Longford (TAS). We sell, service and support Case IH tractors and machinery along with many other quality products to support our regions agriculture, horticulture, construction, municipal and lifestyle customers. Our team of experts thrive on professional, high quality customer service and are driven to providing our clients with the best outcomes every time.",,Wholesale,Capital Products,Farm Equipment,423820,Farm and Garden Machinery and Equipment Merchant Wholesalers,,,Farm Equipment,Farm Equipment,Other Capital Goods,+61356331588,+61356331588,,,,http://www.ttmi.com.au/,ttmi.com.au,com.au,,,,,,,,,,,,,,,,,5083,Farm and Garden Machinery and Equipment (merchant wholesalers except those selling lawn and garden equipment via retail method),4653,"Wholesale of agricultural machinery, equipment and supplies",46.61,"Wholesale of agricultural machinery, equipment and supplies",2021-10-02 06:18:51,2024-07-30 06:37:22.19,,"The TTMI Trafalgar is a company based in the Shire of Baw Baw, Victoria, Australia. It operates in the farm equipment sector, providing both farm equipment repair services and supplying farm equipment.",Industrial Equipment Supplier | Equipment Repair,Active,,,,,,,,17179871174
17179899250,Apartamentos Tito San Nicolás,,Apartamentos Tito San Nicolás,ES,Spain,Valencian Community,,Alicante,,,,,,", Alicante, Valencian Community, Spain","ES, Spain, Valencian Community, Alicante, , , , 38.3436365, -0.4881708",1,Private,,,"Apartamentos Tito San Nicolás is a real estate agent/manager based in Alicante, Spain.",,Real Estate,Services,Professional Services,Real Estate - Agents & Managers,531210,Offices of Real Estate Agents and Brokers,,,Real Estate - Agents & Managers,Real Estate - Agents & Managers,Real Estate,+34965158584,+34965158584,,,,https://www.apartamentostito.es/,apartamentostito.es,es,,https://www.facebook.com/apartamentostitoalicante/,https://twitter.com/apartamentotito,https://www.instagram.com/apartamentostito/,http://www.linkedin.com/company/apartamentos-tito-san-nicol%c3%a1s,,,,,,,,,,,,6531,Real Estate Agents and Managers (agents and brokers),6820,Real estate activities on a fee or contract basis,68.31 | 68.32,Real estate agencies | Management of real estate on a fee or contract basis,2024-03-27 07:47:51.324,2024-03-27 07:47:51.324,,,,Active,apartamentostito.es,apartamentostito.es,447567,modelled,3,extracted,,17179879649
17179899353,Colne Valley Museum,,Colne Valley Museum,GB,United Kingdom,England,,Huddersfield,HD1 5ET,King Cliffe Road,,,,"Cliffe Ash, Huddersfield, HD7 4, United Kingdom","GB, United Kingdom, England, Huddersfield, HD1 5ET, King Cliffe Road, , 53.6594904, -1.7880695",1,Private,,,"Colne Valley Museum is a museum based in Huddersfield, United Kingdom.",,Museums and Zoos | Museums and Cultural Institutions,Services,Consumer Services,Museums,712110,Museums,,,Museums,"Museums, Theaters & Venues","Arts, Entertainment & Recreation",,,,,,https://www.colnevalleymuseum.org.uk/,colnevalleymuseum.org.uk,org.uk,,,,,http://www.linkedin.com/company/colne-valley-museum,,,,,,,,,,,,8412,Museums and Art Galleries (except historic and heritage sites),9102,Museums activities and operation of historical sites and buildings,91.03 | 91.02,Operation of historical sites and buildings and similar visitor attractions | Museums activities,2024-03-26 18:32:18.124,2024-03-26 18:32:18.124,,,,Active,colnevalleymuseum.org.uk,colnevalleymuseum.org.uk,221202,modelled,3,extracted,,17179873475
17179899398,Kobekarakaratei Isetamakiten,,Kobekarakaratei Isetamakiten,JP,Japan,Mie Prefecture,,Tamaki,519-0401,Route Toba-Matsusaka,462,34.5158223,136.6353288,"462 Seko, Tamaki, Watarai District, Mie 519-0401, Japan","JP, Japan, Mie Prefecture, Tamaki, 519-0401, Route Toba-Matsusaka, 462, 34.5158223, 136.6353288",,,,,,,,,,,,,,,,,,+81596648135,+81596648135,,,,http://www.kobe-karakara.com/restaurant/ise.html,kobe-karakara.com,com,,,,,,,,,,,,,,,,,,,,,,,2024-04-19 03:34:15.885,2024-12-08 19:52:04.074,,"Kobekarakaratei Isetamakiten is a Yakiniku restaurant located in Tamaki, Mie Prefecture, Japan. The establishment offers a variety of services including dine-in, takeout, and delivery. It serves lunch, dinner, and dessert, and features a casual and cozy atmosphere. The restaurant is suitable for groups and welcomes children, with amenities such as high chairs available. It also accepts reservations and credit card payments.",Card Payment Services | High Chair Dining | All-you-can-eat Dining Experience | Restaurant | Parking Availability | Dinner Options | Alcoholic Beverages | Wheelchair Accessible Dining | Dessert Options | Reservation Services,Active,,,,,,,,17179882466
17179899506,Friendly Odd Job Service,,Friendly Odd Job Service,GB,United Kingdom,England,,Skegness,PE25 2SW,Roman Bank,75,53.147600999999995,0.33824550000000003,"75 Roman Bank, Skegness PE25 2SW, United Kingdom","GB, United Kingdom, England, Skegness, PE25 2SW, Roman Bank, 75, 53.147600999999995, 0.33824550000000003",1,Private,,,"Friendly Odd Job Service is a handyman services company based in Skegness, United Kingdom.",,,Services,Professional Services,Residential Remodelers,236118,Residential Remodelers,,,Handyman Services,General Contractors & Heavy Construction,Construction,,,,,,https://www.lincolnshire-handyman.co.uk/handyman-in-skegness/,lincolnshire-handyman.co.uk,co.uk,,,,,,,,,,,,,,,,,1521 | 1522 | 1531 | 8741,General Contractors - Single-Family Houses (remodeling contractors) | General Contractors - Residential Buildings Other Than Single-Family (remodeling contractors) | Operative Builders (residential operative remodelers) | Management Services (residential remodeling construction management),4100,Construction of buildings,41.1 | 41.2,Development of building projects | Construction of residential and non-residential buildings,2023-04-20 06:49:28.175,2025-01-16 06:49:23.639,,"Friendly Odd Job Service is a company based in Skegness, England, United Kingdom. It operates in the categories of handyman services, tree services, and general handyman work.",Handyman and Tree Trimming Services | Tree Trimming Tools | Service Provider,Active,,,,,,,,17179872862
17179899696,Reblaus - Wine & Dine,,Reblaus - Wine & Dine,DE,Germany,Schleswig-Holstein,,Sylt,25980,Am Tipkenhoog,2,54.8928818,8.375263,"Am Tipkenhoog 2, 25980 Sylt","DE, Germany, Schleswig-Holstein, Sylt, 25980, Am Tipkenhoog, 2, 54.8928818, 8.375263",1,Private,,,"Reblaus - Wine & Dine is a restaurant based in Sylt, Germany.",,,Services,Consumer Services,Full-Service Restaurants,722511,Full-Service Restaurants,,,Restaurants,Restaurants,Accommodation & Food Services,,,,,,https://reblaus-sylt.de/,reblaus-sylt.de,de,,https://www.facebook.com/reblaussylt/,,https://www.instagram.com/reblaus_sylt/,,,,,,,,,,,,,5812,Eating Places (full-service restaurants),5610,Restaurants and mobile food service activities,56.1,Restaurants and mobile food service activities,2021-12-08 20:00:51,2025-01-08 17:11:04.676,,"Reblaus - Wine & Dine is a restaurant located in Sylt, Germany. It offers a variety of dining options, including lunch and dinner, and serves a range of beverages such as wine, beer, cocktails, coffee, and liquor. The establishment provides various services such as curbside pickup, takeout, and catering. It is equipped with facilities for outdoor seating, wheelchair accessibility, and has a parking lot and street parking available. The restaurant also accommodates groups, children, and offers high chairs and a children's menu. Payment can be made via debit card, mobile NFC, and credit cards.",Wheelchair Accessible Entrance | Coffee Beverages | Outdoor Seating Area | Catering Services | Curbside Pickup | Takeout Services | Alcoholic Beverages,Active,,,,,,,,17179874280
17179899768,Jet paqueteria,,Jet paqueteria,MX,Mexico,Jalisco,,Guadalajara,,,,,,", Guadalajara, Jalisco, Mexico","MX, Mexico, Jalisco, Guadalajara, , , , 20.6720375, -103.338396",1,Private,,,"Jet paqueteria is a trucking and logistics company based in Guadalajara, Mexico.",Es una empresa en el mercado dedicada a la rápida entrega de envíos. Esta empresa esta conformada por un gran equipo empeñado en brindar el mejor servicio al adaptarnos a las necesidades del cliente con entregas y recolecciones puntuales y atención personalizada,,Services,Professional Services,Freight Trucking,484110,"General Freight Trucking, Local",,,Trucking and Logistics,Freight Transport,Transport & Warehousing,,,,,,https://www.jetpaqueteria.com/,jetpaqueteria.com,com,,,,,http://www.linkedin.com/company/jet-paqueteria,,,,,,,,,,,,4214 | 4212,Local Trucking With Storage (general freight) | Local Trucking Without Storage (general freight),4923,Freight transport by road,49.41 | 49.42,Freight transport by road | Removal services,2024-11-09 06:58:01.433,2024-11-09 06:58:01.433,,,,Active,,,124898,modelled,4,extracted,,17179869660
17179900003,Prescott Hearing Center Prescott Hearing Center,,Prescott Hearing Center Prescott Hearing Center,US,United States,Arizona,,Prescott,86301,Clearwater Drive,,,,,"US, United States, Arizona, Prescott, 86301, Clearwater Drive, , 34.599063873291016, -112.47206115722656",,,,,,,,,,,,,,,,,,+19288998104,+19288998104,,,,https://www.prescotthearing.com/,prescotthearing.com,com,,,,,,,,,,,,,,,,,,,,,,,2022-02-11 14:54:42,2022-02-11 14:54:42,,,,Active,prescotthearing.com,prescotthearing.com,,,,,,17179874876
17179900008,Luces y Efectos Universales David Fuegos artificiales,,Luces y Efectos Universales David Fuegos artificiales,PA,Panama,Chiriquí,,David,,Calle H Norte,,,,"Calle H Norte, David, Chiriquí Province, Panama","PA, Panama, Chiriquí, David, , Calle H Norte, , 8.4363463, -82.42535980000001",1,Private,,,"Luces y Efectos Universales David Fuegos artificiales is a missiles, explosives & fireworks supplier based in David, Panama.",,,Retail,Durable Products,,,,,,"Missiles, Explosives & Fireworks","Guns, Hunting & Fishing",Toys & Sporting Goods,+5077741235,+5077741235,,,,https://www.lucesyefectosuniversales.com/,lucesyefectosuniversales.com,com,,,,,,,,,,,,,,,,,,,,,,,2024-05-29 00:08:58.937,2024-07-05 16:24:28.736,,"Luces y Efectos Universales David is a fireworks store located in David, Chiriquí, Panama. The store specializes in the sale of fireworks and is categorized under both 'Fireworks store' and 'Shopping mall'.",Fireworks Store | Explosives Manufacturing | Credit Card Payment | In-store Pickup | Shopping Mall | Same Day Delivery,Active,,,,,,,,17179870985
17179900041,Champlin Co.,Champlin Co.,,US,United States,Connecticut,,Hartford,06106,Hamilton Street,236,41.75528859999999,-72.7037093,"236 Hamilton St, Hartford, CT 06106, United States","US, United States, Connecticut, Hartford, 06106, Hamilton Street, 236, 41.75528859999999, -72.7037093",1,Private,,,"Champlin Co. is a packing & crating company based in Hartford, Connecticut, United States.",,,Manufacturing,Capital Products,Packing & Sealing Devices & Materials,326112,Plastics Packaging Film and Sheet (including Laminated) Manufacturing,,,Packing & Crating,Containers & Packaging,Other Capital Goods,+18604322818,+18604322818,,,,http://www.champlincompany.com/,champlincompany.com,com,,,,,,,,,,,,,,,,,2671,"Packaging Paper and Plastics Film, Coated and Laminated (single-web and multi-web plastics packaging film and sheet)",2220,Manufacture of plastics products,22.21 | 22.22 | 22.23 | 22.29,"Manufacture of plastic plates, sheets, tubes and profiles | Manufacture of plastic packing goods | Manufacture of builders’ ware of plastic | Manufacture of other plastic products",2021-12-08 14:31:52,2024-10-25 23:31:33.721,,"Champlin Co is a company based in Hartford, Connecticut, United States. It operates in the packaging industry, providing packaging solutions and supplies.",Coated Paper Production | Onsite Services | Paper Bags Manufacturer | Packages and Packaging Solutions,Active,,,,,,,,17179872223
17179900061,CASA ARTURO BISTRO LLC.,CASA ARTURO BISTRO LLC.,,US,United States,New Jersey,,Little Falls,07424,Main Street,75,40.881256103515625,-74.22765350341797,"United States, NJ, Little Falls, 75 Main St, 07424-1525","US, United States, New Jersey, Little Falls, 07424, Main Street, 75, 40.881256103515625, -74.22765350341797",,,,,,,,,,,,,,,,,,,,,,,https://www.arturobistro.com/,arturobistro.com,com,,,,,,,,,,,,,,,,,,,,,,,2022-12-13 18:46:06.334,2022-12-13 19:17:35.311,,,,Active,arturobistro.com,arturobistro.com,,,,,,17179870846
17179900104,RS Number 1,,RS Number 1,CH,Switzerland,,,,,,,,,,"CH, Switzerland, , , , , , 46.7985624, 8.2319736",1,Private,,,RS Number 1 is a flight training school based in Switzerland.,Entdecke massgeschneidertes Torhütertraining in der Region Basel für Torhüter/innen aller Levels. Wir bieten ausschliesslich Einzel- oder Kleingruppentraining (maximal 4 Teilnehmer) für Kinder ab 6 Jahren an.,,Education,Education,Recreational Sports Instruction,611620,Sports and Recreation Instruction,,,Flight Training,Professional Schools,Education,+41797031806,+41797031806,raffi@rsnumber1.ch,,,https://www.rsnumber1.ch/,rsnumber1.ch,ch,de,https://www.facebook.com/RS-1-Die-Moderne-Torh%C3%BCterschule-2545243818882117/,,https://www.instagram.com/rs_1_moderne_torhueterschule/,https://www.linkedin.com/company/rs-1-die-moderne-torh%C3%BCterschule,,,https://www.youtube.com/channel/UCVFJA44YTXVFfj3dm6YrssA?view_as=subscriber,,,Professional & Commercial Services,SV-PS,Consumer Services,SV.3,Services,SV,7999 | 8299,"Amusement and Recreation Services, NEC (baseball, basketball, bowling, gymnastic, judo, karate, parachute, scuba and skin diving, skating, ski, swimming, tennis, and other sports instruction; and sports instructional schools and camps) | Schools and Educational Services, NEC (baton instruction)",8541,Sports and recreation education,85.51,Sports and recreation education,2021-09-03 08:31:41,2024-11-09 01:32:51,8,"RS#1 is a company based in Basel, Switzerland, specializing in customized goalkeeper training for goalkeepers of all levels. They offer individual or small group training sessions for children aged 6 and above, focusing on personalized coaching and valuable tips for goalkeeper development.",Educational | Tips and Tricks for Goalkeeper Development | Individualized Training Programs | Goalkeeper Training for Children and Adolescents | Coaching Individuals,Active,rsnumber1.ch,rsnumber1.ch,86283,modelled,1,extracted,8,17179880488
17179900152,Snazzy Traveler,,Snazzy Traveler,US,United States,California,,Carlsbad,,,,,,"Carlsbad, CA, United States, California","US, United States, California, Carlsbad, , , , 33.1580933, -117.3505966",,,,,,,,,,,,,,,,,,,,social@snazzytraveler.com,social@snazzytraveler.com,,https://www.snazzytraveler.com/,snazzytraveler.com,com,,https://www.facebook.com/snazzytraveler/,,,,,,,,,,,,,,,,,,,,,2023-02-17 12:12:41.245,2024-04-06 10:23:25.118,,,,Active,snazzytraveler.com,snazzytraveler.com,,,,,,17179869286
17179900621,At Grover & Fensterstock P.C.,At Grover & Fensterstock P.C.,,US,United States,New York,Manhattan,New York,10017,3rd Avenue,733,40.7529498,-73.9720526,"733 3rd Ave, New York, New York, 10017-3200, United States","US, United States, New York, New York, 10017, 3rd Avenue, 733, 40.7529498, -73.9720526",1,Private,1999,1999,"At Grover & Fensterstock P.C. is a real estate attorney based in New York, United States.","At Grover & Fensterstock P.C., our focus is in providing the highest quality of legal service to all of our clients, regardless of size. We take pride in our attention to detail and our client relationships. As a boutique firm, we are confident that all of our clients receive the highest quality of legal care. Personalized customer service and the ability to contact an attorney at any time are just a few of the qualities our firm takes pride in. Due to the close personal nature of our fields of practice, courtesy and personal service are core values at Grover & Fensterstock P.C. Every person who comes in contact with our staff is treated with respect. Everyone is given the full courtesy and attention of our firm. Our attorneys are knowledgeable in every facet of law with extensive experience in personal injury as well as real estate and banking matters. Our attorneys are able to resolve any and all situations that may develop through their vast knowledge and experience. We proudly offer a full range of legal services in the following fields of law:Personal Injury and Accident Claims
Bank Closings and Lender Representation
Real Estate Transactions",Legal Services | Legalization Services | Banking Matters | Fields Of Law | Lenders Representation | Real Estate And Transactions | Real Estate,Services,Professional Services,Lawyers,541110,Offices of Lawyers,,,Real Estate Attorneys,Lawyers,Legal,+18669952993,+18669952993,,,,https://www.gfpc.us/,gfpc.us,us,,,,,http://www.linkedin.com/company/groverfensterstock,,,,,,,,,,,,8111,Legal Services,6910,Legal activities,69.1,Legal activities,2022-02-20 03:27:13,2024-11-25 10:03:37.093,,"Grover & Fensterstock P.C. is a boutique law firm that specializes in providing high-quality legal services to clients of all sizes. With a focus on attention to detail and strong client relationships, the firm takes pride in personalized customer service and the ability to contact an attorney at any time. Their attorneys are knowledgeable in various fields of law, including personal injury, real estate, and banking matters. Grover &fensterstock offers a full range of legal services in areas such as personal injury and accident claims, bank closings and lender representation, and real estate transactions. The firm values courtesy and personal service, treating every person with respect and providing full courtesy and attention.",Legal Services | Bank Closings and Lender Representation | Car Accident Claims | Boutique Law Firm | Legal Representation for Personal Injury Cases,Active,,,766995,modelled,3,extracted,,17179869994
17179900623,A-LAN,,A-LAN,PL,Poland,Silesian Voivodeship,,Katowice,40-389,Bednarska,17,50.2655191,19.0900805,"Bednarska 17, 40-389 Katowice, Poland","PL, Poland, Silesian Voivodeship, Katowice, 40-389, Bednarska, 17, 50.2655191, 19.0900805",,,,,,,,,,,,,,,,,,+48322539823,+48322539823,,,,http://www.a-lan.pl/,a-lan.pl,pl,,,,,,,,,,,,,,,,,,,,,,,2023-08-03 11:10:45.567,2025-01-03 20:19:59.046,,"A-LAN is a company based in Katowice, Poland, operating in the manufacturing and wholesale sectors.",Manufacturer | Wholesale Ophthalmic Products,Active,,,,,,,,17179870143
17179900802,Briefmarkenauktionshaus Schulz,,Briefmarkenauktionshaus Schulz,DE,Germany,Bavaria,Tafelhof,Nuremberg,90443,Frauentorgraben,73,49.447103,11.068522899999998,"Frauentorgraben 73, 90443 Nürnberg, Germany","DE, Germany, Bavaria, Nuremberg, 90443, Frauentorgraben, 73, 49.447103, 11.068522899999998",,,,,,,,,,,,,,,,,,+499112418365,+499112418365,,,,https://www.schulz-auktionen.de/,schulz-auktionen.de,de,,,,,,,,,,,,,,,,,,,,,,,2021-10-01 23:39:03,2025-01-09 21:11:27.442,,"Briefmarkenauktionshaus Schulz is an auction house located in Nuremberg, Bavaria, Germany.",Auction Services,Active,,,,,,,,17179869834
17179900805,FUN AND TICKETS,,FUN AND TICKETS,ES,Spain,Community Of Madrid,Centro,Madrid,28013,Calle Mayor,43,40.4159717,-3.7083349,"Calle Mayor, 43 28013 Madrid","ES, Spain, Community of Madrid, Madrid, 28013, Calle Mayor, 43, 40.4159717, -3.7083349 | ES, Spain, Balearic Islands, Palma, 07121, , , 39.5695818, 2.6500745",2,Private,,,"FUN AND TICKETS is a travel agency based in Madrid, Spain.","Descubre la magia de Berlín. Sumérgete en su cultura, saborea su gastronomía y déjate llevar por la magia de esta ciudad gallega. ¡Ven y descubre la cultura de vivir de A Coruña. Descubre un destino único que ofrece una combinación impresionante de arqueología maya, cultura, cenotes y ríos subterráneos, buceo en arrecifes de coral, pesca en alta mar y actividades ideales para viajes en familia. Combina ecoturismo, aventura y bienestar, ofreciendo actividades como surf, tirolesa, buceo y pesca en sus playas del Pacífico y Caribe. También destacan retiros y spas en entornos naturales. Desde el vibrante estilo de vida en Santo Domingo hasta las emocionantes rutas de aventura, pasando por los exquisitos sabores de nuestra gastronomía y los paisajes que te dejarán sin aliento. ¡Sumérgete en una experiencia inolvidable donde cada momento es único. Conoce todo sobre las atracciones, lugares de interés y los mejores destinos en la linda isla de Ibiza... ¡Diversión total! ¡Playa, sol y fiesta. Descubre la autenticidad de la Región de Murcia.",,Services,Consumer Services,Travel Agencies,561510,Travel Agencies,,,Travel Agencies,Travel Agencies,Other Consumer Services,+34912590230,+34912590230,info@funandtickets.com,,,https://www.funandticketsviajes.com/,funandticketsviajes.com,com,es,https://www.facebook.com/funandtickets/,,https://www.instagram.com/funandtickets/,,,,,,,Leisure Facilities,SV-LF,Hospitality & Recreation,SV.2,Services,SV,4724,Travel Agencies,7911,Travel agency activities,79.11,Travel agency activities,2021-08-21 08:08:59,2024-12-08 13:51:39,254,"FUN AND Tickets is a travel agency based in Azuqueca de Henares, Castile-La Mancha. The company offers a wide range of travel services, including customized travel packages, cruises, city breaks, and various holiday destinations. They provide options for flights, hotels, trains, ferries, and car rentals. FUN AND Tickets specializes in guided tours, attractions, excursions, and activities in major cities such as Madrid, Barcelona, and Palma de Mallorca. The agency is known for its personalized service and over 20 years of experience in the travel industry.",Caribbean Vacations Organizer | Family Package Services | Tour Booking from Barcelona | Booking Services | Tailor-made Trips | Adult-only Packages | Car Rental Services | Last-minute Cruises | All-inclusive Packages for Special Occasions | Travel Agency Services | Personalized Travel Recommendations | North of Europe Cruises Provider | Confidence Guarantee,Active,reservaryviajar.es | funandticketsviajes.com,reservaryviajar.es | funandticketsviajes.com,1931166,modelled,25,modelled,254,17179872389
17179900828,Thailand,,Thailand | Thailand.ᴏʀɢ,GR,Greece,,,,,,,,,,"GR, Greece, , , , , , 38.9953683, 21.9877132",1,Private,,,Thailand is a tour operator based in Greece.,"Ανακαλύψτε τα καλύτερα της Ταϊλάνδης. Bliss Travel κατηγορία Οδηγός ταξί Που βρίσκεται στην Χούα Χιν. Phuket Travel Blogger κατηγορία Κατάδυση Που βρίσκεται στην Πουκέτ. Organika Spa & Wellne... κατηγορία Πραγματα να κανεις Που βρίσκεται στην Silom. Nordic Bespoke Tailor... κατηγορία Ράφτης Που βρίσκεται στην Sukhumvit. Savanna Massage - Udo... κατηγορία Πραγματα να κανεις Που βρίσκεται στην Εκδήλωση. Η πλατφόρμα αξιολογεί σχολαστικά κάθε επιχείρηση για να διασφαλίσει ότι αντιπροσωπεύει αυθεντικά την κουλτούρα της Ταϊλάνδης και δεσμεύεται σε βιώσιμες πρακτικές. Με αυτόν τον τρόπο, η πλατφόρμα προσφέρει στους ταξιδιώτες μοναδικές γνώσεις για την πλούσια ταπετσαρία της ζωής και των τοπίων της Ταϊλάνδης, ενισχύοντας τη βαθύτερη κατανόηση και εκτίμηση της χώρας. Η καινοτομία στον πυρήνα.",Beach Shop | Sightseeing And Tours | Tour And Travels | Adventure Days | Beach Tours | Sea Turtles | Custom Tailor | Udon | Ubon Ratchathani,Services,Consumer Services,Tour Operators,561520,Tour Operators,,,Tour Operators,Travel Agencies,Other Consumer Services,+66817948058,+66812366578 | +66806961461 | +6676681029 | +66818328732 | +66817948058 | +66968415951 | +66900020003 | +66835624263 | +66822206002 | +66847407119 | +66982655293 | +6621072500,support@thailand.org,,,https://www.thailand.com.gr/,thailand.com.gr,com.gr,el,,,,,https://geo.itunes.apple.com/app/thailand-org-travel-guide/id6520379562?platform=iphone&mt=8&ls=1,https://play.google.com/store/apps/details?id=app.thailand,,,,Leisure Facilities,SV-LF,Hospitality & Recreation,SV.2,Services,SV,4725,Tour Operators,7912,Tour operator activities,79.12,Tour operator activities,2024-04-20 09:55:51,2024-11-13 06:41:14,1034,"Thailand is a company that provides a comprehensive guide to travel experiences across Thailand. The company focuses on promoting authentic and reliable tourism, ensuring high standards through a system of cultural authenticity and sustainability. Thailand offers a wide range of tours and transportation services, catering to various destinations including popular tourist spots like Chiang Mai, Phuket, and Krabi. The company aims to deliver culturally rich and responsible travel experiences throughout Thailand.",Transportation Services | Isaan Tours | Krabi Tours | Top-rated Things to Do | Community-verified Travel Experiences | Tourism Portal Services | Group Tours in Kanchanaburi | Retail Store | Shopping Opportunities | Ayutthaya Tours,Active,thailand.com.gr,thailand.com.gr,5693141,modelled,75,modelled,1034,17179900828
17179900917,SignMeUp Designs,,SignMeUp Designs,CA,Canada,British Columbia,,Vancouver,V5Y,West 5th Avenue,415,49.2667682,-123.11317,"415 West 5th Avenue, Vancouver, BC, V5Y, Canada","CA, Canada, British Columbia, Vancouver, V5Y, West 5th Avenue, 415, 49.2667682, -123.11317",1,Private,,,"SignMeUp Designs is a signs & commercial screens supplier based in Vancouver, British Columbia, Canada.","From formal and elegant to fresh, fun or rustic designs, the Sign Me Up team create commercial art and signage for a wide variety of applications. If you're looking for a professional Vancouver sign shop, you've come to the right place. We specialize in large scale sign painting and large format printing plus enjoy creating many other custom signage requests like 3D cut signs, window display, sandwich boards, wood signs, boutique signs for retail & more. A few years after high school I decided to go to 'Sign School' where we not only learned on computers but the old school way of hand painted letters. We're located in beautiful Vancouver, BC, near Olympic Village. We're excited to hear your vision and provide viable solutions that will truly make a difference for your business or organization.",Design & Installation | Hand Painted Lettering | Large Format Print | Print Heads | Sandwich Boards | Custom Signage | Large Signs | Sign Painting | Wood Sign | High Schools,Manufacturing,Capital Products,Signs & Commercial Screens,339950,Sign Manufacturing,,,Signs & Commercial Screens,Commercial Equipment & Supplies,Other Capital Goods,+16047798567,+16047798567,info@signmeupdesigns.ca,info@signmeupdesigns.ca,,https://www.signmeupdesigns.ca/,signmeupdesigns.ca,ca,en,,https://twitter.com/SignMeUpDesigns,https://www.instagram.com/signmeupdesigns/,,,,,,,Advertising & Marketing,SV-AD,Media,SV.1,Services,SV,3993,Signs and Advertising Specialties (signs),1629 | 1811 | 2220 | 2599 | 2790,"Manufacture of other products of wood; manufacture of articles of cork, straw and plaiting materials | Printing | Manufacture of plastics products | Manufacture of other fabricated metal products n.e.c. | Manufacture of other electrical equipment",22.21 | 22.22 | 22.23 | 22.29 | 16.29 | 25.92 | 25.99 | 25.94 | 25.91 | 25.93 | 27.9 | 18.12 | 18.11,"Manufacture of plastic plates, sheets, tubes and profiles | Manufacture of plastic packing goods | Manufacture of builders’ ware of plastic | Manufacture of other plastic products | Manufacture of other products of wood; manufacture of articles of cork, straw and plaiting materials | Manufacture of light metal packaging | Manufacture of other fabricated metal products n.e.c. | Manufacture of fasteners and screw machine products | Manufacture of steel drums and similar containers | Manufacture of wire products, chain and springs | Manufacture of other electrical equipment | Other printing | Printing of newspapers",2020-10-28 21:54:24,2024-12-02 21:53:48,6,"SignMeUp Designs is a company based in Vancouver, British Columbia, specializing in the creation of commercial art and signage. With over 27 years of experience, the company offers a wide range of custom signage solutions, including large-scale sign painting, large format printing, 3D cut signs, window displays, sandwich boards, wood signs, and boutique signs for retail. SignMeUp Designs is known for its craftsmanship and dedication to delivering high-quality, durable signs that enhance the visual appeal of businesses and properties.",Large Format Print | Large-scale Sign-paintings | Wooden Signs | Sandwich Boards | Boutique Signs | 3D Cut Signs | Window Displays | Painting and Signage Services,Active,signmeupdesigns.ca | signmeupdesigns.com,signmeupdesigns.ca | signmeupdesigns.com,144890,modelled,1,modelled,6,17179871243
17179900937,NK CAR SALES SHEFFIELD,,NK CAR SALES SHEFFIELD,GB,United Kingdom,England,,Sheffield,S4 7JW,Gower Street,,,,"Gower St, Sheffield S4 7JW, United Kingdom","GB, United Kingdom, England, Sheffield, S4 7JW, Gower Street, , 53.392830000000004, -1.4553767000000002",1,Private,,,"NK CAR SALES SHEFFIELD is an automobile dealers & manufacturer based in Sheffield, United Kingdom.","Open By Appointment Only*** We are open by appointment only so we can ensure the very best level of service given to each of our customers. We supply beautiful, handpicked pre-owned prestige cars and Vans in Sheffield, South Yorkshire. Our motto is quality and not quantity. Read our reviews to see how we look after our customers.",,Retail,Durable Products,Automobile Dealers & Manufacturers,441120,Used Car Dealers,,,Automobile Dealers & Manufacturers,Automobile Dealers & Manufacturers,Automotive,+441143496217,+441143496217,,,,http://www.nkcarsalesyorkshire.co.uk/,nkcarsalesyorkshire.co.uk,co.uk,,https://www.facebook.com/nkcarsltd12345/,,https://www.instagram.com/nkcarsales/,,,,,,,,,,,,,5521,Motor Vehicle Dealers (Used Only),4510,Sale of motor vehicles,45.11 | 45.19,Sale of cars and light motor vehicles | Sale of other motor vehicles,2021-04-22 18:05:04,2025-01-15 11:29:27.05,,"NK CAR SALES SHEFFIELD is a used car dealer located in Sheffield, England. The company specializes in the sale of pre-owned vehicles.",Paperwork Assistance | Hassle-free Car Buying Experience | Automotive Sales Sheffield | Used Car Dealership,Active,,,,,,,,17179869715
17179900941,Sportano - biuro,,Sportano - biuro,PL,Poland,Lubusz Voivodeship,,Zielona Góra,65-427,Wrocławska,17b/15-16,51.93656,15.510462000000004,"Wrocławska 17B/15-16, 65-427 Zielona Góra, Poland","PL, Poland, Lubusz Voivodeship, Zielona Góra, 65-427, Wrocławska, 17b/15-16, 51.93656, 15.510462000000004",1,Private,,,"Sportano - biuro is a sporting goods store based in Zielona Góra, Poland.",,,Retail,Durable Products,Sporting Goods Store,459110,Sporting Goods Retailers,,,Sporting Goods Store,Sporting Goods,Toys & Sporting Goods,+48684139020,+48684139020,,,,https://www.sportano.pl/,sportano.pl,pl,,,,,,,,,,,,,,,,,5421 | 5142 | 5961 | 7699 | 5099 | 5941 | 5961 | 5431 | 5963 | 5091 | 5961 | 5411,"Meat and Fish (Seafood) Markets, Including Freezer Provisioners (freezer provisioners) | Packaged Frozen Foods (frozen food sold via retail method) | Catalog and Mail-Order Houses (electronic auctions) | Repair Shops and Related Services, NEC (new bicycle retail sales combined with repair-repair services for bicycles as major source of receipts) | Durable Goods, NEC (ammunition and firearms sold via retail method) | Sporting Goods Stores and Bicycle Shops | Catalog and Mail-Order Houses (mail-order houses) | Fruit and Vegetable Markets (temporary fruit and vegetable stands) | Direct Selling Establishments (except mobile food services and food wagons) | Sporting and Recreational Goods and Supplies (sporting and recreational goods sold via retail method) | Catalog and Mail-Order Houses (electronic shopping web sites) | Grocery Stores (frozen food and freezer plan providers)",4763 | 4773 | 4789 | 4791 | 4799 | 9529,"Retail sale of sporting equipment in specialized stores | Other retail sale of new goods in specialized stores | Retail sale via stalls and markets of other goods | Retail sale via mail order houses or via Internet | Other retail sale not in stores, stalls or markets | Repair of other personal and household goods",47.91 | 47.64 | 47.76 | 47.77 | 47.78 | 47.89 | 47.99 | 95.29 | 95.25,"Retail sale via mail order houses or via Internet | Retail sale of sporting equipment in specialised stores | Retail sale of flowers, plants, seeds, fertilisers, pet animals and pet food in specialised stores | Retail sale of watches and jewellery in specialised stores | Other retail sale of new goods in specialised stores | Retail sale via stalls and markets of other goods | Other retail sale not in stores, stalls or markets | Repair of other personal and household goods | Repair of watches, clocks and jewellery",2024-04-16 16:11:38.176,2025-01-08 10:51:42.185,,"Sportano - biuro is a corporate office and sporting goods store located in Zielona Góra, Poland.",Corporate Office Solutions | Sports Equipment Retailer,Active,,,,,,,,17179872372
17179901110,Penrose Park Velodrome,,Penrose Park Velodrome,US,United States,Missouri,,St. Louis,63115,North Kingshighway Boulevard,4200,38.681808,-90.247855,4200 N. Kingshighway Blvd. St. Louis MO 63115,"US, United States, Missouri, St. Louis, 63115, North Kingshighway Boulevard, 4200, 38.681808, -90.247855",1,Private,,,"Penrose Park Velodrome is a race tracks & racing supplier based in St. Louis, Missouri, United States.",,Tracks & Recordings,Services,Consumer Services,Race Tracks & Racing Supplies,711212,Racetracks,,,Race Tracks & Racing Supplies,Sports,"Arts, Entertainment & Recreation",+13143689349,+13143689349,gsogilvie@gmail.com,,,https://www.penroseparkvelo.com/,penroseparkvelo.com,com,en,,,,,,,,,,,,,,,,7948,"Racing, Including Track Operations (track operations)",9311,Operation of sports facilities,93.11 | 93.13,Operation of sports facilities | Fitness facilities,2021-09-01 13:49:44,2024-11-07 21:38:38,13,"Penrose Park Velodrome is an outdoor concrete velodrome located in St. Louis, Missouri. Originally constructed in 1962, it underwent resurfacing in 1984, partial repairs in 2005, and a complete renovation in 2019. The track, originally measuring 1/5th of a mile, now spans 322 meters per lap. It is open year-round in dry weather during daylight hours. The velodrome hosts race events and structured training sessions, managed by the Rise Above Cycling team. The facility is owned by the City of St. Louis and continues a history of track cycling in the community dating back to the 1890s.",Sports Facility Management | Race Organization | Structured Training Sessions | Outdoor Concrete Velodrome | Recreational Services | Recreational Facility Management Services | Event Management Services for Cycling Events | Leisure Activities,Active,penroseparkvelo.com,penroseparkvelo.com,4317183,modelled,15,modelled,13,17179871700
17179901144,Kulturno prireditveni center narodni dom Maribor,,Kulturno prireditveni center narodni dom Maribor,SI,Slovenia,Maribor,,Maribor,2000,Ulica Kneza Koclja,9,46.5575631,15.649229900000002,"Ulica kneza Koclja 9, 2000 Maribor, Slovenia","SI, Slovenia, Maribor, Maribor, 2000, Ulica kneza Koclja, 9, 46.5575631, 15.649229900000002",,,,,,,,,,,,,,,,,,+38622294000,+38622294000,,,,http://www.nd-mb.si/,nd-mb.si,si,,https://www.facebook.com/narodnidommaribor/,,https://www.instagram.com/narodni_dom_maribor/,,,,,,,,,,,,,,,,,,,2022-11-01 10:50:22.48,2025-01-09 15:34:20.821,,"The Kulturno prireditveni center narodni dom Maribor is a concert hall located in Maribor, Slovenia.",Restaurant Services | Credit Card Payment | Sports Promotion | NFC Mobile Payments | Concerts Hall | Wheelchair Accessible Entrance | Bathroom Facilities | Cultural Events Promotion | Onsite Bar | Concertification,Active,,,,,,,,17179873256
17179901376,Unió Musical de Muro,,Unió Musical de Muro,ES,Spain,Valencian Community,,Muro De Alcoy,03830,Carme,2,38.7803069,-0.4357438999999999,"Cra Carme, 2, 03830 Muro d'Alcoi, Alicante, Spain","ES, Spain, Valencian Community, Muro de Alcoy, 03830, Carme, 2, 38.7803069, -0.4357438999999999",1,Private,,,"Unió Musical de Muro is a musician/orchestra/band based in Muro de Alcoy, Spain.",,,Services,Consumer Services,"Independent Artists, Musicians, and Performers",711510,"Independent Artists, Writers, and Performers",,,"Musicians, Orchestras & Bands",Entertainment,"Arts, Entertainment & Recreation",+34965530934,+34965530934,,,,http://uniomusicalmuro.org/&opi=79508299&sa=U&ved=0ahUKEwj3jZSmqp-GAxXODkQIHRODDIUQ61gIFigS&usg=AOvVaw0KbsHjgQqNpDUeVxnITXW_,uniomusicalmuro.org,org,,,,,,,,,,,,,,,,,7819 | 7922 | 7929 | 8999 | 7383 | 7699,"Services Allied to Motion Picture Production (film directors and related motion picture production services, independent) | Theatrical Producers (Except Motion Picture) and Miscellaneous Theatrical Services (theatrical costume design) | Bands, Orchestras, Actors, and Other Entertainers and Entertainment Groups (actors and actresses) | Services, NEC (authors, artists, and related technical services, independent) | News Syndicates (independent news correspondents) | Repair Shops and Related Services, NEC (taxidermists and antique repair and restoration, except antique car restoration)",3290 | 3319 | 7420 | 9000,"Other manufacturing n.e.c. | Repair of other equipment | Photographic activities | Creative, arts and entertainment activities",32.99 | 32.91 | 33.19 | 90.02 | 90.03 | 90.04 | 90.01 | 74.2,Other manufacturing n.e.c. | Manufacture of brooms and brushes | Repair of other equipment | Support activities to performing arts | Artistic creation | Operation of arts facilities | Performing arts | Photographic activities,2024-05-21 18:09:10.98,2024-05-21 18:09:10.98,,"The Unió Musical de Muro is a band based in Muro de Alcoy, Spain, within the Valencian Community.",Music Services | Band Performances | Live Performances,Active,uniomusicalmuro.org,uniomusicalmuro.org,,,,,,17179897777
17179901395,Sue-Ann Staff Estate Winery,,Sue-Ann Staff Estate Winery | Sue-Ann Staff,CA,Canada,Ontario,Jordan Station,Lincoln,L0R 1S0,7th Avenue,3210,43.12304087173902,-79.39030452915422,"3210 7th Ave, Lincoln, Ontario, L0R 1S0, Canada","CA, Canada, Ontario, Lincoln, L0R 1S0, 7th Avenue, 3210, 43.12304087173902, -79.39030452915422",1,Private,2008,2008,"Sue-Ann Staff Estate Winery is a wine shop/winery based in Lincoln, Ontario, Canada.","Sue-Ann Staff is a 5th generation Niagara grape grower & international winemaking star, winning some of the most respected wine competitions in the world.",Food Production | Wine Competition | Restaurant | Beverage Manufacturing,Wholesale,Nondurable Products,Wine Shops & Wineries,424820,Wine and Distilled Alcoholic Beverage Merchant Wholesalers,,,Wine Shops & Wineries,Beverages,Food & Beverages,+18775661719,+18775661719,,,,https://www.sue-annstaff.com/,sue-annstaff.com,com,,https://www.facebook.com/pages/Sue-Ann-Staff-Estate-Winery/208879185885286,https://twitter.com/SueAnnStaff,https://www.instagram.com/sueannstaffestatewinery,http://www.linkedin.com/company/sue-ann-staff-estate-winery,,,,,,,,,,,,5182,Wine and Distilled Alcoholic Beverages (merchant wholesalers except those selling wine and distilled beverages via retail method),4630,"Wholesale of food, beverages and tobacco",46.31 | 46.32 | 46.39 | 46.35 | 46.33 | 46.34 | 46.38 | 46.36 | 46.37,"Wholesale of fruit and vegetables | Wholesale of meat and meat products | Non-specialised wholesale of food, beverages and tobacco | Wholesale of tobacco products | Wholesale of dairy products, eggs and edible oils and fats | Wholesale of beverages | Wholesale of other food, including fish, crustaceans and molluscs | Wholesale of sugar and chocolate and sugar confectionery | Wholesale of coffee, tea, cocoa and spices",2022-04-10 22:16:49,2024-03-26 00:14:00.816,,Sue-Ann Staff is a 5th generation Niagara grape grower and international winemaking star. She has gained recognition for winning prestigious wine competitions worldwide.,Grape Cultivation Services | International Wine City Services | Award Winning Wines,Active,sue-annstaff.com,sue-annstaff.com,2300000,extracted,2,extracted,,17179882623
17179901453,John Fahrschule Berlin,,John Fahrschule Berlin | John Fahrschule,DE,Germany,Berlin,Steglitz-Zehlendorf,Berlin,12203,Gardeschützenweg,68,52.4468859,13.3063735,Gardeschützenweg 68 – 12203 Berlin – Steglitz,"DE, Germany, Berlin, Berlin, 12203, Gardeschützenweg, 68, 52.4468859, 13.3063735",1,Private,2005,,"John Fahrschule Berlin is a driving school based in Berlin, Germany.","Ende der Motorradsaison. Die Saison ist vorbei. Komm vorbei und mach bei uns in der John Fahrschule deinen Führerschein. In der John Fahrschule bilden wir seit 2005 Fahrschüler in Berlin Steglitz aus. Mit Spaß, Vertrauen und Zuverlässigkeit, helfen wir dir den Wunsch des Fahrens zu verwirklichen. Mit Erfahrung und Engagement bereiten wir dich auf dein Leben im Straßenverkehr vor. Es ist eine rein kostenlose Service-Zusatzleistung, die wir aber als Selbstverständlichkeit ansehen. Motorradhose und -jacke. Deine Fahrausbildung und Prüfung finden in einem Auto mit Automatikgetriebe statt. Der Schaltnachweis ist bei Antragstellung beim Bürgeramt vorzulegen. Wir freuen uns auf deinen Besuch.",Car And Motorcycle | Commuter Rail,Education,Education,Driving Schools,611692,Automobile Driving Schools,,,Driving Schools,Professional Schools,Education,+4915144350931,+4915144350931 | +493084314146 | +493083203940,info@johnfahrschule.de,info@johnfahrschule.de | nfo@johnfahrschule.de,,https://www.johnfahrschule.de/,johnfahrschule.de,de,de,https://www.facebook.com/johnfahrschule.de/,,https://www.instagram.com/johnfahrschule/,,,,,,,Education,SV-ED,Consumer Services,SV.3,Services,SV,8299,"Schools and Educational Services, NEC (automobile driving instruction)",8549,Other education n.e.c.,85.53 | 85.59,Driving school activities | Other education n.e.c.,2021-09-02 18:55:44,2024-11-07 15:53:12,46,"John Fahrschule is a driving school located in Berlin, Germany. Established in 2005, the school offers training for various driver's licenses, including cars, motorcycles, and mopeds. They provide classes for different levels of driving experience, from beginner to advanced, and offer additional courses such as refresher training and endorsements for specific vehicle types. The school emphasizes safety, reliability, and fun in their teaching methods, ensuring that students are well-prepared for the road.",Motorcycle Driving Lessons | Refresher Courses | Driver Training | Educational | Motorcycle License,Active,johnfahrschule.de | johnfahrschule.net | johnfahrschule.info | johnfahrschule.com,johnfahrschule.de | johnfahrschule.net | johnfahrschule.info | johnfahrschule.com,323224,modelled,8,modelled,46,17179893277
17179901593,Osteopathie - Weber,,Osteopathie - Weber | Osteopathie,DE,Germany,North Rhine-Westphalia,Krefeld-Mitte,Krefeld,47799,Luisenplatz,3-7,51.3324187,6.5682621,Luisenplatz 3-7 47799 Krefeld,"DE, Germany, North Rhine-Westphalia, Krefeld, 47799, Luisenplatz, 3-7, 51.3324187, 6.5682621",1,Private,,,"Osteopathie - Weber is an alternative therapy clinic based in Krefeld, Germany.","Sehr geehrte Damen und Herren, liebe Patientinnen und Patienten, herzlich Willkommen auf meiner Internetseite. Hier finden Sie Informationen über die Osteopathie und können meine Praxis kennen lernen. Der Bewegungsapparat, das Organsystem und das kraniosakrale System können sich gegenseitig beeinflussen. Die Migraene ist ein Symptom, dessen Ursache es zu suchen gilt. Testverfahren auf Nahrungsmittelunverträglichkeiten, Die Diagnose kann dann gezielt naturheilkundlich behandelt werden, z.B. mit Medikamenten aus der Pflanzenheilkunde, Ernährungsumstellung, Entgiftungstherapien, usw. Ausbildung zur Krankengymnastin/Physiotherapeutin mit Staatsexamen in Koblenz. Anerkennungsjahr in der orthopädischen Landesklinik in Süchteln und im Hülser Krankenhaus. Augengesundheit und funktionelle Medizin Dr. Mitglied im Bund Deutscher Heilpraktiker e.V. bdh-online.de. Verantwortlich für die Website. Wir begrüßen jeden Interessierten auf unserer Website. Für diese Informationen können wir keine Haftung übernehmen.",Osteopathic Treatment | Paediatric Osteopathy | Visceral Osteopathy | Thai Massage | Liquor | Soul & Spirit | Practice Music | Occupational Development | Daily Practice | Functional Medicine,Services,Consumer Services,Offices of All Other Miscellaneous Health Practitioners,621399,Offices of All Other Miscellaneous Health Practitioners,,,Alternative Therapy,Therapy & Alternative Medicine,Health Care & Social Assistance,+4921516479100,+4921516479100 | +4991013102017 | +4920304032018 | +496122007,info@osteopathie-weber.de,info@osteopathie-weber.de,,https://osteopathie-weber.de/,osteopathie-weber.de,de,de,,,,,,,,,,Health Care Delivery,HC-DY,Health Care Providers,HC.3,Health Care,HC,8049 | 8093,"Offices and Clinics of Health Practitioners, NEC (except mental health practitioners, physical, occupational, speech therapists, and audiologists) | Specialty Outpatient Facilities, NEC (respiratory therapy clinics and offices)",8690,Other human health activities,86.9,Other human health activities,2021-08-17 19:02:13,2024-12-01 06:14:14,1,"Osteopathie - Weber is a healthcare practice located in Krefeld, North Rhine-Westphalia. The practice specializes in osteopathy, physiotherapy, and natural medicine. The services offered include treatment for migraines, musculoskeletal issues, and organ system disorders. The practice also provides craniosacral therapy and customized physiotherapy programs. The practitioner, Sylvia Weber, is a licensed osteopath, physiotherapist, and naturopath with extensive training and experience in various therapeutic areas.",Natural Medicine Treatments | Healthcare Services | Osteopathic Treatment | Physiotherapy and Medical Gymnastics | Craniosacral Therapy,Active,osteopathie-weber.de,osteopathie-weber.de,105883,modelled,1,extracted,1,17179875167
17179901648,Hannes Rother,,Hannes Rother,DE,Germany,Mecklenburg-Vorpommern,Ortsbeirat 11 : Kröpeliner-Tor-Vorstadt,Rostock,18057,Dethardingstraße,15,54.08630420000001,12.105298099999999,"Dethardingstraße 15, 18057 Rostock, Germany","DE, Germany, Mecklenburg-Vorpommern, Rostock, 18057, Dethardingstraße, 15, 54.08630420000001, 12.105298099999999",1,Private,,,"Hannes Rother is a landscaping & lawn services company based in Rostock, Germany.",,,Services,Professional Services,Landscaping Services,561730,Landscaping Services,,,Landscaping & Lawn Services,Architecture & Planning,Architecture & Engineering Services,+493814583839,+493814583839,,,,http://hannes-rother.de/&opi=79508299&sa=U&ved=0ahUKEwjlq_mbuNeFAxW1mYQIHVwDCh0Q61gIEigP&usg=AOvVaw0mXiqaKvj77niQ2hpHtqhU,hannes-rother.de,de,,,,,,,,,,,,,,,,,0783 | 0782,Ornamental Shrub and Tree Services | Lawn and Garden Services,8130,Landscape care and maintenance service activities,81.3,Landscape service activities,2023-06-30 23:35:31.74,2024-04-23 05:02:29.31,,,,Active,hannes-rother.de,hannes-rother.de,,,,,,17179891209
17179901730,Kessler Metallverarbeitung,Kessler Metallverarbeitung e.K.,Kessler Metallverarbeitung,DE,Germany,Rhineland-Palatinate,,Bad Kreuznach,,,,,,,"DE, Germany, Rhineland-Palatinate, Bad Kreuznach, , , , 49.8431642, 7.8657658",1,Private,,,"Kessler Metallverarbeitung is a metal fabrication services company based in Bad Kreuznach, Germany.",,,Manufacturing,Capital Products,Metal products fabrication,332313,Plate Work Manufacturing,,,Metal Fabrication Services,Processed Metal,Raw Materials,+4967126093,+4967126093 | +4967135386,mail@kessler-metallverarbeitung.de,mail@kessler-metallverarbeitung.de,,https://www.kessler-metallverarbeitung.de/,kessler-metallverarbeitung.de,de,de,,,,,,,,,,Iron & Steel Producers,EM-IS,Metals & Mining,EM.3,Extractives & Minerals Processing,EM,3443,Fabricated Plate Work (Boiler Shops) (fabricated plate work and metal weldments),2511 | 2512 | 2513 | 2816 | 2823 | 3011,"Manufacture of structural metal products | Manufacture of tanks, reservoirs and containers of metal | Manufacture of steam generators, except central heating hot water boilers | Manufacture of lifting and handling equipment | Manufacture of machinery for metallurgy | Building of ships and floating structures",30.11 | 25.11 | 25.12 | 25.21 | 25.29 | 25.3 | 28.22 | 28.91,"Building of ships and floating structures | Manufacture of metal structures and parts of structures | Manufacture of doors and windows of metal | Manufacture of central heating radiators and boilers | Manufacture of other tanks, reservoirs and containers of metal | Manufacture of steam generators, except central heating hot water boilers | Manufacture of lifting and handling equipment | Manufacture of machinery for metallurgy",2021-08-22 18:17:46,2024-12-02 09:20:17,2,"Kessler Metallverarbeitung, legally known as Kessler Metallverarbeitung e.K., is a company based in Langenlonsheim-Stromberg, Rhineland-Palatinate. The company is owned by Ulrich Kessler.",Metalworking | Metal Processing,Active,kessler-metallverarbeitung.de,kessler-metallverarbeitung.de,151965,modelled,1,extracted,2,17179881937
17179901866,RS#1 - die moderne Torhüterschule,,RS#1 - die moderne Torhüterschule,CH,Switzerland,Basel-City,,Basel,4058,Landauerstrasse,42,47.5640821,7.6289064,"Landauerstrasse 42, 4058 Basel, Switzerland","CH, Switzerland, Basel-City, Basel, 4058, Landauerstrasse, 42, 47.5640821, 7.6289064",,,,,,,,,,,,,,,,,,+41797031806,+41797031806,,,,http://www.rsnumber1.ch/&opi=79508299&sa=U&ved=0ahUKEwial5jIxuqFAxXYfKQEHS3sBBEQ61gIFCgQ&usg=AOvVaw3ReHQHZYl4o3hW4FZan-bB,rsnumber1.ch,ch,,,,,,,,,,,,,,,,,,,,,,,2023-06-27 15:14:15.346,2024-04-30 21:32:55.407,,"RS#1 - die moderne Torhüterschule is a sports school located in Basel, Switzerland.",Online Courses | Bathroom Facilities | Sports and Recreation Instruction | Onsite Services | Wheelchair Accessible Seating | Wheelchair Accessible Parking Lot,Active,rsnumber1.ch,rsnumber1.ch,,,,,,17179880488
17179901901,Handyman Helpline,,Handyman Helpline,GB,United Kingdom,England,Great Hale,Sleaford,NG34 9GX,The Paddocks,9,52.9696176,-0.2901582,"9 The Paddocks, Great Hale, Sleaford NG34 9GX, United Kingdom","GB, United Kingdom, England, Sleaford, NG34 9GX, The Paddocks, 9, 52.9696176, -0.2901582",1,Private,,,"Handyman Helpline is a handyman services company based in Sleaford, United Kingdom.",,,Services,Professional Services,Residential Remodelers,236118,Residential Remodelers,,,Handyman Services,General Contractors & Heavy Construction,Construction,+441529461415,+441529461415,,,,https://www.lincolnshire-handyman.co.uk/handyman-in-sleaford/?opi=79508299&sa=U&ved=0ahUKEwj84Y-lk_aKAxUV-LsIHatGIjwQ61gIFigS&usg=AOvVaw1EwLihrniPa1ihpjBguATU,lincolnshire-handyman.co.uk,co.uk,,,,,,,,,,,,,,,,,1521 | 1522 | 1531 | 8741,General Contractors - Single-Family Houses (remodeling contractors) | General Contractors - Residential Buildings Other Than Single-Family (remodeling contractors) | Operative Builders (residential operative remodelers) | Management Services (residential remodeling construction management),4100,Construction of buildings,41.1 | 41.2,Development of building projects | Construction of residential and non-residential buildings,2023-04-26 14:06:12.291,2025-01-15 18:11:26.732,,"The Handyman Helpline is a business categorized under handyman services. It is located in Sleaford, England, United Kingdom. The company operates at lincolnshire-handyman.co.uk and is associated with the Lincolshire Handyman Services.",H Services Provider | Handyman Services,Active,,,,,,,,17179872862
17179901917,Carapac,,Carapac,AU,Australia,New South Wales,Macdonaldtown,Sydney,2015,Mandible Street,13-21,-33.9046712,151.1999846,"13-21 Mandible St, Alexandria NSW 2015, Australia","AU, Australia, New South Wales, Sydney, 2015, Mandible Street, 13-21, -33.9046712, 151.1999846",1,Private,,,"Carapac is a packing & crating company based in Sydney, Australia.","Carapac has developed a world leading zero-waste sustainable method to break down these crustacean shells. Carapac has developed the technology to make sustainable soft plastic alternatives you can trust, out of crustacean shell waste. Our founders have a passion for the plastic problem and strayed away from what was already available in the market in search of a product with a short breakdown time. Our mission to find a more sustainable material base led us to crustacean shells, an abundant, nutrient rich waste source. Carapac is developing a soft plastic alternative. Our team is working to align our product developments and market analysis in order to find product applications that will have the most impact. As more and more people are hearing about us, we are receiving product requests from different industries. Carapac's current focus is on snack packaging, herb sleeves, meal kit packaging and camping/outdoor lifestyle applications. We call our material the first negative waste material, which is a step up from zero waste.",Soft Plastics | Shelf Life | Frozen Food Processing | Plastic Package | Alternative Packaging | Marketing Analysis | Frozen Foods | Waste Materials | Meal Kits | Home Composting | Plastic Pollution | Plastic Waste | Environmentally Friendly | Agricultural Chemicals | Food Waste | Environmental Science | Natural Environment | Curbside Recycling | Garbage Truck | Agriculture | Microplastics | Government Representatives | Business Leads | Nitrogen Fertilizers | Outdoors & Lifestyle | Coastal Walks | Humpback Whales | Fresh Foods | Coral Reefs | Public Health | Seafood Dishes,Manufacturing,Capital Products,Packing & Sealing Devices & Materials,326160,Plastics Bottle Manufacturing,,,Packing & Crating,Containers & Packaging,Other Capital Goods,+61477089258,+61477089258,kimberly@carapac.co,,,https://carapac.co/,carapac.co,co,en,https://www.facebook.com/carapac.au/,,https://www.instagram.com/carapac_official/,https://www.linkedin.com/company/carapac,,,,,,Containers & Packaging,RT-CP,Industrials,RT.1,Resource Transformation,RT,3085,Plastics Bottles,2220,Manufacture of plastics products,22.21 | 22.22 | 22.23 | 22.29,"Manufacture of plastic plates, sheets, tubes and profiles | Manufacture of plastic packing goods | Manufacture of builders’ ware of plastic | Manufacture of other plastic products",2019-11-24 11:23:20,2024-12-03 06:28:21,5,"Carapac is a company based in Sydney, New South Wales, specializing in sustainable packaging solutions. Founded by Michelle Demers, Jared Wood, and Kimberly Bolton, Carapac focuses on converting crustacean shell waste into biodegradable plastic alternatives. The company's mission is to reduce single-use plastic waste and address the environmental impact of plastic pollution. Carapac's packaging materials are designed to be compostable and biodegradable, with a focus on extending product shelf life and preventing mold growth. The company aims to replace more than 12.5 million tons of plastic waste annually, contributing to the reduction of plastic pollution and environmental degradation.",Environmentally Friendly Solutions | Food Waste Utilization | Crustacean Shell Waste | Sustainable Packaging Solutions | Environmentally Friendly Alternative to Soft Plastics | Methane Elimination | Eco-friendly and Zero-waste Approach,Active,carapac.com.au | carapac.co,carapac.com.au | carapac.co,4870040,modelled,15,modelled,5,17179872182
17179901925,Winn-Marion Companies,,Winn-Marion Companies,US,United States,Colorado,,Centennial,80112,South Blackhawk Street,7151,39.58470601154623,-104.82501600059044,"7151 s blackhawk st, centennial, co 80112","US, United States, Colorado, Centennial, 80112, South Blackhawk Street, 7151, 39.58470601154623, -104.82501600059044",,,,,,,,,,,,,,,,,,,,,,,,,,,https://www.facebook.com/winnmarion/,,,,,,,,,,,,,,,,,,,,,2022-06-08 10:11:18.185,2023-08-11 04:52:35.442,,,,Active,,,,,,,,17179871558
17179902031,ENT and Allergy Associates of South Georgia,,ENT and Allergy Associates of South Georgia,US,United States,Georgia,,Valdosta,31602,North Patterson Street,2910,30.869647834462736,-83.29049735548125,"2910 N Patterson St, Valdosta, Georgia, 31602-1720, United States","US, United States, Georgia, Valdosta, 31602, North Patterson Street, 2910, 30.869647834462736, -83.29049735548125",1,Private,,,"ENT and Allergy Associates of South Georgia is a ENT clinic based in Valdosta, Georgia, United States.","We are three otolaryngologists certified by the American Board of Otolaryngology-Head and Neck Surgery who provide the full range of medical and surgical treatment of ear, nose, throat, and allergy diseases. We provide allergy testing and administration of immunotherapy as well as audiology services on site.","Hospital Care | Audiology Services | Ear, Nose & Throat Ent | Medical & Surgical | Health Care & Hospital | Head & Neck Surgery",Services,Consumer Services,Clinics,621111,Offices of Physicians (except Mental Health Specialists),,,ENT Specialists,Hospitals & Clinics,Health Care & Social Assistance,+12292442562,+12292442562,,,,,,,,https://facebook.com/ENT-and-Allergy-Associates-of-South-Georgia/195633547159493,,,http://www.linkedin.com/company/ent-and-allergy-associates-of-south-georgia,,,,,,,,,,,,8031 | 8011,"Offices and Clinics of Doctors of Osteopathy (except mental health specialists) | Offices and Clinics of Doctors of Medicine (except mental health specialists, HMO medical centers, and ambulatory surgical and emergency centers)",8620,Medical and dental practice activities,86.22 | 86.23 | 86.21,Specialist medical practice activities | Dental practice activities | General medical practice activities,2022-12-04 22:37:05.945,2024-11-28 16:46:55.632,,"The company is a group of three otolaryngologists certified by the American Board of Otolaryungology-Head and Neck Surgery. They offer a comprehensive range of medical and surgical treatments for ear, nose, throat, and allergy diseases. Additionally, they provide allergy testing, immunotherapy administration, and audiology services on-site.","Audiology Services | Immunotherapy Treatment | Healthcare Services | Allergy Tests | Ear, Nose, and Throat Treatments | Surgical Treatments | Otolaries & Surgeons",Active,,,15800000,extracted,3,extracted,,17179871155
17179902262,Max Clean Laundry,,Max Clean Laundry,IN,India,Karnataka,,Bengaluru,560084,,,,,"Bangalore, India, 560084","IN, India, Karnataka, Bengaluru, 560084, , , 13.004982851480637, 77.62430942050113",,,,,,,,,,,,,,,,,,,,,,,https://www.maxcleanlaundry.in/,maxcleanlaundry.in,in,,,,https://www.instagram.com/maxcleanlaundry_/,,,,,,,,,,,,,,,,,,,2024-07-18 07:36:17.908,2024-07-18 07:36:17.908,,,,Active,,,,,,,,17179871833
17179902422,Atlas Medical Center,,Atlas Medical Center,QA,Qatar,Al Wakrah,,Al Wakrah,,,,,,"Doha, Qatar","QA, Qatar, Al Wakrah, Al Wakrah, , , , 25.210843999999998, 51.5787305",1,Private,,,"Atlas Medical Center is a surgeons & physicians clinic based in Al Wakrah, Qatar.","Atlas Medical Center commenced operations in 2011 and is managed under Doha Healthcare Group. We offer consultations and treatments in all major medical and dental Specialties, Lab investigations / tests, Radiology (X-ray, CT) and Pharmacy The clinic has direct billing agreements with several major Health Insurance providers. Additionally Please find; For Laboratory-related inquiries - lab.amc@dohahealthcare.com For Customer Experience Feedback or Suggestions - prm@dohahealthcare.com For Appointment Registration inquiries - cso.amc@dohahealthcare com OR sca.amc@dohahealthcare.com For Business Development queries - marketing@dohahealthcare.com",,Services,Consumer Services,General Hospitals,622110,General Medical and Surgical Hospitals,,,Clinics - Surgeons & Physicians,Hospitals & Clinics,Health Care & Social Assistance,+97444153222,+97444153222,,,,https://www.dhcgroup.qa/,dhcgroup.qa,qa,,https://www.facebook.com/atlasmedicalcenterqatar/,,https://www.instagram.com/atlasmedicalcenterqatar/,,,,,,,,,,,,,8062 | 8069,"General Medical and Surgical Hospitals | Specialty Hospitals, Except Psychiatric (children’s hospitals)",8610,Hospital activities,86.1,Hospital activities,2021-06-07 21:25:38,2024-08-22 13:57:53.509,,"The Atlas Medical Center is a healthcare facility located in Al Wakrah, Qatar. It operates as a medical center, child health care center, and pharmacy.",Pharmacy Services | Medical Facilities Service | Medical Clinic | Child Health Care,Active,,,,,,,,17179874952
